video_id,image,class,occluded
V001,V001__V001_2022-05-19_10-14.mp4#t=114.933333.jpg,2-wheeler,False
V001,V001__V001_2022-05-19_10-14.mp4#t=114.933333.jpg,2-wheeler,False
V001,V001__V001_2022-05-19_10-14.mp4#t=114.933333.jpg,2-wheeler,False
V001,V001__V001_2022-05-19_10-14.mp4#t=114.933333.jpg,2-wheeler,False
V001,V001__V001_2022-05-19_10-14.mp4#t=114.933333.jpg,4-wheeler,False
V001,V001__V001_2022-05-19_10-14.mp4#t=114.933333.jpg,2-wheeler,False
V001,V001__V001_2022-05-19_10-14.mp4#t=114.933333.jpg,2-wheeler,False
V001,V001__V001_2022-05-19_10-14.mp4#t=114.933333.jpg,2-wheeler,False
V001,V001__V001_2022-05-19_10-14.mp4#t=114.933333.jpg,2-wheeler,False
V001,V001__V001_2022-05-19_10-14.mp4#t=114.933333.jpg,2-wheeler,False
V001,V001__V001_2022-05-19_10-14.mp4#t=114.933333.jpg,2-wheeler,False
V001,V001__V001_2022-05-19_10-14.mp4#t=113.133333.jpg,2-wheeler,False
V001,V001__V001_2022-05-19_10-14.mp4#t=113.133333.jpg,2-wheeler,False
V001,V001__V001_2022-05-19_10-14.mp4#t=113.133333.jpg,2-wheeler,False
V001,V001__V001_2022-05-19_10-14.mp4#t=113.133333.jpg,2-wheeler,False
V001,V001__V001_2022-05-19_10-14.mp4#t=113.133333.jpg,2-wheeler,False
V001,V001__V001_2022-05-19_10-14.mp4#t=113.133333.jpg,2-wheeler,False
V001,V001__V001_2022-05-19_10-14.mp4#t=113.133333.jpg,4-wheeler,True
V001,V001__V001_2022-05-19_10-14.mp4#t=111.466667.jpg,2-wheeler,False
V001,V001__V001_2022-05-19_10-14.mp4#t=111.466667.jpg,3-wheeler,True
V001,V001__V001_2022-05-19_10-14.mp4#t=111.466667.jpg,3-wheeler,True
V001,V001__V001_2022-05-19_10-14.mp4#t=111.466667.jpg,pedestrian,False
V001,V001__V001_2022-05-19_10-14.mp4#t=111.466667.jpg,2-wheeler,False
V001,V001__V001_2022-05-19_10-14.mp4#t=111.466667.jpg,2-wheeler,False
V001,V001__V001_2022-05-19_10-14.mp4#t=111.466667.jpg,2-wheeler,False
V001,V001__V001_2022-05-19_10-14.mp4#t=111.466667.jpg,2-wheeler,False
V001,V001__V001_2022-05-19_10-14.mp4#t=111.466667.jpg,4-wheeler,True
V001,V001__V001_2022-05-19_10-14.mp4#t=108.733333.jpg,2-wheeler,False
V001,V001__V001_2022-05-19_10-14.mp4#t=108.733333.jpg,2-wheeler,False
V001,V001__V001_2022-05-19_10-14.mp4#t=108.733333.jpg,3-wheeler,False
V001,V001__V001_2022-05-19_10-14.mp4#t=108.733333.jpg,2-wheeler,False
V001,V001__V001_2022-05-19_10-14.mp4#t=108.733333.jpg,2-wheeler,False
V001,V001__V001_2022-05-19_10-14.mp4#t=108.733333.jpg,4-wheeler,False
V001,V001__V001_2022-05-19_10-14.mp4#t=108.733333.jpg,2-wheeler,True
V001,V001__V001_2022-05-19_10-14.mp4#t=105.466667.jpg,2-wheeler,False
V001,V001__V001_2022-05-19_10-14.mp4#t=105.466667.jpg,2-wheeler,False
V001,V001__V001_2022-05-19_10-14.mp4#t=105.466667.jpg,2-wheeler,False
V001,V001__V001_2022-05-19_10-14.mp4#t=105.466667.jpg,4-wheeler,False
V001,V001__V001_2022-05-19_10-14.mp4#t=105.466667.jpg,2-wheeler,True
V001,V001__V001_2022-05-19_10-14.mp4#t=103.066667.jpg,4-wheeler,True
V001,V001__V001_2022-05-19_10-14.mp4#t=103.066667.jpg,2-wheeler,False
V001,V001__V001_2022-05-19_10-14.mp4#t=103.066667.jpg,2-wheeler,False
V001,V001__V001_2022-05-19_10-14.mp4#t=103.066667.jpg,2-wheeler,False
V001,V001__V001_2022-05-19_10-14.mp4#t=103.066667.jpg,2-wheeler,False
V001,V001__V001_2022-05-19_10-14.mp4#t=103.066667.jpg,2-wheeler,False
V001,V001__V001_2022-05-19_10-14.mp4#t=103.066667.jpg,4-wheeler,False
V001,V001__V001_2022-05-19_10-14.mp4#t=103.066667.jpg,2-wheeler,False
V001,V001__V001_2022-05-19_10-14.mp4#t=100.6.jpg,2-wheeler,True
V001,V001__V001_2022-05-19_10-14.mp4#t=100.6.jpg,2-wheeler,False
V001,V001__V001_2022-05-19_10-14.mp4#t=100.6.jpg,2-wheeler,False
V001,V001__V001_2022-05-19_10-14.mp4#t=100.6.jpg,3-wheeler,False
V001,V001__V001_2022-05-19_10-14.mp4#t=100.6.jpg,2-wheeler,False
V001,V001__V001_2022-05-19_10-14.mp4#t=100.6.jpg,4-wheeler,False
V001,V001__V001_2022-05-19_10-14.mp4#t=100.6.jpg,2-wheeler,False
V001,V001__V001_2022-05-19_10-14.mp4#t=100.6.jpg,3-wheeler,True
V001,V001__V001_2022-05-19_10-14.mp4#t=98.733333.jpg,2-wheeler,False
V001,V001__V001_2022-05-19_10-14.mp4#t=98.733333.jpg,3-wheeler,False
V001,V001__V001_2022-05-19_10-14.mp4#t=98.733333.jpg,2-wheeler,False
V001,V001__V001_2022-05-19_10-14.mp4#t=98.733333.jpg,4-wheeler,False
V001,V001__V001_2022-05-19_10-14.mp4#t=98.733333.jpg,2-wheeler,False
V001,V001__V001_2022-05-19_10-14.mp4#t=96.6.jpg,2-wheeler,False
V001,V001__V001_2022-05-19_10-14.mp4#t=96.6.jpg,3-wheeler,False
V001,V001__V001_2022-05-19_10-14.mp4#t=96.6.jpg,3-wheeler,False
V001,V001__V001_2022-05-19_10-14.mp4#t=96.6.jpg,4-wheeler,True
V001,V001__V001_2022-05-19_10-14.mp4#t=96.6.jpg,2-wheeler,False
V001,V001__V001_2022-05-19_10-14.mp4#t=96.6.jpg,2-wheeler,False
V001,V001__V001_2022-05-19_10-14.mp4#t=96.6.jpg,4-wheeler,True
V001,V001__V001_2022-05-19_10-14.mp4#t=94.666667.jpg,2-wheeler,True
V001,V001__V001_2022-05-19_10-14.mp4#t=94.666667.jpg,2-wheeler,False
V001,V001__V001_2022-05-19_10-14.mp4#t=94.666667.jpg,2-wheeler,False
V001,V001__V001_2022-05-19_10-14.mp4#t=94.666667.jpg,3-wheeler,False
V001,V001__V001_2022-05-19_10-14.mp4#t=94.666667.jpg,2-wheeler,False
V001,V001__V001_2022-05-19_10-14.mp4#t=94.666667.jpg,3-wheeler,False
V001,V001__V001_2022-05-19_10-14.mp4#t=94.666667.jpg,2-wheeler,False
V001,V001__V001_2022-05-19_10-14.mp4#t=94.666667.jpg,2-wheeler,False
V001,V001__V001_2022-05-19_10-14.mp4#t=94.666667.jpg,3-wheeler,True
V001,V001__V001_2022-05-19_10-14.mp4#t=90.4.jpg,4-wheeler,False
V001,V001__V001_2022-05-19_10-14.mp4#t=90.4.jpg,4-wheeler,False
V001,V001__V001_2022-05-19_10-14.mp4#t=90.4.jpg,2-wheeler,False
V001,V001__V001_2022-05-19_10-14.mp4#t=90.4.jpg,4-wheeler,False
V001,V001__V001_2022-05-19_10-14.mp4#t=90.4.jpg,2-wheeler,False
V001,V001__V001_2022-05-19_10-14.mp4#t=90.4.jpg,pedestrian,False
V001,V001__V001_2022-05-19_10-14.mp4#t=90.4.jpg,4-wheeler,True
V001,V001__V001_2022-05-19_10-14.mp4#t=90.4.jpg,2-wheeler,True
V001,V001__V001_2022-05-19_10-14.mp4#t=88.933333.jpg,2-wheeler,False
V001,V001__V001_2022-05-19_10-14.mp4#t=88.933333.jpg,4-wheeler,False
V001,V001__V001_2022-05-19_10-14.mp4#t=88.933333.jpg,4-wheeler,False
V001,V001__V001_2022-05-19_10-14.mp4#t=88.933333.jpg,4-wheeler,False
V001,V001__V001_2022-05-19_10-14.mp4#t=88.933333.jpg,2-wheeler,False
V001,V001__V001_2022-05-19_10-14.mp4#t=88.933333.jpg,pedestrian,False
V001,V001__V001_2022-05-19_10-14.mp4#t=88.933333.jpg,2-wheeler,True
V001,V001__V001_2022-05-19_10-14.mp4#t=87.733333.jpg,2-wheeler,False
V001,V001__V001_2022-05-19_10-14.mp4#t=87.733333.jpg,2-wheeler,False
V001,V001__V001_2022-05-19_10-14.mp4#t=87.733333.jpg,2-wheeler,False
V001,V001__V001_2022-05-19_10-14.mp4#t=87.733333.jpg,2-wheeler,False
V001,V001__V001_2022-05-19_10-14.mp4#t=87.733333.jpg,4-wheeler,False
V001,V001__V001_2022-05-19_10-14.mp4#t=87.733333.jpg,4-wheeler,False
V001,V001__V001_2022-05-19_10-14.mp4#t=87.733333.jpg,2-wheeler,False
V001,V001__V001_2022-05-19_10-14.mp4#t=87.733333.jpg,2-wheeler,True
V001,V001__V001_2022-05-19_10-14.mp4#t=85.8.jpg,2-wheeler,False
V001,V001__V001_2022-05-19_10-14.mp4#t=85.8.jpg,2-wheeler,False
V001,V001__V001_2022-05-19_10-14.mp4#t=85.8.jpg,2-wheeler,False
V001,V001__V001_2022-05-19_10-14.mp4#t=85.8.jpg,2-wheeler,False
V001,V001__V001_2022-05-19_10-14.mp4#t=85.8.jpg,4-wheeler,False
V001,V001__V001_2022-05-19_10-14.mp4#t=83.333333.jpg,2-wheeler,False
V001,V001__V001_2022-05-19_10-14.mp4#t=83.333333.jpg,2-wheeler,False
V001,V001__V001_2022-05-19_10-14.mp4#t=83.333333.jpg,2-wheeler,False
V001,V001__V001_2022-05-19_10-14.mp4#t=83.333333.jpg,2-wheeler,False
V001,V001__V001_2022-05-19_10-14.mp4#t=83.333333.jpg,4-wheeler,True
V001,V001__V001_2022-05-19_10-14.mp4#t=83.333333.jpg,2-wheeler,False
V001,V001__V001_2022-05-19_10-14.mp4#t=83.333333.jpg,2-wheeler,False
V001,V001__V001_2022-05-19_10-14.mp4#t=82.066667.jpg,2-wheeler,True
V001,V001__V001_2022-05-19_10-14.mp4#t=82.066667.jpg,2-wheeler,False
V001,V001__V001_2022-05-19_10-14.mp4#t=82.066667.jpg,2-wheeler,False
V001,V001__V001_2022-05-19_10-14.mp4#t=82.066667.jpg,2-wheeler,False
V001,V001__V001_2022-05-19_10-14.mp4#t=82.066667.jpg,2-wheeler,False
V001,V001__V001_2022-05-19_10-14.mp4#t=82.066667.jpg,2-wheeler,False
V001,V001__V001_2022-05-19_10-14.mp4#t=82.066667.jpg,2-wheeler,False
V001,V001__V001_2022-05-19_10-14.mp4#t=82.066667.jpg,4-wheeler,True
V001,V001__V001_2022-05-19_10-14.mp4#t=80.333333.jpg,4-wheeler,True
V001,V001__V001_2022-05-19_10-14.mp4#t=80.333333.jpg,4-wheeler,False
V001,V001__V001_2022-05-19_10-14.mp4#t=80.333333.jpg,4-wheeler,False
V001,V001__V001_2022-05-19_10-14.mp4#t=80.333333.jpg,4-wheeler,False
V001,V001__V001_2022-05-19_10-14.mp4#t=80.333333.jpg,2-wheeler,False
V001,V001__V001_2022-05-19_10-14.mp4#t=80.333333.jpg,4-wheeler,True
V001,V001__V001_2022-05-19_10-14.mp4#t=80.333333.jpg,2-wheeler,False
V001,V001__V001_2022-05-19_10-14.mp4#t=80.333333.jpg,2-wheeler,False
V001,V001__V001_2022-05-19_10-14.mp4#t=79.4.jpg,2-wheeler,True
V001,V001__V001_2022-05-19_10-14.mp4#t=79.4.jpg,4-wheeler,False
V001,V001__V001_2022-05-19_10-14.mp4#t=79.4.jpg,2-wheeler,False
V001,V001__V001_2022-05-19_10-14.mp4#t=79.4.jpg,2-wheeler,False
V001,V001__V001_2022-05-19_10-14.mp4#t=79.4.jpg,4-wheeler,True
V001,V001__V001_2022-05-19_10-14.mp4#t=79.4.jpg,4-wheeler,False
V001,V001__V001_2022-05-19_10-14.mp4#t=79.4.jpg,4-wheeler,False
V001,V001__V001_2022-05-19_10-14.mp4#t=79.4.jpg,4-wheeler,False
V001,V001__V001_2022-05-19_10-14.mp4#t=79.4.jpg,2-wheeler,False
V001,V001__V001_2022-05-19_10-14.mp4#t=79.4.jpg,pedestrian,False
V001,V001__V001_2022-05-19_10-14.mp4#t=76.666667.jpg,2-wheeler,True
V001,V001__V001_2022-05-19_10-14.mp4#t=76.666667.jpg,2-wheeler,False
V001,V001__V001_2022-05-19_10-14.mp4#t=76.666667.jpg,4-wheeler,False
V001,V001__V001_2022-05-19_10-14.mp4#t=76.666667.jpg,2-wheeler,False
V001,V001__V001_2022-05-19_10-14.mp4#t=76.666667.jpg,4-wheeler,True
V001,V001__V001_2022-05-19_10-14.mp4#t=74.4.jpg,2-wheeler,False
V001,V001__V001_2022-05-19_10-14.mp4#t=74.4.jpg,2-wheeler,False
V001,V001__V001_2022-05-19_10-14.mp4#t=74.4.jpg,2-wheeler,True
V001,V001__V001_2022-05-19_10-14.mp4#t=73.333333.jpg,2-wheeler,True
V001,V001__V001_2022-05-19_10-14.mp4#t=73.333333.jpg,2-wheeler,False
V001,V001__V001_2022-05-19_10-14.mp4#t=73.333333.jpg,2-wheeler,True
V001,V001__V001_2022-05-19_10-14.mp4#t=69.733333.jpg,3-wheeler,False
V001,V001__V001_2022-05-19_10-14.mp4#t=69.733333.jpg,2-wheeler,False
V001,V001__V001_2022-05-19_10-14.mp4#t=69.733333.jpg,3-wheeler,True
V001,V001__V001_2022-05-19_10-14.mp4#t=66.466667.jpg,4-wheeler,True
V001,V001__V001_2022-05-19_10-14.mp4#t=66.466667.jpg,4-wheeler,False
V001,V001__V001_2022-05-19_10-14.mp4#t=66.466667.jpg,4-wheeler,False
V001,V001__V001_2022-05-19_10-14.mp4#t=63.333333.jpg,2-wheeler,True
V001,V001__V001_2022-05-19_10-14.mp4#t=63.333333.jpg,3-wheeler,False
V001,V001__V001_2022-05-19_10-14.mp4#t=63.333333.jpg,3-wheeler,False
V001,V001__V001_2022-05-19_10-14.mp4#t=63.333333.jpg,4-wheeler,True
V001,V001__V001_2022-05-19_10-14.mp4#t=63.333333.jpg,2-wheeler,False
V001,V001__V001_2022-05-19_10-14.mp4#t=63.333333.jpg,2-wheeler,False
V001,V001__V001_2022-05-19_10-14.mp4#t=63.333333.jpg,2-wheeler,True
V001,V001__V001_2022-05-19_10-14.mp4#t=61.333333.jpg,4-wheeler,True
V001,V001__V001_2022-05-19_10-14.mp4#t=61.333333.jpg,3-wheeler,False
V001,V001__V001_2022-05-19_10-14.mp4#t=61.333333.jpg,4-wheeler,False
V001,V001__V001_2022-05-19_10-14.mp4#t=61.333333.jpg,2-wheeler,False
V001,V001__V001_2022-05-19_10-14.mp4#t=60.2.jpg,3-wheeler,False
V001,V001__V001_2022-05-19_10-14.mp4#t=60.2.jpg,3-wheeler,False
V001,V001__V001_2022-05-19_10-14.mp4#t=60.2.jpg,2-wheeler,False
V001,V001__V001_2022-05-19_10-14.mp4#t=60.2.jpg,4-wheeler,False
V001,V001__V001_2022-05-19_10-14.mp4#t=60.2.jpg,2-wheeler,False
V001,V001__V001_2022-05-19_10-14.mp4#t=60.2.jpg,2-wheeler,False
V001,V001__V001_2022-05-19_10-14.mp4#t=60.2.jpg,3-wheeler,False
V001,V001__V001_2022-05-19_10-14.mp4#t=60.2.jpg,2-wheeler,True
V001,V001__V001_2022-05-19_10-14.mp4#t=59.2.jpg,2-wheeler,False
V001,V001__V001_2022-05-19_10-14.mp4#t=59.2.jpg,2-wheeler,False
V001,V001__V001_2022-05-19_10-14.mp4#t=59.2.jpg,2-wheeler,False
V001,V001__V001_2022-05-19_10-14.mp4#t=59.2.jpg,4-wheeler,False
V001,V001__V001_2022-05-19_10-14.mp4#t=59.2.jpg,2-wheeler,False
V001,V001__V001_2022-05-19_10-14.mp4#t=59.2.jpg,3-wheeler,False
V001,V001__V001_2022-05-19_10-14.mp4#t=59.2.jpg,2-wheeler,False
V001,V001__V001_2022-05-19_10-14.mp4#t=58.066667.jpg,3-wheeler,False
V001,V001__V001_2022-05-19_10-14.mp4#t=58.066667.jpg,2-wheeler,False
V001,V001__V001_2022-05-19_10-14.mp4#t=58.066667.jpg,2-wheeler,False
V001,V001__V001_2022-05-19_10-14.mp4#t=58.066667.jpg,2-wheeler,False
V001,V001__V001_2022-05-19_10-14.mp4#t=58.066667.jpg,2-wheeler,False
V001,V001__V001_2022-05-19_10-14.mp4#t=56.133333.jpg,2-wheeler,False
V001,V001__V001_2022-05-19_10-14.mp4#t=56.133333.jpg,2-wheeler,False
V001,V001__V001_2022-05-19_10-14.mp4#t=56.133333.jpg,2-wheeler,False
V001,V001__V001_2022-05-19_10-14.mp4#t=56.133333.jpg,2-wheeler,False
V001,V001__V001_2022-05-19_10-14.mp4#t=56.133333.jpg,2-wheeler,False
V001,V001__V001_2022-05-19_10-14.mp4#t=56.133333.jpg,2-wheeler,False
V001,V001__V001_2022-05-19_10-14.mp4#t=55.jpg,2-wheeler,False
V001,V001__V001_2022-05-19_10-14.mp4#t=55.jpg,2-wheeler,False
V001,V001__V001_2022-05-19_10-14.mp4#t=55.jpg,4-wheeler,False
V001,V001__V001_2022-05-19_10-14.mp4#t=55.jpg,2-wheeler,False
V001,V001__V001_2022-05-19_10-14.mp4#t=55.jpg,2-wheeler,False
V001,V001__V001_2022-05-19_10-14.mp4#t=55.jpg,2-wheeler,False
V001,V001__V001_2022-05-19_10-14.mp4#t=55.jpg,pedestrian,False
V001,V001__V001_2022-05-19_10-14.mp4#t=54.133333.jpg,2-wheeler,False
V001,V001__V001_2022-05-19_10-14.mp4#t=54.133333.jpg,2-wheeler,False
V001,V001__V001_2022-05-19_10-14.mp4#t=54.133333.jpg,2-wheeler,False
V001,V001__V001_2022-05-19_10-14.mp4#t=54.133333.jpg,2-wheeler,False
V001,V001__V001_2022-05-19_10-14.mp4#t=54.133333.jpg,2-wheeler,False
V001,V001__V001_2022-05-19_10-14.mp4#t=54.133333.jpg,4-wheeler,False
V001,V001__V001_2022-05-19_10-14.mp4#t=54.133333.jpg,2-wheeler,False
V001,V001__V001_2022-05-19_10-14.mp4#t=54.133333.jpg,2-wheeler,False
V001,V001__V001_2022-05-19_10-14.mp4#t=54.133333.jpg,pedestrian,False
V001,V001__V001_2022-05-19_10-14.mp4#t=52.466667.jpg,2-wheeler,False
V001,V001__V001_2022-05-19_10-14.mp4#t=52.466667.jpg,3-wheeler,False
V001,V001__V001_2022-05-19_10-14.mp4#t=52.466667.jpg,2-wheeler,False
V001,V001__V001_2022-05-19_10-14.mp4#t=52.466667.jpg,2-wheeler,False
V001,V001__V001_2022-05-19_10-14.mp4#t=52.466667.jpg,2-wheeler,False
V001,V001__V001_2022-05-19_10-14.mp4#t=52.466667.jpg,2-wheeler,False
V001,V001__V001_2022-05-19_10-14.mp4#t=52.466667.jpg,4-wheeler,False
V001,V001__V001_2022-05-19_10-14.mp4#t=52.466667.jpg,2-wheeler,False
V001,V001__V001_2022-05-19_10-14.mp4#t=51.4.jpg,3-wheeler,True
V001,V001__V001_2022-05-19_10-14.mp4#t=51.4.jpg,2-wheeler,False
V001,V001__V001_2022-05-19_10-14.mp4#t=51.4.jpg,2-wheeler,False
V001,V001__V001_2022-05-19_10-14.mp4#t=51.4.jpg,2-wheeler,False
V001,V001__V001_2022-05-19_10-14.mp4#t=50.4.jpg,2-wheeler,False
V001,V001__V001_2022-05-19_10-14.mp4#t=50.4.jpg,2-wheeler,False
V001,V001__V001_2022-05-19_10-14.mp4#t=50.4.jpg,2-wheeler,False
V001,V001__V001_2022-05-19_10-14.mp4#t=50.4.jpg,2-wheeler,False
V001,V001__V001_2022-05-19_10-14.mp4#t=50.4.jpg,4-wheeler,True
V001,V001__V001_2022-05-19_10-14.mp4#t=48.866667.jpg,2-wheeler,False
V001,V001__V001_2022-05-19_10-14.mp4#t=48.866667.jpg,2-wheeler,False
V001,V001__V001_2022-05-19_10-14.mp4#t=48.866667.jpg,2-wheeler,False
V001,V001__V001_2022-05-19_10-14.mp4#t=46.533333.jpg,3-wheeler,True
V001,V001__V001_2022-05-19_10-14.mp4#t=46.533333.jpg,2-wheeler,False
V001,V001__V001_2022-05-19_10-14.mp4#t=46.533333.jpg,3-wheeler,False
V001,V001__V001_2022-05-19_10-14.mp4#t=46.533333.jpg,2-wheeler,False
V001,V001__V001_2022-05-19_10-14.mp4#t=46.533333.jpg,2-wheeler,False
V001,V001__V001_2022-05-19_10-14.mp4#t=44.533333.jpg,3-wheeler,False
V001,V001__V001_2022-05-19_10-14.mp4#t=44.533333.jpg,2-wheeler,False
V001,V001__V001_2022-05-19_10-14.mp4#t=44.533333.jpg,2-wheeler,False
V001,V001__V001_2022-05-19_10-14.mp4#t=44.533333.jpg,2-wheeler,False
V001,V001__V001_2022-05-19_10-14.mp4#t=42.466667.jpg,4-wheeler,True
V001,V001__V001_2022-05-19_10-14.mp4#t=42.466667.jpg,2-wheeler,False
V001,V001__V001_2022-05-19_10-14.mp4#t=42.466667.jpg,3-wheeler,False
V001,V001__V001_2022-05-19_10-14.mp4#t=42.466667.jpg,3-wheeler,False
V001,V001__V001_2022-05-19_10-14.mp4#t=42.466667.jpg,2-wheeler,False
V001,V001__V001_2022-05-19_10-14.mp4#t=40.933333.jpg,2-wheeler,False
V001,V001__V001_2022-05-19_10-14.mp4#t=40.933333.jpg,2-wheeler,False
V001,V001__V001_2022-05-19_10-14.mp4#t=40.933333.jpg,2-wheeler,False
V001,V001__V001_2022-05-19_10-14.mp4#t=40.933333.jpg,4-wheeler,False
V001,V001__V001_2022-05-19_10-14.mp4#t=40.933333.jpg,3-wheeler,False
V001,V001__V001_2022-05-19_10-14.mp4#t=39.266667.jpg,3-wheeler,False
V001,V001__V001_2022-05-19_10-14.mp4#t=39.266667.jpg,3-wheeler,False
V001,V001__V001_2022-05-19_10-14.mp4#t=39.266667.jpg,2-wheeler,False
V001,V001__V001_2022-05-19_10-14.mp4#t=37.666667.jpg,4-wheeler,False
V001,V001__V001_2022-05-19_10-14.mp4#t=37.666667.jpg,2-wheeler,False
V001,V001__V001_2022-05-19_10-14.mp4#t=37.666667.jpg,2-wheeler,False
V001,V001__V001_2022-05-19_10-14.mp4#t=37.666667.jpg,3-wheeler,False
V001,V001__V001_2022-05-19_10-14.mp4#t=37.666667.jpg,3-wheeler,False
V001,V001__V001_2022-05-19_10-14.mp4#t=36.066667.jpg,4-wheeler,False
V001,V001__V001_2022-05-19_10-14.mp4#t=36.066667.jpg,2-wheeler,False
V001,V001__V001_2022-05-19_10-14.mp4#t=36.066667.jpg,2-wheeler,False
V001,V001__V001_2022-05-19_10-14.mp4#t=36.066667.jpg,2-wheeler,False
V001,V001__V001_2022-05-19_10-14.mp4#t=36.066667.jpg,2-wheeler,False
V001,V001__V001_2022-05-19_10-14.mp4#t=36.066667.jpg,2-wheeler,False
V001,V001__V001_2022-05-19_10-14.mp4#t=36.066667.jpg,3-wheeler,False
V001,V001__V001_2022-05-19_10-14.mp4#t=33.866667.jpg,4-wheeler,True
V001,V001__V001_2022-05-19_10-14.mp4#t=33.866667.jpg,4-wheeler,False
V001,V001__V001_2022-05-19_10-14.mp4#t=33.866667.jpg,2-wheeler,False
V001,V001__V001_2022-05-19_10-14.mp4#t=33.866667.jpg,2-wheeler,False
V001,V001__V001_2022-05-19_10-14.mp4#t=33.866667.jpg,3-wheeler,False
V001,V001__V001_2022-05-19_10-14.mp4#t=33.866667.jpg,3-wheeler,False
V001,V001__V001_2022-05-19_10-14.mp4#t=33.866667.jpg,2-wheeler,False
V001,V001__V001_2022-05-19_10-14.mp4#t=32.6.jpg,3-wheeler,False
V001,V001__V001_2022-05-19_10-14.mp4#t=32.6.jpg,2-wheeler,False
V001,V001__V001_2022-05-19_10-14.mp4#t=32.6.jpg,3-wheeler,False
V001,V001__V001_2022-05-19_10-14.mp4#t=32.6.jpg,2-wheeler,False
V001,V001__V001_2022-05-19_10-14.mp4#t=31.066667.jpg,2-wheeler,False
V001,V001__V001_2022-05-19_10-14.mp4#t=31.066667.jpg,3-wheeler,False
V001,V001__V001_2022-05-19_10-14.mp4#t=31.066667.jpg,2-wheeler,False
V001,V001__V001_2022-05-19_10-14.mp4#t=31.066667.jpg,3-wheeler,False
V001,V001__V001_2022-05-19_10-14.mp4#t=31.066667.jpg,2-wheeler,False
V001,V001__V001_2022-05-19_10-14.mp4#t=31.066667.jpg,2-wheeler,False
V001,V001__V001_2022-05-19_10-14.mp4#t=31.066667.jpg,pedestrian,False
V001,V001__V001_2022-05-19_10-14.mp4#t=29.466667.jpg,3-wheeler,False
V001,V001__V001_2022-05-19_10-14.mp4#t=29.466667.jpg,4-wheeler,False
V001,V001__V001_2022-05-19_10-14.mp4#t=29.466667.jpg,2-wheeler,False
V001,V001__V001_2022-05-19_10-14.mp4#t=29.466667.jpg,2-wheeler,False
V001,V001__V001_2022-05-19_10-14.mp4#t=29.466667.jpg,pedestrian,False
V001,V001__V001_2022-05-19_10-14.mp4#t=26.4.jpg,pedestrian,False
V001,V001__V001_2022-05-19_10-14.mp4#t=26.4.jpg,4-wheeler,False
V001,V001__V001_2022-05-19_10-14.mp4#t=26.4.jpg,2-wheeler,False
V001,V001__V001_2022-05-19_10-14.mp4#t=26.4.jpg,2-wheeler,False
V001,V001__V001_2022-05-19_10-14.mp4#t=26.4.jpg,2-wheeler,True
V001,V001__V001_2022-05-19_10-14.mp4#t=24.666667.jpg,3-wheeler,False
V001,V001__V001_2022-05-19_10-14.mp4#t=24.666667.jpg,4-wheeler,False
V001,V001__V001_2022-05-19_10-14.mp4#t=24.666667.jpg,2-wheeler,False
V001,V001__V001_2022-05-19_10-14.mp4#t=24.666667.jpg,3-wheeler,False
V001,V001__V001_2022-05-19_10-14.mp4#t=24.666667.jpg,2-wheeler,False
V001,V001__V001_2022-05-19_10-14.mp4#t=24.666667.jpg,2-wheeler,True
V001,V001__V001_2022-05-19_10-14.mp4#t=22.866667.jpg,2-wheeler,False
V001,V001__V001_2022-05-19_10-14.mp4#t=22.866667.jpg,2-wheeler,False
V001,V001__V001_2022-05-19_10-14.mp4#t=22.866667.jpg,2-wheeler,False
V001,V001__V001_2022-05-19_10-14.mp4#t=22.866667.jpg,3-wheeler,False
V001,V001__V001_2022-05-19_10-14.mp4#t=22.866667.jpg,2-wheeler,False
V001,V001__V001_2022-05-19_10-14.mp4#t=21.2.jpg,2-wheeler,False
V001,V001__V001_2022-05-19_10-14.mp4#t=21.2.jpg,2-wheeler,False
V001,V001__V001_2022-05-19_10-14.mp4#t=21.2.jpg,2-wheeler,False
V001,V001__V001_2022-05-19_10-14.mp4#t=21.2.jpg,2-wheeler,False
V001,V001__V001_2022-05-19_10-14.mp4#t=21.2.jpg,3-wheeler,False
V001,V001__V001_2022-05-19_10-14.mp4#t=21.2.jpg,2-wheeler,True
V001,V001__V001_2022-05-19_10-14.mp4#t=20.jpg,2-wheeler,False
V001,V001__V001_2022-05-19_10-14.mp4#t=20.jpg,2-wheeler,False
V001,V001__V001_2022-05-19_10-14.mp4#t=20.jpg,2-wheeler,False
V001,V001__V001_2022-05-19_10-14.mp4#t=20.jpg,2-wheeler,False
V001,V001__V001_2022-05-19_10-14.mp4#t=20.jpg,2-wheeler,True
V001,V001__V001_2022-05-19_10-14.mp4#t=20.jpg,3-wheeler,False
V001,V001__V001_2022-05-19_10-14.mp4#t=18.4.jpg,3-wheeler,False
V001,V001__V001_2022-05-19_10-14.mp4#t=18.4.jpg,2-wheeler,False
V001,V001__V001_2022-05-19_10-14.mp4#t=18.4.jpg,2-wheeler,False
V001,V001__V001_2022-05-19_10-14.mp4#t=18.4.jpg,2-wheeler,False
V001,V001__V001_2022-05-19_10-14.mp4#t=18.4.jpg,2-wheeler,False
V001,V001__V001_2022-05-19_10-14.mp4#t=18.4.jpg,3-wheeler,False
V001,V001__V001_2022-05-19_10-14.mp4#t=16.466667.jpg,2-wheeler,False
V001,V001__V001_2022-05-19_10-14.mp4#t=16.466667.jpg,3-wheeler,False
V001,V001__V001_2022-05-19_10-14.mp4#t=16.466667.jpg,3-wheeler,False
V001,V001__V001_2022-05-19_10-14.mp4#t=16.466667.jpg,pedestrian,False
V001,V001__V001_2022-05-19_10-14.mp4#t=16.466667.jpg,2-wheeler,False
V001,V001__V001_2022-05-19_10-14.mp4#t=16.466667.jpg,2-wheeler,False
V001,V001__V001_2022-05-19_10-14.mp4#t=14.8.jpg,2-wheeler,False
V001,V001__V001_2022-05-19_10-14.mp4#t=14.8.jpg,2-wheeler,True
V001,V001__V001_2022-05-19_10-14.mp4#t=14.8.jpg,4-wheeler,False
V001,V001__V001_2022-05-19_10-14.mp4#t=14.8.jpg,2-wheeler,False
V001,V001__V001_2022-05-19_10-14.mp4#t=14.8.jpg,3-wheeler,False
V001,V001__V001_2022-05-19_10-14.mp4#t=13.533333.jpg,2-wheeler,False
V001,V001__V001_2022-05-19_10-14.mp4#t=13.533333.jpg,2-wheeler,False
V001,V001__V001_2022-05-19_10-14.mp4#t=13.533333.jpg,2-wheeler,False
V001,V001__V001_2022-05-19_10-14.mp4#t=13.533333.jpg,3-wheeler,False
V001,V001__V001_2022-05-19_10-14.mp4#t=13.533333.jpg,2-wheeler,False
V001,V001__V001_2022-05-19_10-14.mp4#t=13.533333.jpg,2-wheeler,False
V001,V001__V001_2022-05-19_10-14.mp4#t=13.533333.jpg,3-wheeler,False
V001,V001__V001_2022-05-19_10-14.mp4#t=13.533333.jpg,3-wheeler,True
V001,V001__V001_2022-05-19_10-14.mp4#t=12.266667.jpg,3-wheeler,True
V001,V001__V001_2022-05-19_10-14.mp4#t=12.266667.jpg,2-wheeler,False
V001,V001__V001_2022-05-19_10-14.mp4#t=12.266667.jpg,2-wheeler,False
V001,V001__V001_2022-05-19_10-14.mp4#t=12.266667.jpg,2-wheeler,False
V001,V001__V001_2022-05-19_10-14.mp4#t=12.266667.jpg,2-wheeler,False
V001,V001__V001_2022-05-19_10-14.mp4#t=12.266667.jpg,3-wheeler,False
V001,V001__V001_2022-05-19_10-14.mp4#t=12.266667.jpg,2-wheeler,False
V001,V001__V001_2022-05-19_10-14.mp4#t=12.266667.jpg,3-wheeler,False
V001,V001__V001_2022-05-19_10-14.mp4#t=12.266667.jpg,2-wheeler,False
V001,V001__V001_2022-05-19_10-14.mp4#t=10.466667.jpg,3-wheeler,True
V001,V001__V001_2022-05-19_10-14.mp4#t=10.466667.jpg,3-wheeler,False
V001,V001__V001_2022-05-19_10-14.mp4#t=10.466667.jpg,2-wheeler,False
V001,V001__V001_2022-05-19_10-14.mp4#t=10.466667.jpg,3-wheeler,False
V001,V001__V001_2022-05-19_10-14.mp4#t=8.666667.jpg,4-wheeler,True
V001,V001__V001_2022-05-19_10-14.mp4#t=8.666667.jpg,2-wheeler,False
V001,V001__V001_2022-05-19_10-14.mp4#t=8.666667.jpg,3-wheeler,False
V001,V001__V001_2022-05-19_10-14.mp4#t=8.666667.jpg,2-wheeler,False
V001,V001__V001_2022-05-19_10-14.mp4#t=6.2.jpg,4-wheeler,False
V001,V001__V001_2022-05-19_10-14.mp4#t=6.2.jpg,2-wheeler,False
V001,V001__V001_2022-05-19_10-14.mp4#t=6.2.jpg,4-wheeler,False
V001,V001__V001_2022-05-19_10-14.mp4#t=4.266667.jpg,3-wheeler,False
V001,V001__V001_2022-05-19_10-14.mp4#t=4.266667.jpg,3-wheeler,False
V001,V001__V001_2022-05-19_10-14.mp4#t=4.266667.jpg,4-wheeler,False
V001,V001__V001_2022-05-19_10-14.mp4#t=1.266667.jpg,3-wheeler,True
V001,V001__V001_2022-05-19_10-14.mp4#t=1.266667.jpg,2-wheeler,False
V001,V001__V001_2022-05-19_10-14.mp4#t=1.266667.jpg,2-wheeler,False
V001,V001__V001_2022-05-19_10-14.mp4#t=1.266667.jpg,2-wheeler,False
V001,V001__V001_2022-05-19_10-14.mp4#t=1.266667.jpg,2-wheeler,False
V001,V001__V001_2022-05-19_10-14.mp4#t=1.266667.jpg,3-wheeler,False
V001,V001__V001_2022-05-19_10-14.mp4#t=1.266667.jpg,4-wheeler,False
V001,V001__V001_2022-05-19_10-14.mp4#t=0.jpg,3-wheeler,False
V001,V001__V001_2022-05-19_10-14.mp4#t=0.jpg,3-wheeler,False
V001,V001__V001_2022-05-19_10-14.mp4#t=0.jpg,3-wheeler,False
V001,V001__V001_2022-05-19_10-14.mp4#t=0.jpg,4-wheeler,False
V001,V001__V001_2022-05-19_10-14.mp4#t=0.jpg,2-wheeler,False
V001,V001__V001_2022-05-19_10-14.mp4#t=0.jpg,2-wheeler,False
V001,V001__V001_2022-05-19_10-14.mp4#t=3.2.jpg,2-wheeler,False
V001,V001__V001_2022-05-19_10-14.mp4#t=3.2.jpg,2-wheeler,False
V001,V001__V001_2022-05-19_10-14.mp4#t=3.2.jpg,3-wheeler,False
V001,V001__V001_2022-05-19_10-14.mp4#t=3.2.jpg,4-wheeler,False
V002,V002__V002_2022-05-19_10-16-25.mp4#t=109.066667.jpg,pedestrian,False
V002,V002__V002_2022-05-19_10-16-25.mp4#t=106.8.jpg,3-wheeler,True
V002,V002__V002_2022-05-19_10-16-25.mp4#t=106.8.jpg,pedestrian,False
V002,V002__V002_2022-05-19_10-16-25.mp4#t=106.8.jpg,pedestrian,False
V002,V002__V002_2022-05-19_10-16-25.mp4#t=103.066667.jpg,pedestrian,False
V002,V002__V002_2022-05-19_10-16-25.mp4#t=103.066667.jpg,3-wheeler,False
V002,V002__V002_2022-05-19_10-16-25.mp4#t=100.933333.jpg,3-wheeler,False
V002,V002__V002_2022-05-19_10-16-25.mp4#t=100.933333.jpg,pedestrian,False
V002,V002__V002_2022-05-19_10-16-25.mp4#t=98.866667.jpg,4-wheeler,False
V002,V002__V002_2022-05-19_10-16-25.mp4#t=98.866667.jpg,3-wheeler,False
V002,V002__V002_2022-05-19_10-16-25.mp4#t=94.266667.jpg,2-wheeler,False
V002,V002__V002_2022-05-19_10-16-25.mp4#t=94.266667.jpg,2-wheeler,False
V002,V002__V002_2022-05-19_10-16-25.mp4#t=94.266667.jpg,4-wheeler,False
V002,V002__V002_2022-05-19_10-16-25.mp4#t=94.266667.jpg,pedestrian,False
V002,V002__V002_2022-05-19_10-16-25.mp4#t=92.6.jpg,2-wheeler,False
V002,V002__V002_2022-05-19_10-16-25.mp4#t=92.6.jpg,2-wheeler,False
V002,V002__V002_2022-05-19_10-16-25.mp4#t=92.6.jpg,4-wheeler,False
V002,V002__V002_2022-05-19_10-16-25.mp4#t=85.933333.jpg,2-wheeler,False
V002,V002__V002_2022-05-19_10-16-25.mp4#t=85.933333.jpg,2-wheeler,False
V002,V002__V002_2022-05-19_10-16-25.mp4#t=85.933333.jpg,2-wheeler,False
V002,V002__V002_2022-05-19_10-16-25.mp4#t=85.933333.jpg,4-wheeler,True
V002,V002__V002_2022-05-19_10-16-25.mp4#t=85.933333.jpg,4-wheeler,False
V002,V002__V002_2022-05-19_10-16-25.mp4#t=84.266667.jpg,2-wheeler,False
V002,V002__V002_2022-05-19_10-16-25.mp4#t=84.266667.jpg,2-wheeler,False
V002,V002__V002_2022-05-19_10-16-25.mp4#t=84.266667.jpg,4-wheeler,False
V002,V002__V002_2022-05-19_10-16-25.mp4#t=80.6.jpg,2-wheeler,True
V002,V002__V002_2022-05-19_10-16-25.mp4#t=80.6.jpg,4-wheeler,False
V002,V002__V002_2022-05-19_10-16-25.mp4#t=75.2.jpg,2-wheeler,False
V002,V002__V002_2022-05-19_10-16-25.mp4#t=75.2.jpg,4-wheeler,False
V002,V002__V002_2022-05-19_10-16-25.mp4#t=75.2.jpg,4-wheeler,False
V002,V002__V002_2022-05-19_10-16-25.mp4#t=70.933333.jpg,4-wheeler,True
V002,V002__V002_2022-05-19_10-16-25.mp4#t=70.933333.jpg,2-wheeler,False
V002,V002__V002_2022-05-19_10-16-25.mp4#t=70.933333.jpg,3-wheeler,False
V002,V002__V002_2022-05-19_10-16-25.mp4#t=70.933333.jpg,2-wheeler,False
V002,V002__V002_2022-05-19_10-16-25.mp4#t=70.933333.jpg,2-wheeler,False
V002,V002__V002_2022-05-19_10-16-25.mp4#t=70.933333.jpg,4-wheeler,False
V002,V002__V002_2022-05-19_10-16-25.mp4#t=70.933333.jpg,4-wheeler,True
V002,V002__V002_2022-05-19_10-16-25.mp4#t=69.466667.jpg,4-wheeler,True
V002,V002__V002_2022-05-19_10-16-25.mp4#t=69.466667.jpg,2-wheeler,False
V002,V002__V002_2022-05-19_10-16-25.mp4#t=69.466667.jpg,2-wheeler,False
V002,V002__V002_2022-05-19_10-16-25.mp4#t=69.466667.jpg,3-wheeler,False
V002,V002__V002_2022-05-19_10-16-25.mp4#t=69.466667.jpg,2-wheeler,True
V002,V002__V002_2022-05-19_10-16-25.mp4#t=69.466667.jpg,4-wheeler,True
V002,V002__V002_2022-05-19_10-16-25.mp4#t=68.133333.jpg,4-wheeler,True
V002,V002__V002_2022-05-19_10-16-25.mp4#t=68.133333.jpg,2-wheeler,False
V002,V002__V002_2022-05-19_10-16-25.mp4#t=68.133333.jpg,2-wheeler,False
V002,V002__V002_2022-05-19_10-16-25.mp4#t=68.133333.jpg,2-wheeler,False
V002,V002__V002_2022-05-19_10-16-25.mp4#t=68.133333.jpg,3-wheeler,False
V002,V002__V002_2022-05-19_10-16-25.mp4#t=68.133333.jpg,2-wheeler,False
V002,V002__V002_2022-05-19_10-16-25.mp4#t=68.133333.jpg,4-wheeler,False
V002,V002__V002_2022-05-19_10-16-25.mp4#t=63.333333.jpg,4-wheeler,True
V002,V002__V002_2022-05-19_10-16-25.mp4#t=63.333333.jpg,2-wheeler,False
V002,V002__V002_2022-05-19_10-16-25.mp4#t=63.333333.jpg,4-wheeler,False
V002,V002__V002_2022-05-19_10-16-25.mp4#t=56.333333.jpg,2-wheeler,False
V002,V002__V002_2022-05-19_10-16-25.mp4#t=56.333333.jpg,2-wheeler,False
V002,V002__V002_2022-05-19_10-16-25.mp4#t=56.333333.jpg,2-wheeler,False
V002,V002__V002_2022-05-19_10-16-25.mp4#t=56.333333.jpg,4-wheeler,False
V002,V002__V002_2022-05-19_10-16-25.mp4#t=56.333333.jpg,2-wheeler,False
V002,V002__V002_2022-05-19_10-16-25.mp4#t=56.333333.jpg,2-wheeler,False
V002,V002__V002_2022-05-19_10-16-25.mp4#t=51.266667.jpg,2-wheeler,False
V002,V002__V002_2022-05-19_10-16-25.mp4#t=51.266667.jpg,2-wheeler,False
V002,V002__V002_2022-05-19_10-16-25.mp4#t=51.266667.jpg,4-wheeler,False
V002,V002__V002_2022-05-19_10-16-25.mp4#t=51.266667.jpg,2-wheeler,False
V002,V002__V002_2022-05-19_10-16-25.mp4#t=51.266667.jpg,3-wheeler,True
V002,V002__V002_2022-05-19_10-16-25.mp4#t=51.266667.jpg,2-wheeler,False
V002,V002__V002_2022-05-19_10-16-25.mp4#t=48.866667.jpg,2-wheeler,False
V002,V002__V002_2022-05-19_10-16-25.mp4#t=48.866667.jpg,2-wheeler,False
V002,V002__V002_2022-05-19_10-16-25.mp4#t=48.866667.jpg,2-wheeler,False
V002,V002__V002_2022-05-19_10-16-25.mp4#t=48.866667.jpg,4-wheeler,False
V002,V002__V002_2022-05-19_10-16-25.mp4#t=48.866667.jpg,2-wheeler,False
V002,V002__V002_2022-05-19_10-16-25.mp4#t=48.866667.jpg,2-wheeler,True
V002,V002__V002_2022-05-19_10-16-25.mp4#t=46.733333.jpg,pedestrian,False
V002,V002__V002_2022-05-19_10-16-25.mp4#t=46.733333.jpg,2-wheeler,False
V002,V002__V002_2022-05-19_10-16-25.mp4#t=46.733333.jpg,2-wheeler,False
V002,V002__V002_2022-05-19_10-16-25.mp4#t=46.733333.jpg,4-wheeler,False
V002,V002__V002_2022-05-19_10-16-25.mp4#t=46.733333.jpg,2-wheeler,False
V002,V002__V002_2022-05-19_10-16-25.mp4#t=46.733333.jpg,2-wheeler,False
V002,V002__V002_2022-05-19_10-16-25.mp4#t=39.466667.jpg,2-wheeler,False
V002,V002__V002_2022-05-19_10-16-25.mp4#t=39.466667.jpg,2-wheeler,False
V002,V002__V002_2022-05-19_10-16-25.mp4#t=39.466667.jpg,4-wheeler,False
V002,V002__V002_2022-05-19_10-16-25.mp4#t=39.466667.jpg,4-wheeler,False
V002,V002__V002_2022-05-19_10-16-25.mp4#t=39.466667.jpg,4-wheeler,True
V002,V002__V002_2022-05-19_10-16-25.mp4#t=39.466667.jpg,2-wheeler,True
V002,V002__V002_2022-05-19_10-16-25.mp4#t=35.466667.jpg,2-wheeler,False
V002,V002__V002_2022-05-19_10-16-25.mp4#t=35.466667.jpg,2-wheeler,False
V002,V002__V002_2022-05-19_10-16-25.mp4#t=35.466667.jpg,2-wheeler,False
V002,V002__V002_2022-05-19_10-16-25.mp4#t=35.466667.jpg,4-wheeler,False
V002,V002__V002_2022-05-19_10-16-25.mp4#t=35.466667.jpg,4-wheeler,False
V002,V002__V002_2022-05-19_10-16-25.mp4#t=35.466667.jpg,4-wheeler,True
V002,V002__V002_2022-05-19_10-16-25.mp4#t=30.066667.jpg,2-wheeler,False
V002,V002__V002_2022-05-19_10-16-25.mp4#t=30.066667.jpg,2-wheeler,False
V002,V002__V002_2022-05-19_10-16-25.mp4#t=30.066667.jpg,2-wheeler,False
V002,V002__V002_2022-05-19_10-16-25.mp4#t=30.066667.jpg,4-wheeler,False
V002,V002__V002_2022-05-19_10-16-25.mp4#t=30.066667.jpg,4-wheeler,False
V002,V002__V002_2022-05-19_10-16-25.mp4#t=26.6.jpg,3-wheeler,False
V002,V002__V002_2022-05-19_10-16-25.mp4#t=26.6.jpg,2-wheeler,False
V002,V002__V002_2022-05-19_10-16-25.mp4#t=26.6.jpg,2-wheeler,False
V002,V002__V002_2022-05-19_10-16-25.mp4#t=26.6.jpg,4-wheeler,False
V002,V002__V002_2022-05-19_10-16-25.mp4#t=26.6.jpg,2-wheeler,False
V002,V002__V002_2022-05-19_10-16-25.mp4#t=26.6.jpg,3-wheeler,True
V002,V002__V002_2022-05-19_10-16-25.mp4#t=23.933333.jpg,pedestrian,False
V002,V002__V002_2022-05-19_10-16-25.mp4#t=23.933333.jpg,2-wheeler,False
V002,V002__V002_2022-05-19_10-16-25.mp4#t=23.933333.jpg,2-wheeler,False
V002,V002__V002_2022-05-19_10-16-25.mp4#t=23.933333.jpg,2-wheeler,False
V002,V002__V002_2022-05-19_10-16-25.mp4#t=23.933333.jpg,2-wheeler,False
V002,V002__V002_2022-05-19_10-16-25.mp4#t=23.933333.jpg,2-wheeler,False
V002,V002__V002_2022-05-19_10-16-25.mp4#t=23.933333.jpg,3-wheeler,False
V002,V002__V002_2022-05-19_10-16-25.mp4#t=20.933333.jpg,2-wheeler,False
V002,V002__V002_2022-05-19_10-16-25.mp4#t=20.933333.jpg,2-wheeler,False
V002,V002__V002_2022-05-19_10-16-25.mp4#t=20.933333.jpg,2-wheeler,False
V002,V002__V002_2022-05-19_10-16-25.mp4#t=20.933333.jpg,2-wheeler,False
V002,V002__V002_2022-05-19_10-16-25.mp4#t=20.933333.jpg,4-wheeler,False
V002,V002__V002_2022-05-19_10-16-25.mp4#t=20.933333.jpg,2-wheeler,False
V002,V002__V002_2022-05-19_10-16-25.mp4#t=20.933333.jpg,3-wheeler,False
V002,V002__V002_2022-05-19_10-16-25.mp4#t=16.2.jpg,2-wheeler,False
V002,V002__V002_2022-05-19_10-16-25.mp4#t=16.2.jpg,2-wheeler,False
V002,V002__V002_2022-05-19_10-16-25.mp4#t=16.2.jpg,2-wheeler,False
V002,V002__V002_2022-05-19_10-16-25.mp4#t=16.2.jpg,2-wheeler,False
V002,V002__V002_2022-05-19_10-16-25.mp4#t=16.2.jpg,2-wheeler,False
V002,V002__V002_2022-05-19_10-16-25.mp4#t=16.2.jpg,2-wheeler,False
V002,V002__V002_2022-05-19_10-16-25.mp4#t=14.066667.jpg,2-wheeler,False
V002,V002__V002_2022-05-19_10-16-25.mp4#t=14.066667.jpg,2-wheeler,False
V002,V002__V002_2022-05-19_10-16-25.mp4#t=14.066667.jpg,2-wheeler,False
V002,V002__V002_2022-05-19_10-16-25.mp4#t=14.066667.jpg,2-wheeler,False
V002,V002__V002_2022-05-19_10-16-25.mp4#t=14.066667.jpg,2-wheeler,False
V002,V002__V002_2022-05-19_10-16-25.mp4#t=14.066667.jpg,2-wheeler,False
V002,V002__V002_2022-05-19_10-16-25.mp4#t=11.6.jpg,2-wheeler,False
V002,V002__V002_2022-05-19_10-16-25.mp4#t=11.6.jpg,4-wheeler,False
V002,V002__V002_2022-05-19_10-16-25.mp4#t=11.6.jpg,3-wheeler,True
V002,V002__V002_2022-05-19_10-16-25.mp4#t=4.066667.jpg,3-wheeler,True
V002,V002__V002_2022-05-19_10-16-25.mp4#t=4.066667.jpg,4-wheeler,True
V002,V002__V002_2022-05-19_10-16-25.mp4#t=1.933333.jpg,2-wheeler,True
V002,V002__V002_2022-05-19_10-16-25.mp4#t=1.933333.jpg,2-wheeler,False
V002,V002__V002_2022-05-19_10-16-25.mp4#t=1.933333.jpg,2-wheeler,False
V002,V002__V002_2022-05-19_10-16-25.mp4#t=1.933333.jpg,2-wheeler,False
V002,V002__V002_2022-05-19_10-16-25.mp4#t=1.933333.jpg,4-wheeler,True
V003,V003__V003_2022-08-16_16-15-34.mp4#t=117.jpg,4-wheeler,False
V003,V003__V003_2022-08-16_16-15-34.mp4#t=117.jpg,2-wheeler,False
V003,V003__V003_2022-08-16_16-15-34.mp4#t=117.jpg,2-wheeler,True
V003,V003__V003_2022-08-16_16-15-34.mp4#t=117.466667.jpg,4-wheeler,True
V003,V003__V003_2022-08-16_16-15-34.mp4#t=117.466667.jpg,4-wheeler,True
V003,V003__V003_2022-08-16_16-15-34.mp4#t=117.466667.jpg,2-wheeler,False
V003,V003__V003_2022-08-16_16-15-34.mp4#t=117.466667.jpg,3-wheeler,True
V003,V003__V003_2022-08-16_16-15-34.mp4#t=117.466667.jpg,4-wheeler,False
V003,V003__V003_2022-08-16_16-15-34.mp4#t=115.6.jpg,2-wheeler,False
V003,V003__V003_2022-08-16_16-15-34.mp4#t=115.6.jpg,4-wheeler,True
V003,V003__V003_2022-08-16_16-15-34.mp4#t=115.6.jpg,2-wheeler,False
V003,V003__V003_2022-08-16_16-15-34.mp4#t=115.6.jpg,4-wheeler,False
V003,V003__V003_2022-08-16_16-15-34.mp4#t=115.6.jpg,4-wheeler,False
V003,V003__V003_2022-08-16_16-15-34.mp4#t=109.133333.jpg,pedestrian,False
V003,V003__V003_2022-08-16_16-15-34.mp4#t=109.133333.jpg,4-wheeler,False
V003,V003__V003_2022-08-16_16-15-34.mp4#t=109.133333.jpg,4-wheeler,True
V003,V003__V003_2022-08-16_16-15-34.mp4#t=107.666667.jpg,4-wheeler,True
V003,V003__V003_2022-08-16_16-15-34.mp4#t=107.666667.jpg,4-wheeler,True
V003,V003__V003_2022-08-16_16-15-34.mp4#t=107.666667.jpg,4-wheeler,False
V003,V003__V003_2022-08-16_16-15-34.mp4#t=104.666667.jpg,pedestrian,False
V003,V003__V003_2022-08-16_16-15-34.mp4#t=104.666667.jpg,2-wheeler,False
V003,V003__V003_2022-08-16_16-15-34.mp4#t=104.666667.jpg,2-wheeler,False
V003,V003__V003_2022-08-16_16-15-34.mp4#t=104.666667.jpg,3-wheeler,False
V003,V003__V003_2022-08-16_16-15-34.mp4#t=104.666667.jpg,3-wheeler,False
V003,V003__V003_2022-08-16_16-15-34.mp4#t=102.8.jpg,3-wheeler,True
V003,V003__V003_2022-08-16_16-15-34.mp4#t=102.8.jpg,3-wheeler,True
V003,V003__V003_2022-08-16_16-15-34.mp4#t=102.8.jpg,pedestrian,False
V003,V003__V003_2022-08-16_16-15-34.mp4#t=102.8.jpg,3-wheeler,False
V003,V003__V003_2022-08-16_16-15-34.mp4#t=102.8.jpg,2-wheeler,False
V003,V003__V003_2022-08-16_16-15-34.mp4#t=102.8.jpg,2-wheeler,False
V003,V003__V003_2022-08-16_16-15-34.mp4#t=102.8.jpg,2-wheeler,False
V003,V003__V003_2022-08-16_16-15-34.mp4#t=102.8.jpg,2-wheeler,True
V003,V003__V003_2022-08-16_16-15-34.mp4#t=101.133333.jpg,3-wheeler,False
V003,V003__V003_2022-08-16_16-15-34.mp4#t=101.133333.jpg,3-wheeler,False
V003,V003__V003_2022-08-16_16-15-34.mp4#t=101.133333.jpg,2-wheeler,False
V003,V003__V003_2022-08-16_16-15-34.mp4#t=101.133333.jpg,4-wheeler,False
V003,V003__V003_2022-08-16_16-15-34.mp4#t=101.133333.jpg,2-wheeler,True
V003,V003__V003_2022-08-16_16-15-34.mp4#t=99.466667.jpg,4-wheeler,True
V003,V003__V003_2022-08-16_16-15-34.mp4#t=99.466667.jpg,4-wheeler,False
V003,V003__V003_2022-08-16_16-15-34.mp4#t=99.466667.jpg,3-wheeler,False
V003,V003__V003_2022-08-16_16-15-34.mp4#t=99.466667.jpg,4-wheeler,True
V003,V003__V003_2022-08-16_16-15-34.mp4#t=97.8.jpg,3-wheeler,True
V003,V003__V003_2022-08-16_16-15-34.mp4#t=97.8.jpg,3-wheeler,False
V003,V003__V003_2022-08-16_16-15-34.mp4#t=97.8.jpg,4-wheeler,False
V003,V003__V003_2022-08-16_16-15-34.mp4#t=97.8.jpg,4-wheeler,False
V003,V003__V003_2022-08-16_16-15-34.mp4#t=97.8.jpg,4-wheeler,True
V003,V003__V003_2022-08-16_16-15-34.mp4#t=97.8.jpg,3-wheeler,False
V003,V003__V003_2022-08-16_16-15-34.mp4#t=97.8.jpg,4-wheeler,True
V003,V003__V003_2022-08-16_16-15-34.mp4#t=97.8.jpg,4-wheeler,True
V003,V003__V003_2022-08-16_16-15-34.mp4#t=96.8.jpg,4-wheeler,True
V003,V003__V003_2022-08-16_16-15-34.mp4#t=96.8.jpg,3-wheeler,False
V003,V003__V003_2022-08-16_16-15-34.mp4#t=96.8.jpg,3-wheeler,False
V003,V003__V003_2022-08-16_16-15-34.mp4#t=96.8.jpg,4-wheeler,False
V003,V003__V003_2022-08-16_16-15-34.mp4#t=96.8.jpg,4-wheeler,False
V003,V003__V003_2022-08-16_16-15-34.mp4#t=96.8.jpg,3-wheeler,False
V003,V003__V003_2022-08-16_16-15-34.mp4#t=96.8.jpg,4-wheeler,True
V003,V003__V003_2022-08-16_16-15-34.mp4#t=95.266667.jpg,3-wheeler,False
V003,V003__V003_2022-08-16_16-15-34.mp4#t=95.266667.jpg,2-wheeler,False
V003,V003__V003_2022-08-16_16-15-34.mp4#t=95.266667.jpg,2-wheeler,False
V003,V003__V003_2022-08-16_16-15-34.mp4#t=95.266667.jpg,2-wheeler,False
V003,V003__V003_2022-08-16_16-15-34.mp4#t=95.266667.jpg,3-wheeler,False
V003,V003__V003_2022-08-16_16-15-34.mp4#t=95.266667.jpg,4-wheeler,True
V003,V003__V003_2022-08-16_16-15-34.mp4#t=95.266667.jpg,3-wheeler,True
V003,V003__V003_2022-08-16_16-15-34.mp4#t=95.266667.jpg,4-wheeler,True
V003,V003__V003_2022-08-16_16-15-34.mp4#t=95.266667.jpg,4-wheeler,False
V003,V003__V003_2022-08-16_16-15-34.mp4#t=93.666667.jpg,2-wheeler,False
V003,V003__V003_2022-08-16_16-15-34.mp4#t=93.666667.jpg,3-wheeler,False
V003,V003__V003_2022-08-16_16-15-34.mp4#t=93.666667.jpg,4-wheeler,False
V003,V003__V003_2022-08-16_16-15-34.mp4#t=93.666667.jpg,3-wheeler,True
V003,V003__V003_2022-08-16_16-15-34.mp4#t=93.666667.jpg,4-wheeler,False
V003,V003__V003_2022-08-16_16-15-34.mp4#t=93.666667.jpg,pedestrian,False
V003,V003__V003_2022-08-16_16-15-34.mp4#t=93.666667.jpg,2-wheeler,True
V003,V003__V003_2022-08-16_16-15-34.mp4#t=92.4.jpg,4-wheeler,False
V003,V003__V003_2022-08-16_16-15-34.mp4#t=92.4.jpg,4-wheeler,True
V003,V003__V003_2022-08-16_16-15-34.mp4#t=92.4.jpg,4-wheeler,False
V003,V003__V003_2022-08-16_16-15-34.mp4#t=92.4.jpg,2-wheeler,False
V003,V003__V003_2022-08-16_16-15-34.mp4#t=91.066667.jpg,2-wheeler,False
V003,V003__V003_2022-08-16_16-15-34.mp4#t=91.066667.jpg,2-wheeler,False
V003,V003__V003_2022-08-16_16-15-34.mp4#t=91.066667.jpg,2-wheeler,False
V003,V003__V003_2022-08-16_16-15-34.mp4#t=91.066667.jpg,2-wheeler,False
V003,V003__V003_2022-08-16_16-15-34.mp4#t=91.066667.jpg,4-wheeler,True
V003,V003__V003_2022-08-16_16-15-34.mp4#t=91.066667.jpg,4-wheeler,False
V003,V003__V003_2022-08-16_16-15-34.mp4#t=91.066667.jpg,2-wheeler,False
V003,V003__V003_2022-08-16_16-15-34.mp4#t=91.066667.jpg,2-wheeler,True
V003,V003__V003_2022-08-16_16-15-34.mp4#t=91.066667.jpg,2-wheeler,False
V003,V003__V003_2022-08-16_16-15-34.mp4#t=90.066667.jpg,2-wheeler,False
V003,V003__V003_2022-08-16_16-15-34.mp4#t=90.066667.jpg,2-wheeler,False
V003,V003__V003_2022-08-16_16-15-34.mp4#t=90.066667.jpg,4-wheeler,False
V003,V003__V003_2022-08-16_16-15-34.mp4#t=90.066667.jpg,4-wheeler,False
V003,V003__V003_2022-08-16_16-15-34.mp4#t=90.066667.jpg,2-wheeler,False
V003,V003__V003_2022-08-16_16-15-34.mp4#t=88.866667.jpg,2-wheeler,False
V003,V003__V003_2022-08-16_16-15-34.mp4#t=88.866667.jpg,pedestrian,False
V003,V003__V003_2022-08-16_16-15-34.mp4#t=88.866667.jpg,3-wheeler,False
V003,V003__V003_2022-08-16_16-15-34.mp4#t=88.866667.jpg,4-wheeler,False
V003,V003__V003_2022-08-16_16-15-34.mp4#t=88.866667.jpg,4-wheeler,False
V003,V003__V003_2022-08-16_16-15-34.mp4#t=88.866667.jpg,2-wheeler,False
V003,V003__V003_2022-08-16_16-15-34.mp4#t=88.866667.jpg,2-wheeler,False
V003,V003__V003_2022-08-16_16-15-34.mp4#t=88.866667.jpg,2-wheeler,False
V003,V003__V003_2022-08-16_16-15-34.mp4#t=87.6.jpg,2-wheeler,False
V003,V003__V003_2022-08-16_16-15-34.mp4#t=87.6.jpg,2-wheeler,False
V003,V003__V003_2022-08-16_16-15-34.mp4#t=87.6.jpg,2-wheeler,False
V003,V003__V003_2022-08-16_16-15-34.mp4#t=87.6.jpg,pedestrian,False
V003,V003__V003_2022-08-16_16-15-34.mp4#t=87.6.jpg,4-wheeler,False
V003,V003__V003_2022-08-16_16-15-34.mp4#t=87.6.jpg,2-wheeler,False
V003,V003__V003_2022-08-16_16-15-34.mp4#t=87.6.jpg,2-wheeler,False
V003,V003__V003_2022-08-16_16-15-34.mp4#t=86.6.jpg,2-wheeler,True
V003,V003__V003_2022-08-16_16-15-34.mp4#t=86.6.jpg,2-wheeler,False
V003,V003__V003_2022-08-16_16-15-34.mp4#t=86.6.jpg,2-wheeler,True
V003,V003__V003_2022-08-16_16-15-34.mp4#t=86.6.jpg,2-wheeler,False
V003,V003__V003_2022-08-16_16-15-34.mp4#t=86.6.jpg,3-wheeler,False
V003,V003__V003_2022-08-16_16-15-34.mp4#t=86.6.jpg,2-wheeler,False
V003,V003__V003_2022-08-16_16-15-34.mp4#t=86.6.jpg,4-wheeler,False
V003,V003__V003_2022-08-16_16-15-34.mp4#t=86.6.jpg,2-wheeler,False
V003,V003__V003_2022-08-16_16-15-34.mp4#t=85.2.jpg,pedestrian,False
V003,V003__V003_2022-08-16_16-15-34.mp4#t=85.2.jpg,2-wheeler,False
V003,V003__V003_2022-08-16_16-15-34.mp4#t=85.2.jpg,2-wheeler,False
V003,V003__V003_2022-08-16_16-15-34.mp4#t=85.2.jpg,3-wheeler,False
V003,V003__V003_2022-08-16_16-15-34.mp4#t=85.2.jpg,2-wheeler,False
V003,V003__V003_2022-08-16_16-15-34.mp4#t=85.2.jpg,4-wheeler,False
V003,V003__V003_2022-08-16_16-15-34.mp4#t=85.2.jpg,2-wheeler,False
V003,V003__V003_2022-08-16_16-15-34.mp4#t=85.2.jpg,2-wheeler,False
V003,V003__V003_2022-08-16_16-15-34.mp4#t=85.2.jpg,2-wheeler,False
V003,V003__V003_2022-08-16_16-15-34.mp4#t=85.2.jpg,3-wheeler,False
V003,V003__V003_2022-08-16_16-15-34.mp4#t=84.jpg,2-wheeler,True
V003,V003__V003_2022-08-16_16-15-34.mp4#t=84.jpg,2-wheeler,False
V003,V003__V003_2022-08-16_16-15-34.mp4#t=84.jpg,2-wheeler,False
V003,V003__V003_2022-08-16_16-15-34.mp4#t=84.jpg,2-wheeler,False
V003,V003__V003_2022-08-16_16-15-34.mp4#t=84.jpg,2-wheeler,False
V003,V003__V003_2022-08-16_16-15-34.mp4#t=84.jpg,2-wheeler,False
V003,V003__V003_2022-08-16_16-15-34.mp4#t=84.jpg,3-wheeler,False
V003,V003__V003_2022-08-16_16-15-34.mp4#t=84.jpg,4-wheeler,False
V003,V003__V003_2022-08-16_16-15-34.mp4#t=84.jpg,2-wheeler,False
V003,V003__V003_2022-08-16_16-15-34.mp4#t=84.jpg,2-wheeler,False
V003,V003__V003_2022-08-16_16-15-34.mp4#t=84.jpg,2-wheeler,False
V003,V003__V003_2022-08-16_16-15-34.mp4#t=84.jpg,3-wheeler,True
V003,V003__V003_2022-08-16_16-15-34.mp4#t=82.666667.jpg,4-wheeler,True
V003,V003__V003_2022-08-16_16-15-34.mp4#t=82.666667.jpg,2-wheeler,True
V003,V003__V003_2022-08-16_16-15-34.mp4#t=82.666667.jpg,2-wheeler,False
V003,V003__V003_2022-08-16_16-15-34.mp4#t=82.666667.jpg,2-wheeler,False
V003,V003__V003_2022-08-16_16-15-34.mp4#t=82.666667.jpg,2-wheeler,False
V003,V003__V003_2022-08-16_16-15-34.mp4#t=82.666667.jpg,2-wheeler,False
V003,V003__V003_2022-08-16_16-15-34.mp4#t=82.666667.jpg,4-wheeler,False
V003,V003__V003_2022-08-16_16-15-34.mp4#t=82.666667.jpg,2-wheeler,False
V003,V003__V003_2022-08-16_16-15-34.mp4#t=82.666667.jpg,2-wheeler,False
V003,V003__V003_2022-08-16_16-15-34.mp4#t=82.666667.jpg,2-wheeler,False
V003,V003__V003_2022-08-16_16-15-34.mp4#t=82.666667.jpg,3-wheeler,False
V003,V003__V003_2022-08-16_16-15-34.mp4#t=82.666667.jpg,pedestrian,False
V003,V003__V003_2022-08-16_16-15-34.mp4#t=81.266667.jpg,2-wheeler,False
V003,V003__V003_2022-08-16_16-15-34.mp4#t=81.266667.jpg,4-wheeler,False
V003,V003__V003_2022-08-16_16-15-34.mp4#t=81.266667.jpg,4-wheeler,False
V003,V003__V003_2022-08-16_16-15-34.mp4#t=81.266667.jpg,4-wheeler,False
V003,V003__V003_2022-08-16_16-15-34.mp4#t=81.266667.jpg,2-wheeler,False
V003,V003__V003_2022-08-16_16-15-34.mp4#t=81.266667.jpg,2-wheeler,False
V003,V003__V003_2022-08-16_16-15-34.mp4#t=79.533333.jpg,2-wheeler,False
V003,V003__V003_2022-08-16_16-15-34.mp4#t=79.533333.jpg,2-wheeler,False
V003,V003__V003_2022-08-16_16-15-34.mp4#t=79.533333.jpg,2-wheeler,False
V003,V003__V003_2022-08-16_16-15-34.mp4#t=79.533333.jpg,3-wheeler,False
V003,V003__V003_2022-08-16_16-15-34.mp4#t=79.533333.jpg,4-wheeler,False
V003,V003__V003_2022-08-16_16-15-34.mp4#t=79.533333.jpg,4-wheeler,False
V003,V003__V003_2022-08-16_16-15-34.mp4#t=79.533333.jpg,2-wheeler,True
V003,V003__V003_2022-08-16_16-15-34.mp4#t=77.733333.jpg,4-wheeler,True
V003,V003__V003_2022-08-16_16-15-34.mp4#t=77.733333.jpg,4-wheeler,False
V003,V003__V003_2022-08-16_16-15-34.mp4#t=77.733333.jpg,2-wheeler,False
V003,V003__V003_2022-08-16_16-15-34.mp4#t=77.733333.jpg,3-wheeler,False
V003,V003__V003_2022-08-16_16-15-34.mp4#t=75.133333.jpg,4-wheeler,False
V003,V003__V003_2022-08-16_16-15-34.mp4#t=75.133333.jpg,4-wheeler,True
V003,V003__V003_2022-08-16_16-15-34.mp4#t=75.133333.jpg,4-wheeler,True
V003,V003__V003_2022-08-16_16-15-34.mp4#t=75.133333.jpg,4-wheeler,False
V003,V003__V003_2022-08-16_16-15-34.mp4#t=73.466667.jpg,2-wheeler,False
V003,V003__V003_2022-08-16_16-15-34.mp4#t=73.466667.jpg,2-wheeler,False
V003,V003__V003_2022-08-16_16-15-34.mp4#t=73.466667.jpg,2-wheeler,False
V003,V003__V003_2022-08-16_16-15-34.mp4#t=71.133333.jpg,4-wheeler,False
V003,V003__V003_2022-08-16_16-15-34.mp4#t=71.133333.jpg,2-wheeler,False
V003,V003__V003_2022-08-16_16-15-34.mp4#t=71.133333.jpg,2-wheeler,False
V003,V003__V003_2022-08-16_16-15-34.mp4#t=71.133333.jpg,2-wheeler,False
V003,V003__V003_2022-08-16_16-15-34.mp4#t=69.6.jpg,4-wheeler,False
V003,V003__V003_2022-08-16_16-15-34.mp4#t=69.6.jpg,2-wheeler,False
V003,V003__V003_2022-08-16_16-15-34.mp4#t=69.6.jpg,2-wheeler,False
V003,V003__V003_2022-08-16_16-15-34.mp4#t=69.6.jpg,2-wheeler,False
V003,V003__V003_2022-08-16_16-15-34.mp4#t=65.jpg,4-wheeler,False
V003,V003__V003_2022-08-16_16-15-34.mp4#t=65.jpg,2-wheeler,False
V003,V003__V003_2022-08-16_16-15-34.mp4#t=65.jpg,2-wheeler,False
V003,V003__V003_2022-08-16_16-15-34.mp4#t=65.jpg,2-wheeler,False
V003,V003__V003_2022-08-16_16-15-34.mp4#t=62.2.jpg,2-wheeler,False
V003,V003__V003_2022-08-16_16-15-34.mp4#t=62.2.jpg,2-wheeler,False
V003,V003__V003_2022-08-16_16-15-34.mp4#t=59.933333.jpg,2-wheeler,False
V003,V003__V003_2022-08-16_16-15-34.mp4#t=59.933333.jpg,2-wheeler,False
V003,V003__V003_2022-08-16_16-15-34.mp4#t=59.933333.jpg,2-wheeler,False
V003,V003__V003_2022-08-16_16-15-34.mp4#t=59.933333.jpg,3-wheeler,False
V003,V003__V003_2022-08-16_16-15-34.mp4#t=57.8.jpg,4-wheeler,True
V003,V003__V003_2022-08-16_16-15-34.mp4#t=57.8.jpg,4-wheeler,False
V003,V003__V003_2022-08-16_16-15-34.mp4#t=57.8.jpg,2-wheeler,False
V003,V003__V003_2022-08-16_16-15-34.mp4#t=57.8.jpg,2-wheeler,False
V003,V003__V003_2022-08-16_16-15-34.mp4#t=57.8.jpg,2-wheeler,False
V003,V003__V003_2022-08-16_16-15-34.mp4#t=57.8.jpg,2-wheeler,False
V003,V003__V003_2022-08-16_16-15-34.mp4#t=56.533333.jpg,4-wheeler,True
V003,V003__V003_2022-08-16_16-15-34.mp4#t=56.533333.jpg,4-wheeler,False
V003,V003__V003_2022-08-16_16-15-34.mp4#t=56.533333.jpg,2-wheeler,False
V003,V003__V003_2022-08-16_16-15-34.mp4#t=56.533333.jpg,2-wheeler,False
V003,V003__V003_2022-08-16_16-15-34.mp4#t=56.533333.jpg,2-wheeler,False
V003,V003__V003_2022-08-16_16-15-34.mp4#t=51.733333.jpg,4-wheeler,True
V003,V003__V003_2022-08-16_16-15-34.mp4#t=51.733333.jpg,4-wheeler,True
V003,V003__V003_2022-08-16_16-15-34.mp4#t=51.733333.jpg,2-wheeler,False
V003,V003__V003_2022-08-16_16-15-34.mp4#t=51.733333.jpg,2-wheeler,False
V003,V003__V003_2022-08-16_16-15-34.mp4#t=51.733333.jpg,3-wheeler,False
V003,V003__V003_2022-08-16_16-15-34.mp4#t=50.866667.jpg,4-wheeler,True
V003,V003__V003_2022-08-16_16-15-34.mp4#t=50.866667.jpg,4-wheeler,True
V003,V003__V003_2022-08-16_16-15-34.mp4#t=50.866667.jpg,4-wheeler,True
V003,V003__V003_2022-08-16_16-15-34.mp4#t=50.866667.jpg,2-wheeler,False
V003,V003__V003_2022-08-16_16-15-34.mp4#t=50.866667.jpg,2-wheeler,False
V003,V003__V003_2022-08-16_16-15-34.mp4#t=50.866667.jpg,2-wheeler,False
V003,V003__V003_2022-08-16_16-15-34.mp4#t=50.866667.jpg,3-wheeler,False
V003,V003__V003_2022-08-16_16-15-34.mp4#t=47.666667.jpg,2-wheeler,False
V003,V003__V003_2022-08-16_16-15-34.mp4#t=47.666667.jpg,2-wheeler,False
V003,V003__V003_2022-08-16_16-15-34.mp4#t=47.666667.jpg,3-wheeler,False
V003,V003__V003_2022-08-16_16-15-34.mp4#t=47.666667.jpg,2-wheeler,False
V003,V003__V003_2022-08-16_16-15-34.mp4#t=47.666667.jpg,2-wheeler,False
V003,V003__V003_2022-08-16_16-15-34.mp4#t=46.133333.jpg,2-wheeler,False
V003,V003__V003_2022-08-16_16-15-34.mp4#t=46.133333.jpg,2-wheeler,True
V003,V003__V003_2022-08-16_16-15-34.mp4#t=46.133333.jpg,3-wheeler,False
V003,V003__V003_2022-08-16_16-15-34.mp4#t=46.133333.jpg,2-wheeler,False
V003,V003__V003_2022-08-16_16-15-34.mp4#t=46.133333.jpg,2-wheeler,False
V003,V003__V003_2022-08-16_16-15-34.mp4#t=46.133333.jpg,2-wheeler,True
V003,V003__V003_2022-08-16_16-15-34.mp4#t=43.jpg,2-wheeler,False
V003,V003__V003_2022-08-16_16-15-34.mp4#t=43.jpg,2-wheeler,False
V003,V003__V003_2022-08-16_16-15-34.mp4#t=43.jpg,2-wheeler,False
V003,V003__V003_2022-08-16_16-15-34.mp4#t=43.jpg,2-wheeler,False
V003,V003__V003_2022-08-16_16-15-34.mp4#t=43.jpg,2-wheeler,False
V003,V003__V003_2022-08-16_16-15-34.mp4#t=43.jpg,2-wheeler,True
V003,V003__V003_2022-08-16_16-15-34.mp4#t=40.6.jpg,4-wheeler,True
V003,V003__V003_2022-08-16_16-15-34.mp4#t=40.6.jpg,4-wheeler,True
V003,V003__V003_2022-08-16_16-15-34.mp4#t=40.6.jpg,2-wheeler,False
V003,V003__V003_2022-08-16_16-15-34.mp4#t=40.6.jpg,2-wheeler,False
V003,V003__V003_2022-08-16_16-15-34.mp4#t=40.6.jpg,2-wheeler,False
V003,V003__V003_2022-08-16_16-15-34.mp4#t=40.6.jpg,2-wheeler,False
V003,V003__V003_2022-08-16_16-15-34.mp4#t=40.6.jpg,2-wheeler,False
V003,V003__V003_2022-08-16_16-15-34.mp4#t=38.866667.jpg,2-wheeler,False
V003,V003__V003_2022-08-16_16-15-34.mp4#t=38.866667.jpg,2-wheeler,False
V003,V003__V003_2022-08-16_16-15-34.mp4#t=38.866667.jpg,2-wheeler,False
V003,V003__V003_2022-08-16_16-15-34.mp4#t=38.866667.jpg,2-wheeler,False
V003,V003__V003_2022-08-16_16-15-34.mp4#t=38.866667.jpg,2-wheeler,False
V003,V003__V003_2022-08-16_16-15-34.mp4#t=34.2.jpg,4-wheeler,True
V003,V003__V003_2022-08-16_16-15-34.mp4#t=34.2.jpg,2-wheeler,False
V003,V003__V003_2022-08-16_16-15-34.mp4#t=34.2.jpg,4-wheeler,False
V003,V003__V003_2022-08-16_16-15-34.mp4#t=34.2.jpg,2-wheeler,False
V003,V003__V003_2022-08-16_16-15-34.mp4#t=34.2.jpg,3-wheeler,False
V003,V003__V003_2022-08-16_16-15-34.mp4#t=34.2.jpg,2-wheeler,False
V003,V003__V003_2022-08-16_16-15-34.mp4#t=32.2.jpg,2-wheeler,True
V003,V003__V003_2022-08-16_16-15-34.mp4#t=32.2.jpg,4-wheeler,False
V003,V003__V003_2022-08-16_16-15-34.mp4#t=32.2.jpg,2-wheeler,False
V003,V003__V003_2022-08-16_16-15-34.mp4#t=32.2.jpg,3-wheeler,False
V003,V003__V003_2022-08-16_16-15-34.mp4#t=30.466667.jpg,4-wheeler,False
V003,V003__V003_2022-08-16_16-15-34.mp4#t=30.466667.jpg,2-wheeler,False
V003,V003__V003_2022-08-16_16-15-34.mp4#t=30.466667.jpg,3-wheeler,False
V003,V003__V003_2022-08-16_16-15-34.mp4#t=27.533333.jpg,4-wheeler,False
V003,V003__V003_2022-08-16_16-15-34.mp4#t=27.533333.jpg,2-wheeler,False
V003,V003__V003_2022-08-16_16-15-34.mp4#t=23.866667.jpg,2-wheeler,False
V003,V003__V003_2022-08-16_16-15-34.mp4#t=23.866667.jpg,2-wheeler,False
V003,V003__V003_2022-08-16_16-15-34.mp4#t=23.866667.jpg,2-wheeler,False
V003,V003__V003_2022-08-16_16-15-34.mp4#t=23.866667.jpg,2-wheeler,False
V003,V003__V003_2022-08-16_16-15-34.mp4#t=23.866667.jpg,2-wheeler,False
V003,V003__V003_2022-08-16_16-15-34.mp4#t=23.866667.jpg,2-wheeler,False
V003,V003__V003_2022-08-16_16-15-34.mp4#t=23.866667.jpg,4-wheeler,False
V003,V003__V003_2022-08-16_16-15-34.mp4#t=23.866667.jpg,2-wheeler,False
V003,V003__V003_2022-08-16_16-15-34.mp4#t=23.866667.jpg,2-wheeler,False
V003,V003__V003_2022-08-16_16-15-34.mp4#t=23.866667.jpg,2-wheeler,False
V003,V003__V003_2022-08-16_16-15-34.mp4#t=23.866667.jpg,2-wheeler,False
V003,V003__V003_2022-08-16_16-15-34.mp4#t=21.933333.jpg,2-wheeler,True
V003,V003__V003_2022-08-16_16-15-34.mp4#t=21.933333.jpg,2-wheeler,False
V003,V003__V003_2022-08-16_16-15-34.mp4#t=21.933333.jpg,2-wheeler,False
V003,V003__V003_2022-08-16_16-15-34.mp4#t=21.933333.jpg,4-wheeler,False
V003,V003__V003_2022-08-16_16-15-34.mp4#t=21.933333.jpg,4-wheeler,False
V003,V003__V003_2022-08-16_16-15-34.mp4#t=21.933333.jpg,2-wheeler,False
V003,V003__V003_2022-08-16_16-15-34.mp4#t=21.933333.jpg,2-wheeler,False
V003,V003__V003_2022-08-16_16-15-34.mp4#t=21.933333.jpg,2-wheeler,False
V003,V003__V003_2022-08-16_16-15-34.mp4#t=20.8.jpg,4-wheeler,False
V003,V003__V003_2022-08-16_16-15-34.mp4#t=20.8.jpg,2-wheeler,False
V003,V003__V003_2022-08-16_16-15-34.mp4#t=20.8.jpg,2-wheeler,False
V003,V003__V003_2022-08-16_16-15-34.mp4#t=20.8.jpg,2-wheeler,False
V003,V003__V003_2022-08-16_16-15-34.mp4#t=20.8.jpg,4-wheeler,True
V003,V003__V003_2022-08-16_16-15-34.mp4#t=20.8.jpg,2-wheeler,False
V003,V003__V003_2022-08-16_16-15-34.mp4#t=20.8.jpg,2-wheeler,False
V003,V003__V003_2022-08-16_16-15-34.mp4#t=20.8.jpg,2-wheeler,False
V003,V003__V003_2022-08-16_16-15-34.mp4#t=20.8.jpg,3-wheeler,True
V003,V003__V003_2022-08-16_16-15-34.mp4#t=20.8.jpg,2-wheeler,True
V003,V003__V003_2022-08-16_16-15-34.mp4#t=17.jpg,2-wheeler,False
V003,V003__V003_2022-08-16_16-15-34.mp4#t=17.jpg,2-wheeler,False
V003,V003__V003_2022-08-16_16-15-34.mp4#t=17.jpg,2-wheeler,False
V003,V003__V003_2022-08-16_16-15-34.mp4#t=17.jpg,4-wheeler,False
V003,V003__V003_2022-08-16_16-15-34.mp4#t=13.466667.jpg,2-wheeler,True
V003,V003__V003_2022-08-16_16-15-34.mp4#t=13.466667.jpg,3-wheeler,False
V003,V003__V003_2022-08-16_16-15-34.mp4#t=13.466667.jpg,2-wheeler,False
V003,V003__V003_2022-08-16_16-15-34.mp4#t=13.466667.jpg,2-wheeler,False
V003,V003__V003_2022-08-16_16-15-34.mp4#t=13.466667.jpg,3-wheeler,False
V003,V003__V003_2022-08-16_16-15-34.mp4#t=13.466667.jpg,2-wheeler,False
V003,V003__V003_2022-08-16_16-15-34.mp4#t=13.466667.jpg,2-wheeler,False
V003,V003__V003_2022-08-16_16-15-34.mp4#t=13.466667.jpg,2-wheeler,False
V003,V003__V003_2022-08-16_16-15-34.mp4#t=13.466667.jpg,2-wheeler,False
V003,V003__V003_2022-08-16_16-15-34.mp4#t=13.466667.jpg,2-wheeler,False
V003,V003__V003_2022-08-16_16-15-34.mp4#t=11.733333.jpg,2-wheeler,True
V003,V003__V003_2022-08-16_16-15-34.mp4#t=11.733333.jpg,2-wheeler,False
V003,V003__V003_2022-08-16_16-15-34.mp4#t=11.733333.jpg,3-wheeler,False
V003,V003__V003_2022-08-16_16-15-34.mp4#t=10.533333.jpg,4-wheeler,True
V003,V003__V003_2022-08-16_16-15-34.mp4#t=10.533333.jpg,4-wheeler,False
V003,V003__V003_2022-08-16_16-15-34.mp4#t=7.933333.jpg,2-wheeler,False
V003,V003__V003_2022-08-16_16-15-34.mp4#t=7.933333.jpg,4-wheeler,False
V003,V003__V003_2022-08-16_16-15-34.mp4#t=3.066667.jpg,2-wheeler,False
V003,V003__V003_2022-08-16_16-15-34.mp4#t=3.066667.jpg,2-wheeler,False
V003,V003__V003_2022-08-16_16-15-34.mp4#t=3.066667.jpg,3-wheeler,False
V003,V003__V003_2022-08-16_16-15-34.mp4#t=3.066667.jpg,2-wheeler,False
V003,V003__V003_2022-08-16_16-15-34.mp4#t=3.066667.jpg,4-wheeler,True
V003,V003__V003_2022-08-16_16-15-34.mp4#t=1.466667.jpg,3-wheeler,True
V003,V003__V003_2022-08-16_16-15-34.mp4#t=1.466667.jpg,2-wheeler,False
V003,V003__V003_2022-08-16_16-15-34.mp4#t=1.466667.jpg,2-wheeler,False
V003,V003__V003_2022-08-16_16-15-34.mp4#t=1.466667.jpg,2-wheeler,False
V003,V003__V003_2022-08-16_16-15-34.mp4#t=1.466667.jpg,4-wheeler,False
V003,V003__V003_2022-08-16_16-15-34.mp4#t=1.466667.jpg,2-wheeler,False
V003,V003__V003_2022-08-16_16-15-34.mp4#t=0.jpg,4-wheeler,True
V003,V003__V003_2022-08-16_16-15-34.mp4#t=0.jpg,2-wheeler,False
V003,V003__V003_2022-08-16_16-15-34.mp4#t=0.jpg,3-wheeler,False
V003,V003__V003_2022-08-16_16-15-34.mp4#t=0.jpg,2-wheeler,False
V003,V003__V003_2022-08-16_16-15-34.mp4#t=0.jpg,2-wheeler,False
V003,V003__V003_2022-08-16_16-15-34.mp4#t=0.jpg,pedestrian,False
V003,V003__V003_2022-08-16_16-15-34.mp4#t=0.jpg,pedestrian,False
V003,V003__V003_2022-08-16_16-15-34.mp4#t=8.133333.jpg,2-wheeler,False
V004,V004__V004_2023-08-16_16-17-20.mp4#t=117.jpg,2-wheeler,True
V004,V004__V004_2023-08-16_16-17-20.mp4#t=117.jpg,3-wheeler,True
V004,V004__V004_2023-08-16_16-17-20.mp4#t=117.jpg,2-wheeler,True
V004,V004__V004_2023-08-16_16-17-20.mp4#t=117.jpg,3-wheeler,True
V004,V004__V004_2023-08-16_16-17-20.mp4#t=117.jpg,2-wheeler,False
V004,V004__V004_2023-08-16_16-17-20.mp4#t=117.jpg,2-wheeler,True
V004,V004__V004_2023-08-16_16-17-20.mp4#t=115.jpg,2-wheeler,True
V004,V004__V004_2023-08-16_16-17-20.mp4#t=115.jpg,3-wheeler,True
V004,V004__V004_2023-08-16_16-17-20.mp4#t=115.jpg,2-wheeler,True
V004,V004__V004_2023-08-16_16-17-20.mp4#t=113.2.jpg,3-wheeler,True
V004,V004__V004_2023-08-16_16-17-20.mp4#t=113.2.jpg,2-wheeler,False
V004,V004__V004_2023-08-16_16-17-20.mp4#t=113.2.jpg,2-wheeler,True
V004,V004__V004_2023-08-16_16-17-20.mp4#t=113.2.jpg,2-wheeler,True
V004,V004__V004_2023-08-16_16-17-20.mp4#t=110.933333.jpg,2-wheeler,True
V004,V004__V004_2023-08-16_16-17-20.mp4#t=110.933333.jpg,3-wheeler,True
V004,V004__V004_2023-08-16_16-17-20.mp4#t=110.933333.jpg,4-wheeler,False
V004,V004__V004_2023-08-16_16-17-20.mp4#t=110.933333.jpg,2-wheeler,False
V004,V004__V004_2023-08-16_16-17-20.mp4#t=110.933333.jpg,3-wheeler,True
V004,V004__V004_2023-08-16_16-17-20.mp4#t=108.266667.jpg,4-wheeler,True
V004,V004__V004_2023-08-16_16-17-20.mp4#t=108.266667.jpg,4-wheeler,False
V004,V004__V004_2023-08-16_16-17-20.mp4#t=108.266667.jpg,2-wheeler,True
V004,V004__V004_2023-08-16_16-17-20.mp4#t=106.733333.jpg,4-wheeler,False
V004,V004__V004_2023-08-16_16-17-20.mp4#t=106.733333.jpg,4-wheeler,False
V004,V004__V004_2023-08-16_16-17-20.mp4#t=106.733333.jpg,2-wheeler,False
V004,V004__V004_2023-08-16_16-17-20.mp4#t=106.733333.jpg,2-wheeler,True
V004,V004__V004_2023-08-16_16-17-20.mp4#t=104.466667.jpg,2-wheeler,True
V004,V004__V004_2023-08-16_16-17-20.mp4#t=104.466667.jpg,4-wheeler,True
V004,V004__V004_2023-08-16_16-17-20.mp4#t=104.466667.jpg,2-wheeler,False
V004,V004__V004_2023-08-16_16-17-20.mp4#t=104.466667.jpg,2-wheeler,True
V004,V004__V004_2023-08-16_16-17-20.mp4#t=102.4.jpg,2-wheeler,False
V004,V004__V004_2023-08-16_16-17-20.mp4#t=102.4.jpg,2-wheeler,False
V004,V004__V004_2023-08-16_16-17-20.mp4#t=100.jpg,2-wheeler,True
V004,V004__V004_2023-08-16_16-17-20.mp4#t=100.jpg,2-wheeler,True
V004,V004__V004_2023-08-16_16-17-20.mp4#t=100.jpg,2-wheeler,False
V004,V004__V004_2023-08-16_16-17-20.mp4#t=100.jpg,2-wheeler,True
V004,V004__V004_2023-08-16_16-17-20.mp4#t=98.533333.jpg,2-wheeler,True
V004,V004__V004_2023-08-16_16-17-20.mp4#t=98.533333.jpg,2-wheeler,False
V004,V004__V004_2023-08-16_16-17-20.mp4#t=98.533333.jpg,2-wheeler,True
V004,V004__V004_2023-08-16_16-17-20.mp4#t=97.333333.jpg,2-wheeler,True
V004,V004__V004_2023-08-16_16-17-20.mp4#t=97.333333.jpg,2-wheeler,False
V004,V004__V004_2023-08-16_16-17-20.mp4#t=97.333333.jpg,2-wheeler,False
V004,V004__V004_2023-08-16_16-17-20.mp4#t=97.333333.jpg,pedestrian,False
V004,V004__V004_2023-08-16_16-17-20.mp4#t=97.333333.jpg,2-wheeler,True
V004,V004__V004_2023-08-16_16-17-20.mp4#t=93.933333.jpg,4-wheeler,True
V004,V004__V004_2023-08-16_16-17-20.mp4#t=93.933333.jpg,2-wheeler,False
V004,V004__V004_2023-08-16_16-17-20.mp4#t=93.933333.jpg,pedestrian,False
V004,V004__V004_2023-08-16_16-17-20.mp4#t=93.933333.jpg,pedestrian,False
V004,V004__V004_2023-08-16_16-17-20.mp4#t=89.8.jpg,2-wheeler,True
V004,V004__V004_2023-08-16_16-17-20.mp4#t=89.8.jpg,4-wheeler,False
V004,V004__V004_2023-08-16_16-17-20.mp4#t=89.8.jpg,4-wheeler,False
V004,V004__V004_2023-08-16_16-17-20.mp4#t=89.8.jpg,2-wheeler,False
V004,V004__V004_2023-08-16_16-17-20.mp4#t=87.666667.jpg,2-wheeler,True
V004,V004__V004_2023-08-16_16-17-20.mp4#t=87.666667.jpg,2-wheeler,True
V004,V004__V004_2023-08-16_16-17-20.mp4#t=87.666667.jpg,4-wheeler,True
V004,V004__V004_2023-08-16_16-17-20.mp4#t=87.666667.jpg,2-wheeler,True
V004,V004__V004_2023-08-16_16-17-20.mp4#t=84.533333.jpg,2-wheeler,False
V004,V004__V004_2023-08-16_16-17-20.mp4#t=84.533333.jpg,2-wheeler,True
V004,V004__V004_2023-08-16_16-17-20.mp4#t=84.533333.jpg,2-wheeler,False
V004,V004__V004_2023-08-16_16-17-20.mp4#t=84.533333.jpg,2-wheeler,True
V004,V004__V004_2023-08-16_16-17-20.mp4#t=80.666667.jpg,2-wheeler,True
V004,V004__V004_2023-08-16_16-17-20.mp4#t=80.666667.jpg,2-wheeler,False
V004,V004__V004_2023-08-16_16-17-20.mp4#t=80.666667.jpg,2-wheeler,False
V004,V004__V004_2023-08-16_16-17-20.mp4#t=76.6.jpg,2-wheeler,True
V004,V004__V004_2023-08-16_16-17-20.mp4#t=76.6.jpg,4-wheeler,True
V004,V004__V004_2023-08-16_16-17-20.mp4#t=76.6.jpg,2-wheeler,True
V004,V004__V004_2023-08-16_16-17-20.mp4#t=76.6.jpg,4-wheeler,False
V004,V004__V004_2023-08-16_16-17-20.mp4#t=72.6.jpg,2-wheeler,True
V004,V004__V004_2023-08-16_16-17-20.mp4#t=72.6.jpg,2-wheeler,True
V004,V004__V004_2023-08-16_16-17-20.mp4#t=72.6.jpg,4-wheeler,True
V004,V004__V004_2023-08-16_16-17-20.mp4#t=71.133333.jpg,2-wheeler,True
V004,V004__V004_2023-08-16_16-17-20.mp4#t=67.4.jpg,2-wheeler,True
V004,V004__V004_2023-08-16_16-17-20.mp4#t=67.4.jpg,4-wheeler,True
V004,V004__V004_2023-08-16_16-17-20.mp4#t=67.4.jpg,2-wheeler,False
V004,V004__V004_2023-08-16_16-17-20.mp4#t=65.733333.jpg,4-wheeler,True
V004,V004__V004_2023-08-16_16-17-20.mp4#t=65.733333.jpg,2-wheeler,True
V004,V004__V004_2023-08-16_16-17-20.mp4#t=62.266667.jpg,2-wheeler,False
V004,V004__V004_2023-08-16_16-17-20.mp4#t=62.266667.jpg,4-wheeler,False
V004,V004__V004_2023-08-16_16-17-20.mp4#t=62.266667.jpg,2-wheeler,False
V004,V004__V004_2023-08-16_16-17-20.mp4#t=58.933333.jpg,4-wheeler,False
V004,V004__V004_2023-08-16_16-17-20.mp4#t=58.933333.jpg,2-wheeler,True
V004,V004__V004_2023-08-16_16-17-20.mp4#t=58.933333.jpg,4-wheeler,True
V004,V004__V004_2023-08-16_16-17-20.mp4#t=57.933333.jpg,2-wheeler,True
V004,V004__V004_2023-08-16_16-17-20.mp4#t=57.933333.jpg,4-wheeler,False
V004,V004__V004_2023-08-16_16-17-20.mp4#t=57.933333.jpg,4-wheeler,True
V004,V004__V004_2023-08-16_16-17-20.mp4#t=55.866667.jpg,4-wheeler,True
V004,V004__V004_2023-08-16_16-17-20.mp4#t=55.866667.jpg,4-wheeler,True
V004,V004__V004_2023-08-16_16-17-20.mp4#t=55.866667.jpg,2-wheeler,False
V004,V004__V004_2023-08-16_16-17-20.mp4#t=55.866667.jpg,2-wheeler,False
V004,V004__V004_2023-08-16_16-17-20.mp4#t=55.866667.jpg,2-wheeler,True
V004,V004__V004_2023-08-16_16-17-20.mp4#t=52.4.jpg,2-wheeler,True
V004,V004__V004_2023-08-16_16-17-20.mp4#t=52.4.jpg,pedestrian,False
V004,V004__V004_2023-08-16_16-17-20.mp4#t=52.4.jpg,4-wheeler,True
V004,V004__V004_2023-08-16_16-17-20.mp4#t=49.933333.jpg,2-wheeler,True
V004,V004__V004_2023-08-16_16-17-20.mp4#t=49.933333.jpg,4-wheeler,False
V004,V004__V004_2023-08-16_16-17-20.mp4#t=49.933333.jpg,4-wheeler,True
V004,V004__V004_2023-08-16_16-17-20.mp4#t=48.333333.jpg,3-wheeler,False
V004,V004__V004_2023-08-16_16-17-20.mp4#t=48.333333.jpg,2-wheeler,False
V004,V004__V004_2023-08-16_16-17-20.mp4#t=48.333333.jpg,2-wheeler,False
V004,V004__V004_2023-08-16_16-17-20.mp4#t=48.333333.jpg,4-wheeler,True
V004,V004__V004_2023-08-16_16-17-20.mp4#t=48.333333.jpg,4-wheeler,False
V004,V004__V004_2023-08-16_16-17-20.mp4#t=48.333333.jpg,2-wheeler,False
V004,V004__V004_2023-08-16_16-17-20.mp4#t=46.8.jpg,3-wheeler,True
V004,V004__V004_2023-08-16_16-17-20.mp4#t=46.8.jpg,2-wheeler,True
V004,V004__V004_2023-08-16_16-17-20.mp4#t=46.8.jpg,2-wheeler,False
V004,V004__V004_2023-08-16_16-17-20.mp4#t=46.8.jpg,4-wheeler,True
V004,V004__V004_2023-08-16_16-17-20.mp4#t=46.8.jpg,2-wheeler,False
V004,V004__V004_2023-08-16_16-17-20.mp4#t=46.8.jpg,2-wheeler,False
V004,V004__V004_2023-08-16_16-17-20.mp4#t=45.133333.jpg,4-wheeler,False
V004,V004__V004_2023-08-16_16-17-20.mp4#t=45.133333.jpg,3-wheeler,False
V004,V004__V004_2023-08-16_16-17-20.mp4#t=45.133333.jpg,2-wheeler,False
V004,V004__V004_2023-08-16_16-17-20.mp4#t=45.133333.jpg,4-wheeler,False
V004,V004__V004_2023-08-16_16-17-20.mp4#t=45.133333.jpg,2-wheeler,False
V004,V004__V004_2023-08-16_16-17-20.mp4#t=45.133333.jpg,2-wheeler,False
V004,V004__V004_2023-08-16_16-17-20.mp4#t=43.333333.jpg,2-wheeler,False
V004,V004__V004_2023-08-16_16-17-20.mp4#t=43.333333.jpg,4-wheeler,False
V004,V004__V004_2023-08-16_16-17-20.mp4#t=43.333333.jpg,2-wheeler,False
V004,V004__V004_2023-08-16_16-17-20.mp4#t=43.333333.jpg,2-wheeler,False
V004,V004__V004_2023-08-16_16-17-20.mp4#t=43.333333.jpg,4-wheeler,True
V004,V004__V004_2023-08-16_16-17-20.mp4#t=43.333333.jpg,2-wheeler,False
V004,V004__V004_2023-08-16_16-17-20.mp4#t=43.333333.jpg,2-wheeler,False
V004,V004__V004_2023-08-16_16-17-20.mp4#t=43.333333.jpg,2-wheeler,False
V004,V004__V004_2023-08-16_16-17-20.mp4#t=43.333333.jpg,2-wheeler,False
V004,V004__V004_2023-08-16_16-17-20.mp4#t=43.333333.jpg,2-wheeler,False
V004,V004__V004_2023-08-16_16-17-20.mp4#t=43.333333.jpg,2-wheeler,False
V004,V004__V004_2023-08-16_16-17-20.mp4#t=41.666667.jpg,2-wheeler,False
V004,V004__V004_2023-08-16_16-17-20.mp4#t=41.666667.jpg,2-wheeler,False
V004,V004__V004_2023-08-16_16-17-20.mp4#t=41.666667.jpg,2-wheeler,False
V004,V004__V004_2023-08-16_16-17-20.mp4#t=41.666667.jpg,2-wheeler,True
V004,V004__V004_2023-08-16_16-17-20.mp4#t=40.066667.jpg,4-wheeler,True
V004,V004__V004_2023-08-16_16-17-20.mp4#t=40.066667.jpg,2-wheeler,False
V004,V004__V004_2023-08-16_16-17-20.mp4#t=40.066667.jpg,2-wheeler,True
V004,V004__V004_2023-08-16_16-17-20.mp4#t=40.066667.jpg,2-wheeler,False
V004,V004__V004_2023-08-16_16-17-20.mp4#t=40.066667.jpg,2-wheeler,False
V004,V004__V004_2023-08-16_16-17-20.mp4#t=40.066667.jpg,2-wheeler,True
V004,V004__V004_2023-08-16_16-17-20.mp4#t=40.066667.jpg,2-wheeler,True
V004,V004__V004_2023-08-16_16-17-20.mp4#t=37.6.jpg,4-wheeler,False
V004,V004__V004_2023-08-16_16-17-20.mp4#t=37.6.jpg,2-wheeler,False
V004,V004__V004_2023-08-16_16-17-20.mp4#t=37.6.jpg,2-wheeler,False
V004,V004__V004_2023-08-16_16-17-20.mp4#t=37.6.jpg,2-wheeler,False
V004,V004__V004_2023-08-16_16-17-20.mp4#t=37.6.jpg,2-wheeler,False
V004,V004__V004_2023-08-16_16-17-20.mp4#t=37.6.jpg,2-wheeler,False
V004,V004__V004_2023-08-16_16-17-20.mp4#t=35.8.jpg,4-wheeler,True
V004,V004__V004_2023-08-16_16-17-20.mp4#t=35.8.jpg,4-wheeler,True
V004,V004__V004_2023-08-16_16-17-20.mp4#t=35.8.jpg,2-wheeler,False
V004,V004__V004_2023-08-16_16-17-20.mp4#t=35.8.jpg,2-wheeler,False
V004,V004__V004_2023-08-16_16-17-20.mp4#t=35.8.jpg,2-wheeler,False
V004,V004__V004_2023-08-16_16-17-20.mp4#t=35.8.jpg,4-wheeler,False
V004,V004__V004_2023-08-16_16-17-20.mp4#t=35.8.jpg,2-wheeler,False
V004,V004__V004_2023-08-16_16-17-20.mp4#t=35.8.jpg,2-wheeler,False
V004,V004__V004_2023-08-16_16-17-20.mp4#t=31.866667.jpg,pedestrian,False
V004,V004__V004_2023-08-16_16-17-20.mp4#t=31.866667.jpg,2-wheeler,False
V004,V004__V004_2023-08-16_16-17-20.mp4#t=31.866667.jpg,4-wheeler,False
V004,V004__V004_2023-08-16_16-17-20.mp4#t=31.866667.jpg,2-wheeler,False
V004,V004__V004_2023-08-16_16-17-20.mp4#t=31.866667.jpg,4-wheeler,False
V004,V004__V004_2023-08-16_16-17-20.mp4#t=31.866667.jpg,2-wheeler,False
V004,V004__V004_2023-08-16_16-17-20.mp4#t=30.666667.jpg,4-wheeler,True
V004,V004__V004_2023-08-16_16-17-20.mp4#t=30.666667.jpg,4-wheeler,False
V004,V004__V004_2023-08-16_16-17-20.mp4#t=30.666667.jpg,2-wheeler,False
V004,V004__V004_2023-08-16_16-17-20.mp4#t=30.666667.jpg,3-wheeler,False
V004,V004__V004_2023-08-16_16-17-20.mp4#t=30.666667.jpg,4-wheeler,False
V004,V004__V004_2023-08-16_16-17-20.mp4#t=30.666667.jpg,2-wheeler,False
V004,V004__V004_2023-08-16_16-17-20.mp4#t=30.666667.jpg,2-wheeler,False
V004,V004__V004_2023-08-16_16-17-20.mp4#t=30.666667.jpg,2-wheeler,False
V004,V004__V004_2023-08-16_16-17-20.mp4#t=28.933333.jpg,2-wheeler,False
V004,V004__V004_2023-08-16_16-17-20.mp4#t=28.933333.jpg,4-wheeler,False
V004,V004__V004_2023-08-16_16-17-20.mp4#t=28.933333.jpg,4-wheeler,True
V004,V004__V004_2023-08-16_16-17-20.mp4#t=28.933333.jpg,2-wheeler,False
V004,V004__V004_2023-08-16_16-17-20.mp4#t=28.933333.jpg,4-wheeler,False
V004,V004__V004_2023-08-16_16-17-20.mp4#t=28.933333.jpg,2-wheeler,False
V004,V004__V004_2023-08-16_16-17-20.mp4#t=28.933333.jpg,2-wheeler,False
V004,V004__V004_2023-08-16_16-17-20.mp4#t=27.466667.jpg,4-wheeler,True
V004,V004__V004_2023-08-16_16-17-20.mp4#t=27.466667.jpg,2-wheeler,False
V004,V004__V004_2023-08-16_16-17-20.mp4#t=27.466667.jpg,2-wheeler,False
V004,V004__V004_2023-08-16_16-17-20.mp4#t=27.466667.jpg,4-wheeler,False
V004,V004__V004_2023-08-16_16-17-20.mp4#t=27.466667.jpg,4-wheeler,True
V004,V004__V004_2023-08-16_16-17-20.mp4#t=27.466667.jpg,2-wheeler,False
V004,V004__V004_2023-08-16_16-17-20.mp4#t=24.266667.jpg,2-wheeler,False
V004,V004__V004_2023-08-16_16-17-20.mp4#t=24.266667.jpg,4-wheeler,True
V004,V004__V004_2023-08-16_16-17-20.mp4#t=24.266667.jpg,2-wheeler,False
V004,V004__V004_2023-08-16_16-17-20.mp4#t=24.266667.jpg,2-wheeler,False
V004,V004__V004_2023-08-16_16-17-20.mp4#t=24.266667.jpg,2-wheeler,False
V004,V004__V004_2023-08-16_16-17-20.mp4#t=24.266667.jpg,2-wheeler,True
V004,V004__V004_2023-08-16_16-17-20.mp4#t=22.133333.jpg,4-wheeler,True
V004,V004__V004_2023-08-16_16-17-20.mp4#t=22.133333.jpg,4-wheeler,True
V004,V004__V004_2023-08-16_16-17-20.mp4#t=22.133333.jpg,4-wheeler,True
V004,V004__V004_2023-08-16_16-17-20.mp4#t=22.133333.jpg,3-wheeler,False
V004,V004__V004_2023-08-16_16-17-20.mp4#t=22.133333.jpg,2-wheeler,False
V004,V004__V004_2023-08-16_16-17-20.mp4#t=22.133333.jpg,3-wheeler,False
V004,V004__V004_2023-08-16_16-17-20.mp4#t=22.133333.jpg,2-wheeler,False
V004,V004__V004_2023-08-16_16-17-20.mp4#t=22.133333.jpg,2-wheeler,False
V004,V004__V004_2023-08-16_16-17-20.mp4#t=22.133333.jpg,2-wheeler,False
V004,V004__V004_2023-08-16_16-17-20.mp4#t=22.133333.jpg,2-wheeler,False
V004,V004__V004_2023-08-16_16-17-20.mp4#t=22.133333.jpg,4-wheeler,False
V004,V004__V004_2023-08-16_16-17-20.mp4#t=22.133333.jpg,2-wheeler,False
V004,V004__V004_2023-08-16_16-17-20.mp4#t=20.533333.jpg,4-wheeler,True
V004,V004__V004_2023-08-16_16-17-20.mp4#t=20.533333.jpg,2-wheeler,False
V004,V004__V004_2023-08-16_16-17-20.mp4#t=20.533333.jpg,2-wheeler,False
V004,V004__V004_2023-08-16_16-17-20.mp4#t=20.533333.jpg,2-wheeler,False
V004,V004__V004_2023-08-16_16-17-20.mp4#t=20.533333.jpg,2-wheeler,False
V004,V004__V004_2023-08-16_16-17-20.mp4#t=20.533333.jpg,2-wheeler,False
V004,V004__V004_2023-08-16_16-17-20.mp4#t=20.533333.jpg,3-wheeler,True
V004,V004__V004_2023-08-16_16-17-20.mp4#t=17.133333.jpg,2-wheeler,True
V004,V004__V004_2023-08-16_16-17-20.mp4#t=17.133333.jpg,2-wheeler,False
V004,V004__V004_2023-08-16_16-17-20.mp4#t=17.133333.jpg,2-wheeler,False
V004,V004__V004_2023-08-16_16-17-20.mp4#t=17.133333.jpg,2-wheeler,True
V004,V004__V004_2023-08-16_16-17-20.mp4#t=17.133333.jpg,4-wheeler,True
V004,V004__V004_2023-08-16_16-17-20.mp4#t=14.8.jpg,2-wheeler,True
V004,V004__V004_2023-08-16_16-17-20.mp4#t=14.8.jpg,2-wheeler,False
V004,V004__V004_2023-08-16_16-17-20.mp4#t=14.8.jpg,2-wheeler,False
V004,V004__V004_2023-08-16_16-17-20.mp4#t=14.8.jpg,2-wheeler,False
V004,V004__V004_2023-08-16_16-17-20.mp4#t=14.8.jpg,2-wheeler,False
V004,V004__V004_2023-08-16_16-17-20.mp4#t=14.8.jpg,2-wheeler,False
V004,V004__V004_2023-08-16_16-17-20.mp4#t=14.8.jpg,4-wheeler,True
V004,V004__V004_2023-08-16_16-17-20.mp4#t=14.8.jpg,4-wheeler,True
V004,V004__V004_2023-08-16_16-17-20.mp4#t=13.8.jpg,2-wheeler,False
V004,V004__V004_2023-08-16_16-17-20.mp4#t=13.8.jpg,2-wheeler,False
V004,V004__V004_2023-08-16_16-17-20.mp4#t=13.8.jpg,3-wheeler,False
V004,V004__V004_2023-08-16_16-17-20.mp4#t=13.8.jpg,2-wheeler,False
V004,V004__V004_2023-08-16_16-17-20.mp4#t=13.8.jpg,2-wheeler,False
V004,V004__V004_2023-08-16_16-17-20.mp4#t=13.8.jpg,4-wheeler,True
V004,V004__V004_2023-08-16_16-17-20.mp4#t=13.8.jpg,4-wheeler,True
V004,V004__V004_2023-08-16_16-17-20.mp4#t=12.733333.jpg,2-wheeler,False
V004,V004__V004_2023-08-16_16-17-20.mp4#t=12.733333.jpg,2-wheeler,False
V004,V004__V004_2023-08-16_16-17-20.mp4#t=12.733333.jpg,3-wheeler,True
V004,V004__V004_2023-08-16_16-17-20.mp4#t=12.733333.jpg,2-wheeler,False
V004,V004__V004_2023-08-16_16-17-20.mp4#t=12.733333.jpg,4-wheeler,False
V004,V004__V004_2023-08-16_16-17-20.mp4#t=12.733333.jpg,pedestrian,False
V004,V004__V004_2023-08-16_16-17-20.mp4#t=11.2.jpg,2-wheeler,True
V004,V004__V004_2023-08-16_16-17-20.mp4#t=11.2.jpg,3-wheeler,True
V004,V004__V004_2023-08-16_16-17-20.mp4#t=11.2.jpg,2-wheeler,False
V004,V004__V004_2023-08-16_16-17-20.mp4#t=11.2.jpg,4-wheeler,True
V004,V004__V004_2023-08-16_16-17-20.mp4#t=11.2.jpg,4-wheeler,False
V004,V004__V004_2023-08-16_16-17-20.mp4#t=9.4.jpg,2-wheeler,False
V004,V004__V004_2023-08-16_16-17-20.mp4#t=9.4.jpg,2-wheeler,True
V004,V004__V004_2023-08-16_16-17-20.mp4#t=9.4.jpg,4-wheeler,False
V004,V004__V004_2023-08-16_16-17-20.mp4#t=7.733333.jpg,2-wheeler,True
V004,V004__V004_2023-08-16_16-17-20.mp4#t=7.733333.jpg,4-wheeler,False
V004,V004__V004_2023-08-16_16-17-20.mp4#t=7.733333.jpg,2-wheeler,False
V004,V004__V004_2023-08-16_16-17-20.mp4#t=7.733333.jpg,3-wheeler,True
V004,V004__V004_2023-08-16_16-17-20.mp4#t=7.733333.jpg,2-wheeler,False
V004,V004__V004_2023-08-16_16-17-20.mp4#t=7.733333.jpg,2-wheeler,True
V004,V004__V004_2023-08-16_16-17-20.mp4#t=5.533333.jpg,2-wheeler,False
V004,V004__V004_2023-08-16_16-17-20.mp4#t=5.533333.jpg,2-wheeler,False
V004,V004__V004_2023-08-16_16-17-20.mp4#t=5.533333.jpg,2-wheeler,False
V004,V004__V004_2023-08-16_16-17-20.mp4#t=5.533333.jpg,2-wheeler,False
V004,V004__V004_2023-08-16_16-17-20.mp4#t=5.533333.jpg,pedestrian,False
V004,V004__V004_2023-08-16_16-17-20.mp4#t=5.533333.jpg,2-wheeler,False
V004,V004__V004_2023-08-16_16-17-20.mp4#t=3.8.jpg,2-wheeler,False
V004,V004__V004_2023-08-16_16-17-20.mp4#t=3.8.jpg,2-wheeler,False
V004,V004__V004_2023-08-16_16-17-20.mp4#t=3.8.jpg,4-wheeler,False
V004,V004__V004_2023-08-16_16-17-20.mp4#t=3.8.jpg,2-wheeler,True
V004,V004__V004_2023-08-16_16-17-20.mp4#t=3.8.jpg,2-wheeler,False
V004,V004__V004_2023-08-16_16-17-20.mp4#t=3.8.jpg,2-wheeler,False
V004,V004__V004_2023-08-16_16-17-20.mp4#t=3.8.jpg,3-wheeler,False
V004,V004__V004_2023-08-16_16-17-20.mp4#t=3.8.jpg,4-wheeler,True
V004,V004__V004_2023-08-16_16-17-20.mp4#t=1.333333.jpg,2-wheeler,False
V004,V004__V004_2023-08-16_16-17-20.mp4#t=1.333333.jpg,pedestrian,False
V004,V004__V004_2023-08-16_16-17-20.mp4#t=1.333333.jpg,2-wheeler,False
V004,V004__V004_2023-08-16_16-17-20.mp4#t=1.333333.jpg,2-wheeler,True
V004,V004__V004_2023-08-16_16-17-20.mp4#t=1.333333.jpg,2-wheeler,False
V004,V004__V004_2023-08-16_16-17-20.mp4#t=1.333333.jpg,4-wheeler,False
V004,V004__V004_2023-08-16_16-17-20.mp4#t=1.333333.jpg,3-wheeler,True
V005,V005__V005_2023-08-16_16-19-22.mp4#t=116.666667.jpg,4-wheeler,False
V005,V005__V005_2023-08-16_16-19-22.mp4#t=116.666667.jpg,4-wheeler,False
V005,V005__V005_2023-08-16_16-19-22.mp4#t=116.666667.jpg,2-wheeler,False
V005,V005__V005_2023-08-16_16-19-22.mp4#t=114.4.jpg,4-wheeler,False
V005,V005__V005_2023-08-16_16-19-22.mp4#t=114.4.jpg,4-wheeler,False
V005,V005__V005_2023-08-16_16-19-22.mp4#t=112.066667.jpg,4-wheeler,True
V005,V005__V005_2023-08-16_16-19-22.mp4#t=112.066667.jpg,4-wheeler,False
V005,V005__V005_2023-08-16_16-19-22.mp4#t=111.466667.jpg,4-wheeler,True
V005,V005__V005_2023-08-16_16-19-22.mp4#t=111.466667.jpg,4-wheeler,False
V005,V005__V005_2023-08-16_16-19-22.mp4#t=108.533333.jpg,4-wheeler,False
V005,V005__V005_2023-08-16_16-19-22.mp4#t=107.6.jpg,2-wheeler,False
V005,V005__V005_2023-08-16_16-19-22.mp4#t=107.6.jpg,4-wheeler,True
V005,V005__V005_2023-08-16_16-19-22.mp4#t=107.6.jpg,4-wheeler,False
V005,V005__V005_2023-08-16_16-19-22.mp4#t=104.733333.jpg,4-wheeler,False
V005,V005__V005_2023-08-16_16-19-22.mp4#t=104.733333.jpg,4-wheeler,True
V005,V005__V005_2023-08-16_16-19-22.mp4#t=99.8.jpg,2-wheeler,False
V005,V005__V005_2023-08-16_16-19-22.mp4#t=99.8.jpg,4-wheeler,True
V005,V005__V005_2023-08-16_16-19-22.mp4#t=99.8.jpg,4-wheeler,True
V005,V005__V005_2023-08-16_16-19-22.mp4#t=98.6.jpg,2-wheeler,False
V005,V005__V005_2023-08-16_16-19-22.mp4#t=98.6.jpg,4-wheeler,False
V005,V005__V005_2023-08-16_16-19-22.mp4#t=98.6.jpg,4-wheeler,True
V005,V005__V005_2023-08-16_16-19-22.mp4#t=97.133333.jpg,4-wheeler,False
V005,V005__V005_2023-08-16_16-19-22.mp4#t=97.133333.jpg,4-wheeler,True
V005,V005__V005_2023-08-16_16-19-22.mp4#t=97.133333.jpg,4-wheeler,True
V005,V005__V005_2023-08-16_16-19-22.mp4#t=94.733333.jpg,4-wheeler,False
V005,V005__V005_2023-08-16_16-19-22.mp4#t=94.733333.jpg,pedestrian,False
V005,V005__V005_2023-08-16_16-19-22.mp4#t=94.733333.jpg,4-wheeler,True
V005,V005__V005_2023-08-16_16-19-22.mp4#t=94.733333.jpg,4-wheeler,False
V005,V005__V005_2023-08-16_16-19-22.mp4#t=94.733333.jpg,4-wheeler,True
V005,V005__V005_2023-08-16_16-19-22.mp4#t=93.133333.jpg,2-wheeler,False
V005,V005__V005_2023-08-16_16-19-22.mp4#t=93.133333.jpg,3-wheeler,False
V005,V005__V005_2023-08-16_16-19-22.mp4#t=93.133333.jpg,4-wheeler,True
V005,V005__V005_2023-08-16_16-19-22.mp4#t=93.133333.jpg,4-wheeler,True
V005,V005__V005_2023-08-16_16-19-22.mp4#t=93.133333.jpg,4-wheeler,True
V005,V005__V005_2023-08-16_16-19-22.mp4#t=91.733333.jpg,2-wheeler,False
V005,V005__V005_2023-08-16_16-19-22.mp4#t=91.733333.jpg,4-wheeler,False
V005,V005__V005_2023-08-16_16-19-22.mp4#t=91.733333.jpg,4-wheeler,True
V005,V005__V005_2023-08-16_16-19-22.mp4#t=91.733333.jpg,4-wheeler,True
V005,V005__V005_2023-08-16_16-19-22.mp4#t=90.jpg,2-wheeler,False
V005,V005__V005_2023-08-16_16-19-22.mp4#t=90.jpg,4-wheeler,False
V005,V005__V005_2023-08-16_16-19-22.mp4#t=90.jpg,2-wheeler,False
V005,V005__V005_2023-08-16_16-19-22.mp4#t=90.jpg,4-wheeler,False
V005,V005__V005_2023-08-16_16-19-22.mp4#t=90.jpg,4-wheeler,True
V005,V005__V005_2023-08-16_16-19-22.mp4#t=90.jpg,4-wheeler,True
V005,V005__V005_2023-08-16_16-19-22.mp4#t=87.066667.jpg,3-wheeler,True
V005,V005__V005_2023-08-16_16-19-22.mp4#t=87.066667.jpg,3-wheeler,False
V005,V005__V005_2023-08-16_16-19-22.mp4#t=87.066667.jpg,2-wheeler,False
V005,V005__V005_2023-08-16_16-19-22.mp4#t=87.066667.jpg,4-wheeler,True
V005,V005__V005_2023-08-16_16-19-22.mp4#t=87.066667.jpg,4-wheeler,True
V005,V005__V005_2023-08-16_16-19-22.mp4#t=85.733333.jpg,4-wheeler,True
V005,V005__V005_2023-08-16_16-19-22.mp4#t=85.733333.jpg,4-wheeler,True
V005,V005__V005_2023-08-16_16-19-22.mp4#t=85.733333.jpg,2-wheeler,False
V005,V005__V005_2023-08-16_16-19-22.mp4#t=85.733333.jpg,4-wheeler,False
V005,V005__V005_2023-08-16_16-19-22.mp4#t=85.733333.jpg,4-wheeler,True
V005,V005__V005_2023-08-16_16-19-22.mp4#t=84.jpg,3-wheeler,False
V005,V005__V005_2023-08-16_16-19-22.mp4#t=84.jpg,3-wheeler,False
V005,V005__V005_2023-08-16_16-19-22.mp4#t=84.jpg,4-wheeler,True
V005,V005__V005_2023-08-16_16-19-22.mp4#t=84.jpg,4-wheeler,False
V005,V005__V005_2023-08-16_16-19-22.mp4#t=84.jpg,2-wheeler,False
V005,V005__V005_2023-08-16_16-19-22.mp4#t=84.jpg,4-wheeler,False
V005,V005__V005_2023-08-16_16-19-22.mp4#t=82.133333.jpg,3-wheeler,False
V005,V005__V005_2023-08-16_16-19-22.mp4#t=82.133333.jpg,2-wheeler,False
V005,V005__V005_2023-08-16_16-19-22.mp4#t=82.133333.jpg,3-wheeler,False
V005,V005__V005_2023-08-16_16-19-22.mp4#t=82.133333.jpg,4-wheeler,False
V005,V005__V005_2023-08-16_16-19-22.mp4#t=82.133333.jpg,4-wheeler,True
V005,V005__V005_2023-08-16_16-19-22.mp4#t=82.133333.jpg,2-wheeler,False
V005,V005__V005_2023-08-16_16-19-22.mp4#t=82.133333.jpg,2-wheeler,True
V005,V005__V005_2023-08-16_16-19-22.mp4#t=80.6.jpg,4-wheeler,False
V005,V005__V005_2023-08-16_16-19-22.mp4#t=80.6.jpg,2-wheeler,False
V005,V005__V005_2023-08-16_16-19-22.mp4#t=80.6.jpg,3-wheeler,True
V005,V005__V005_2023-08-16_16-19-22.mp4#t=80.6.jpg,4-wheeler,False
V005,V005__V005_2023-08-16_16-19-22.mp4#t=80.6.jpg,2-wheeler,False
V005,V005__V005_2023-08-16_16-19-22.mp4#t=80.6.jpg,2-wheeler,True
V005,V005__V005_2023-08-16_16-19-22.mp4#t=78.066667.jpg,4-wheeler,False
V005,V005__V005_2023-08-16_16-19-22.mp4#t=78.066667.jpg,4-wheeler,True
V005,V005__V005_2023-08-16_16-19-22.mp4#t=78.066667.jpg,2-wheeler,False
V005,V005__V005_2023-08-16_16-19-22.mp4#t=78.066667.jpg,4-wheeler,True
V005,V005__V005_2023-08-16_16-19-22.mp4#t=78.066667.jpg,2-wheeler,False
V005,V005__V005_2023-08-16_16-19-22.mp4#t=78.066667.jpg,2-wheeler,False
V005,V005__V005_2023-08-16_16-19-22.mp4#t=78.066667.jpg,3-wheeler,False
V005,V005__V005_2023-08-16_16-19-22.mp4#t=73.533333.jpg,4-wheeler,False
V005,V005__V005_2023-08-16_16-19-22.mp4#t=73.533333.jpg,2-wheeler,False
V005,V005__V005_2023-08-16_16-19-22.mp4#t=73.533333.jpg,2-wheeler,False
V005,V005__V005_2023-08-16_16-19-22.mp4#t=73.533333.jpg,2-wheeler,False
V005,V005__V005_2023-08-16_16-19-22.mp4#t=73.533333.jpg,3-wheeler,False
V005,V005__V005_2023-08-16_16-19-22.mp4#t=71.666667.jpg,4-wheeler,False
V005,V005__V005_2023-08-16_16-19-22.mp4#t=71.666667.jpg,4-wheeler,False
V005,V005__V005_2023-08-16_16-19-22.mp4#t=71.666667.jpg,2-wheeler,False
V005,V005__V005_2023-08-16_16-19-22.mp4#t=71.666667.jpg,2-wheeler,False
V005,V005__V005_2023-08-16_16-19-22.mp4#t=71.666667.jpg,3-wheeler,False
V005,V005__V005_2023-08-16_16-19-22.mp4#t=69.733333.jpg,4-wheeler,False
V005,V005__V005_2023-08-16_16-19-22.mp4#t=69.733333.jpg,2-wheeler,False
V005,V005__V005_2023-08-16_16-19-22.mp4#t=69.733333.jpg,2-wheeler,False
V005,V005__V005_2023-08-16_16-19-22.mp4#t=69.733333.jpg,2-wheeler,False
V005,V005__V005_2023-08-16_16-19-22.mp4#t=69.733333.jpg,2-wheeler,False
V005,V005__V005_2023-08-16_16-19-22.mp4#t=68.066667.jpg,4-wheeler,True
V005,V005__V005_2023-08-16_16-19-22.mp4#t=68.066667.jpg,4-wheeler,False
V005,V005__V005_2023-08-16_16-19-22.mp4#t=68.066667.jpg,2-wheeler,False
V005,V005__V005_2023-08-16_16-19-22.mp4#t=68.066667.jpg,2-wheeler,False
V005,V005__V005_2023-08-16_16-19-22.mp4#t=68.066667.jpg,2-wheeler,False
V005,V005__V005_2023-08-16_16-19-22.mp4#t=68.066667.jpg,2-wheeler,False
V005,V005__V005_2023-08-16_16-19-22.mp4#t=68.066667.jpg,2-wheeler,False
V005,V005__V005_2023-08-16_16-19-22.mp4#t=66.666667.jpg,3-wheeler,True
V005,V005__V005_2023-08-16_16-19-22.mp4#t=66.666667.jpg,4-wheeler,False
V005,V005__V005_2023-08-16_16-19-22.mp4#t=66.666667.jpg,2-wheeler,False
V005,V005__V005_2023-08-16_16-19-22.mp4#t=66.666667.jpg,2-wheeler,False
V005,V005__V005_2023-08-16_16-19-22.mp4#t=66.666667.jpg,2-wheeler,False
V005,V005__V005_2023-08-16_16-19-22.mp4#t=66.666667.jpg,3-wheeler,True
V005,V005__V005_2023-08-16_16-19-22.mp4#t=66.666667.jpg,4-wheeler,False
V005,V005__V005_2023-08-16_16-19-22.mp4#t=65.733333.jpg,2-wheeler,False
V005,V005__V005_2023-08-16_16-19-22.mp4#t=65.733333.jpg,2-wheeler,False
V005,V005__V005_2023-08-16_16-19-22.mp4#t=65.733333.jpg,2-wheeler,False
V005,V005__V005_2023-08-16_16-19-22.mp4#t=65.733333.jpg,2-wheeler,False
V005,V005__V005_2023-08-16_16-19-22.mp4#t=65.733333.jpg,3-wheeler,True
V005,V005__V005_2023-08-16_16-19-22.mp4#t=64.2.jpg,2-wheeler,False
V005,V005__V005_2023-08-16_16-19-22.mp4#t=64.2.jpg,2-wheeler,False
V005,V005__V005_2023-08-16_16-19-22.mp4#t=64.2.jpg,4-wheeler,False
V005,V005__V005_2023-08-16_16-19-22.mp4#t=64.2.jpg,3-wheeler,True
V005,V005__V005_2023-08-16_16-19-22.mp4#t=62.666667.jpg,2-wheeler,False
V005,V005__V005_2023-08-16_16-19-22.mp4#t=62.666667.jpg,4-wheeler,False
V005,V005__V005_2023-08-16_16-19-22.mp4#t=62.666667.jpg,4-wheeler,False
V005,V005__V005_2023-08-16_16-19-22.mp4#t=62.666667.jpg,2-wheeler,False
V005,V005__V005_2023-08-16_16-19-22.mp4#t=62.666667.jpg,2-wheeler,False
V005,V005__V005_2023-08-16_16-19-22.mp4#t=62.666667.jpg,4-wheeler,True
V005,V005__V005_2023-08-16_16-19-22.mp4#t=62.666667.jpg,4-wheeler,False
V005,V005__V005_2023-08-16_16-19-22.mp4#t=62.666667.jpg,2-wheeler,False
V005,V005__V005_2023-08-16_16-19-22.mp4#t=62.666667.jpg,3-wheeler,False
V005,V005__V005_2023-08-16_16-19-22.mp4#t=61.6.jpg,2-wheeler,False
V005,V005__V005_2023-08-16_16-19-22.mp4#t=61.6.jpg,2-wheeler,False
V005,V005__V005_2023-08-16_16-19-22.mp4#t=61.6.jpg,4-wheeler,False
V005,V005__V005_2023-08-16_16-19-22.mp4#t=61.6.jpg,4-wheeler,False
V005,V005__V005_2023-08-16_16-19-22.mp4#t=61.6.jpg,2-wheeler,False
V005,V005__V005_2023-08-16_16-19-22.mp4#t=61.6.jpg,3-wheeler,False
V005,V005__V005_2023-08-16_16-19-22.mp4#t=60.733333.jpg,2-wheeler,False
V005,V005__V005_2023-08-16_16-19-22.mp4#t=60.733333.jpg,4-wheeler,False
V005,V005__V005_2023-08-16_16-19-22.mp4#t=60.733333.jpg,2-wheeler,False
V005,V005__V005_2023-08-16_16-19-22.mp4#t=60.733333.jpg,2-wheeler,False
V005,V005__V005_2023-08-16_16-19-22.mp4#t=60.733333.jpg,3-wheeler,True
V005,V005__V005_2023-08-16_16-19-22.mp4#t=58.933333.jpg,4-wheeler,True
V005,V005__V005_2023-08-16_16-19-22.mp4#t=58.933333.jpg,2-wheeler,False
V005,V005__V005_2023-08-16_16-19-22.mp4#t=58.933333.jpg,2-wheeler,True
V005,V005__V005_2023-08-16_16-19-22.mp4#t=58.933333.jpg,4-wheeler,False
V005,V005__V005_2023-08-16_16-19-22.mp4#t=58.933333.jpg,2-wheeler,False
V005,V005__V005_2023-08-16_16-19-22.mp4#t=58.933333.jpg,2-wheeler,True
V005,V005__V005_2023-08-16_16-19-22.mp4#t=58.933333.jpg,2-wheeler,False
V005,V005__V005_2023-08-16_16-19-22.mp4#t=57.533333.jpg,4-wheeler,False
V005,V005__V005_2023-08-16_16-19-22.mp4#t=57.533333.jpg,2-wheeler,False
V005,V005__V005_2023-08-16_16-19-22.mp4#t=57.533333.jpg,2-wheeler,False
V005,V005__V005_2023-08-16_16-19-22.mp4#t=57.533333.jpg,2-wheeler,False
V005,V005__V005_2023-08-16_16-19-22.mp4#t=57.533333.jpg,3-wheeler,False
V005,V005__V005_2023-08-16_16-19-22.mp4#t=56.4.jpg,4-wheeler,False
V005,V005__V005_2023-08-16_16-19-22.mp4#t=56.4.jpg,4-wheeler,False
V005,V005__V005_2023-08-16_16-19-22.mp4#t=56.4.jpg,2-wheeler,False
V005,V005__V005_2023-08-16_16-19-22.mp4#t=56.4.jpg,2-wheeler,False
V005,V005__V005_2023-08-16_16-19-22.mp4#t=54.4.jpg,4-wheeler,False
V005,V005__V005_2023-08-16_16-19-22.mp4#t=54.4.jpg,4-wheeler,False
V005,V005__V005_2023-08-16_16-19-22.mp4#t=54.4.jpg,2-wheeler,False
V005,V005__V005_2023-08-16_16-19-22.mp4#t=54.4.jpg,4-wheeler,False
V005,V005__V005_2023-08-16_16-19-22.mp4#t=53.066667.jpg,4-wheeler,False
V005,V005__V005_2023-08-16_16-19-22.mp4#t=53.066667.jpg,4-wheeler,False
V005,V005__V005_2023-08-16_16-19-22.mp4#t=53.066667.jpg,2-wheeler,False
V005,V005__V005_2023-08-16_16-19-22.mp4#t=53.066667.jpg,2-wheeler,False
V005,V005__V005_2023-08-16_16-19-22.mp4#t=53.066667.jpg,3-wheeler,True
V005,V005__V005_2023-08-16_16-19-22.mp4#t=51.733333.jpg,2-wheeler,False
V005,V005__V005_2023-08-16_16-19-22.mp4#t=51.733333.jpg,4-wheeler,True
V005,V005__V005_2023-08-16_16-19-22.mp4#t=51.733333.jpg,4-wheeler,False
V005,V005__V005_2023-08-16_16-19-22.mp4#t=51.733333.jpg,3-wheeler,False
V005,V005__V005_2023-08-16_16-19-22.mp4#t=51.733333.jpg,4-wheeler,False
V005,V005__V005_2023-08-16_16-19-22.mp4#t=51.733333.jpg,2-wheeler,False
V005,V005__V005_2023-08-16_16-19-22.mp4#t=51.733333.jpg,3-wheeler,False
V005,V005__V005_2023-08-16_16-19-22.mp4#t=49.933333.jpg,4-wheeler,True
V005,V005__V005_2023-08-16_16-19-22.mp4#t=49.933333.jpg,4-wheeler,False
V005,V005__V005_2023-08-16_16-19-22.mp4#t=49.933333.jpg,4-wheeler,False
V005,V005__V005_2023-08-16_16-19-22.mp4#t=49.933333.jpg,3-wheeler,False
V005,V005__V005_2023-08-16_16-19-22.mp4#t=49.533333.jpg,4-wheeler,False
V005,V005__V005_2023-08-16_16-19-22.mp4#t=49.533333.jpg,4-wheeler,False
V005,V005__V005_2023-08-16_16-19-22.mp4#t=49.533333.jpg,4-wheeler,False
V005,V005__V005_2023-08-16_16-19-22.mp4#t=49.533333.jpg,3-wheeler,True
V005,V005__V005_2023-08-16_16-19-22.mp4#t=47.8.jpg,2-wheeler,False
V005,V005__V005_2023-08-16_16-19-22.mp4#t=47.8.jpg,3-wheeler,False
V005,V005__V005_2023-08-16_16-19-22.mp4#t=47.8.jpg,4-wheeler,True
V005,V005__V005_2023-08-16_16-19-22.mp4#t=47.8.jpg,4-wheeler,False
V005,V005__V005_2023-08-16_16-19-22.mp4#t=47.8.jpg,3-wheeler,True
V005,V005__V005_2023-08-16_16-19-22.mp4#t=46.266667.jpg,4-wheeler,True
V005,V005__V005_2023-08-16_16-19-22.mp4#t=46.266667.jpg,4-wheeler,False
V005,V005__V005_2023-08-16_16-19-22.mp4#t=46.266667.jpg,3-wheeler,True
V005,V005__V005_2023-08-16_16-19-22.mp4#t=46.266667.jpg,2-wheeler,True
V005,V005__V005_2023-08-16_16-19-22.mp4#t=44.066667.jpg,4-wheeler,False
V005,V005__V005_2023-08-16_16-19-22.mp4#t=44.066667.jpg,3-wheeler,False
V005,V005__V005_2023-08-16_16-19-22.mp4#t=44.066667.jpg,2-wheeler,False
V005,V005__V005_2023-08-16_16-19-22.mp4#t=44.066667.jpg,2-wheeler,True
V005,V005__V005_2023-08-16_16-19-22.mp4#t=42.8.jpg,2-wheeler,False
V005,V005__V005_2023-08-16_16-19-22.mp4#t=42.8.jpg,3-wheeler,False
V005,V005__V005_2023-08-16_16-19-22.mp4#t=42.8.jpg,2-wheeler,False
V005,V005__V005_2023-08-16_16-19-22.mp4#t=42.8.jpg,4-wheeler,False
V005,V005__V005_2023-08-16_16-19-22.mp4#t=42.8.jpg,2-wheeler,True
V005,V005__V005_2023-08-16_16-19-22.mp4#t=40.733333.jpg,4-wheeler,True
V005,V005__V005_2023-08-16_16-19-22.mp4#t=40.733333.jpg,3-wheeler,False
V005,V005__V005_2023-08-16_16-19-22.mp4#t=40.733333.jpg,2-wheeler,False
V005,V005__V005_2023-08-16_16-19-22.mp4#t=40.733333.jpg,4-wheeler,True
V005,V005__V005_2023-08-16_16-19-22.mp4#t=39.666667.jpg,pedestrian,False
V005,V005__V005_2023-08-16_16-19-22.mp4#t=39.666667.jpg,4-wheeler,False
V005,V005__V005_2023-08-16_16-19-22.mp4#t=39.666667.jpg,2-wheeler,False
V005,V005__V005_2023-08-16_16-19-22.mp4#t=39.666667.jpg,4-wheeler,False
V005,V005__V005_2023-08-16_16-19-22.mp4#t=39.666667.jpg,2-wheeler,False
V005,V005__V005_2023-08-16_16-19-22.mp4#t=38.466667.jpg,3-wheeler,True
V005,V005__V005_2023-08-16_16-19-22.mp4#t=38.466667.jpg,4-wheeler,False
V005,V005__V005_2023-08-16_16-19-22.mp4#t=38.466667.jpg,3-wheeler,False
V005,V005__V005_2023-08-16_16-19-22.mp4#t=38.466667.jpg,3-wheeler,False
V005,V005__V005_2023-08-16_16-19-22.mp4#t=36.6.jpg,4-wheeler,False
V005,V005__V005_2023-08-16_16-19-22.mp4#t=36.6.jpg,4-wheeler,True
V005,V005__V005_2023-08-16_16-19-22.mp4#t=36.6.jpg,4-wheeler,False
V005,V005__V005_2023-08-16_16-19-22.mp4#t=36.6.jpg,3-wheeler,False
V005,V005__V005_2023-08-16_16-19-22.mp4#t=36.6.jpg,2-wheeler,True
V005,V005__V005_2023-08-16_16-19-22.mp4#t=35.466667.jpg,3-wheeler,False
V005,V005__V005_2023-08-16_16-19-22.mp4#t=35.466667.jpg,4-wheeler,False
V005,V005__V005_2023-08-16_16-19-22.mp4#t=35.466667.jpg,3-wheeler,False
V005,V005__V005_2023-08-16_16-19-22.mp4#t=35.466667.jpg,2-wheeler,False
V005,V005__V005_2023-08-16_16-19-22.mp4#t=33.133333.jpg,4-wheeler,True
V005,V005__V005_2023-08-16_16-19-22.mp4#t=33.133333.jpg,4-wheeler,False
V005,V005__V005_2023-08-16_16-19-22.mp4#t=33.133333.jpg,3-wheeler,False
V005,V005__V005_2023-08-16_16-19-22.mp4#t=33.133333.jpg,2-wheeler,False
V005,V005__V005_2023-08-16_16-19-22.mp4#t=33.133333.jpg,2-wheeler,True
V005,V005__V005_2023-08-16_16-19-22.mp4#t=30.jpg,2-wheeler,True
V005,V005__V005_2023-08-16_16-19-22.mp4#t=30.jpg,3-wheeler,True
V005,V005__V005_2023-08-16_16-19-22.mp4#t=30.jpg,4-wheeler,False
V005,V005__V005_2023-08-16_16-19-22.mp4#t=30.jpg,4-wheeler,True
V005,V005__V005_2023-08-16_16-19-22.mp4#t=30.jpg,2-wheeler,False
V005,V005__V005_2023-08-16_16-19-22.mp4#t=30.jpg,2-wheeler,False
V005,V005__V005_2023-08-16_16-19-22.mp4#t=30.jpg,4-wheeler,True
V005,V005__V005_2023-08-16_16-19-22.mp4#t=28.2.jpg,4-wheeler,False
V005,V005__V005_2023-08-16_16-19-22.mp4#t=28.2.jpg,2-wheeler,False
V005,V005__V005_2023-08-16_16-19-22.mp4#t=28.2.jpg,2-wheeler,False
V005,V005__V005_2023-08-16_16-19-22.mp4#t=28.2.jpg,2-wheeler,True
V005,V005__V005_2023-08-16_16-19-22.mp4#t=28.2.jpg,2-wheeler,False
V005,V005__V005_2023-08-16_16-19-22.mp4#t=26.533333.jpg,3-wheeler,False
V005,V005__V005_2023-08-16_16-19-22.mp4#t=26.533333.jpg,4-wheeler,False
V005,V005__V005_2023-08-16_16-19-22.mp4#t=26.533333.jpg,2-wheeler,False
V005,V005__V005_2023-08-16_16-19-22.mp4#t=26.533333.jpg,4-wheeler,False
V005,V005__V005_2023-08-16_16-19-22.mp4#t=26.533333.jpg,2-wheeler,False
V005,V005__V005_2023-08-16_16-19-22.mp4#t=26.533333.jpg,2-wheeler,False
V005,V005__V005_2023-08-16_16-19-22.mp4#t=26.533333.jpg,2-wheeler,True
V005,V005__V005_2023-08-16_16-19-22.mp4#t=24.333333.jpg,3-wheeler,False
V005,V005__V005_2023-08-16_16-19-22.mp4#t=24.333333.jpg,4-wheeler,False
V005,V005__V005_2023-08-16_16-19-22.mp4#t=24.333333.jpg,2-wheeler,False
V005,V005__V005_2023-08-16_16-19-22.mp4#t=24.333333.jpg,2-wheeler,False
V005,V005__V005_2023-08-16_16-19-22.mp4#t=23.333333.jpg,4-wheeler,True
V005,V005__V005_2023-08-16_16-19-22.mp4#t=23.333333.jpg,4-wheeler,True
V005,V005__V005_2023-08-16_16-19-22.mp4#t=23.333333.jpg,4-wheeler,False
V005,V005__V005_2023-08-16_16-19-22.mp4#t=23.333333.jpg,4-wheeler,False
V005,V005__V005_2023-08-16_16-19-22.mp4#t=23.333333.jpg,2-wheeler,False
V005,V005__V005_2023-08-16_16-19-22.mp4#t=23.333333.jpg,2-wheeler,False
V005,V005__V005_2023-08-16_16-19-22.mp4#t=23.333333.jpg,2-wheeler,False
V005,V005__V005_2023-08-16_16-19-22.mp4#t=23.333333.jpg,2-wheeler,False
V005,V005__V005_2023-08-16_16-19-22.mp4#t=22.066667.jpg,2-wheeler,True
V005,V005__V005_2023-08-16_16-19-22.mp4#t=22.066667.jpg,2-wheeler,True
V005,V005__V005_2023-08-16_16-19-22.mp4#t=22.066667.jpg,2-wheeler,False
V005,V005__V005_2023-08-16_16-19-22.mp4#t=22.066667.jpg,2-wheeler,False
V005,V005__V005_2023-08-16_16-19-22.mp4#t=22.066667.jpg,4-wheeler,True
V005,V005__V005_2023-08-16_16-19-22.mp4#t=22.066667.jpg,2-wheeler,False
V005,V005__V005_2023-08-16_16-19-22.mp4#t=22.066667.jpg,2-wheeler,False
V005,V005__V005_2023-08-16_16-19-22.mp4#t=22.066667.jpg,2-wheeler,False
V005,V005__V005_2023-08-16_16-19-22.mp4#t=21.jpg,4-wheeler,True
V005,V005__V005_2023-08-16_16-19-22.mp4#t=21.jpg,4-wheeler,False
V005,V005__V005_2023-08-16_16-19-22.mp4#t=21.jpg,2-wheeler,False
V005,V005__V005_2023-08-16_16-19-22.mp4#t=21.jpg,2-wheeler,False
V005,V005__V005_2023-08-16_16-19-22.mp4#t=21.jpg,2-wheeler,False
V005,V005__V005_2023-08-16_16-19-22.mp4#t=21.jpg,4-wheeler,False
V005,V005__V005_2023-08-16_16-19-22.mp4#t=21.jpg,2-wheeler,False
V005,V005__V005_2023-08-16_16-19-22.mp4#t=21.jpg,2-wheeler,False
V005,V005__V005_2023-08-16_16-19-22.mp4#t=19.933333.jpg,2-wheeler,True
V005,V005__V005_2023-08-16_16-19-22.mp4#t=19.933333.jpg,2-wheeler,False
V005,V005__V005_2023-08-16_16-19-22.mp4#t=19.933333.jpg,3-wheeler,False
V005,V005__V005_2023-08-16_16-19-22.mp4#t=19.933333.jpg,4-wheeler,False
V005,V005__V005_2023-08-16_16-19-22.mp4#t=19.933333.jpg,2-wheeler,False
V005,V005__V005_2023-08-16_16-19-22.mp4#t=19.933333.jpg,2-wheeler,False
V005,V005__V005_2023-08-16_16-19-22.mp4#t=19.933333.jpg,3-wheeler,True
V005,V005__V005_2023-08-16_16-19-22.mp4#t=18.4.jpg,2-wheeler,False
V005,V005__V005_2023-08-16_16-19-22.mp4#t=18.4.jpg,4-wheeler,False
V005,V005__V005_2023-08-16_16-19-22.mp4#t=18.4.jpg,4-wheeler,False
V005,V005__V005_2023-08-16_16-19-22.mp4#t=18.4.jpg,3-wheeler,False
V005,V005__V005_2023-08-16_16-19-22.mp4#t=18.4.jpg,2-wheeler,False
V005,V005__V005_2023-08-16_16-19-22.mp4#t=18.4.jpg,2-wheeler,False
V005,V005__V005_2023-08-16_16-19-22.mp4#t=18.4.jpg,2-wheeler,True
V005,V005__V005_2023-08-16_16-19-22.mp4#t=17.4.jpg,4-wheeler,False
V005,V005__V005_2023-08-16_16-19-22.mp4#t=17.4.jpg,3-wheeler,False
V005,V005__V005_2023-08-16_16-19-22.mp4#t=17.4.jpg,4-wheeler,False
V005,V005__V005_2023-08-16_16-19-22.mp4#t=17.4.jpg,2-wheeler,False
V005,V005__V005_2023-08-16_16-19-22.mp4#t=17.4.jpg,4-wheeler,False
V005,V005__V005_2023-08-16_16-19-22.mp4#t=17.4.jpg,2-wheeler,False
V005,V005__V005_2023-08-16_16-19-22.mp4#t=17.4.jpg,2-wheeler,False
V005,V005__V005_2023-08-16_16-19-22.mp4#t=17.4.jpg,2-wheeler,False
V005,V005__V005_2023-08-16_16-19-22.mp4#t=17.4.jpg,2-wheeler,True
V005,V005__V005_2023-08-16_16-19-22.mp4#t=16.133333.jpg,4-wheeler,True
V005,V005__V005_2023-08-16_16-19-22.mp4#t=16.133333.jpg,2-wheeler,False
V005,V005__V005_2023-08-16_16-19-22.mp4#t=16.133333.jpg,2-wheeler,False
V005,V005__V005_2023-08-16_16-19-22.mp4#t=16.133333.jpg,2-wheeler,False
V005,V005__V005_2023-08-16_16-19-22.mp4#t=16.133333.jpg,2-wheeler,False
V005,V005__V005_2023-08-16_16-19-22.mp4#t=16.133333.jpg,3-wheeler,False
V005,V005__V005_2023-08-16_16-19-22.mp4#t=16.133333.jpg,2-wheeler,True
V005,V005__V005_2023-08-16_16-19-22.mp4#t=15.133333.jpg,4-wheeler,True
V005,V005__V005_2023-08-16_16-19-22.mp4#t=15.133333.jpg,2-wheeler,False
V005,V005__V005_2023-08-16_16-19-22.mp4#t=15.133333.jpg,2-wheeler,False
V005,V005__V005_2023-08-16_16-19-22.mp4#t=15.133333.jpg,3-wheeler,False
V005,V005__V005_2023-08-16_16-19-22.mp4#t=15.133333.jpg,3-wheeler,False
V005,V005__V005_2023-08-16_16-19-22.mp4#t=13.8.jpg,4-wheeler,True
V005,V005__V005_2023-08-16_16-19-22.mp4#t=13.8.jpg,2-wheeler,False
V005,V005__V005_2023-08-16_16-19-22.mp4#t=13.8.jpg,2-wheeler,False
V005,V005__V005_2023-08-16_16-19-22.mp4#t=13.8.jpg,2-wheeler,False
V005,V005__V005_2023-08-16_16-19-22.mp4#t=13.8.jpg,3-wheeler,True
V005,V005__V005_2023-08-16_16-19-22.mp4#t=12.4.jpg,4-wheeler,True
V005,V005__V005_2023-08-16_16-19-22.mp4#t=12.4.jpg,4-wheeler,True
V005,V005__V005_2023-08-16_16-19-22.mp4#t=12.4.jpg,2-wheeler,False
V005,V005__V005_2023-08-16_16-19-22.mp4#t=12.4.jpg,4-wheeler,False
V005,V005__V005_2023-08-16_16-19-22.mp4#t=12.4.jpg,2-wheeler,False
V005,V005__V005_2023-08-16_16-19-22.mp4#t=12.4.jpg,2-wheeler,True
V005,V005__V005_2023-08-16_16-19-22.mp4#t=10.8.jpg,2-wheeler,False
V005,V005__V005_2023-08-16_16-19-22.mp4#t=10.8.jpg,4-wheeler,False
V005,V005__V005_2023-08-16_16-19-22.mp4#t=10.8.jpg,2-wheeler,True
V005,V005__V005_2023-08-16_16-19-22.mp4#t=10.8.jpg,2-wheeler,True
V005,V005__V005_2023-08-16_16-19-22.mp4#t=8.333333.jpg,3-wheeler,False
V005,V005__V005_2023-08-16_16-19-22.mp4#t=8.333333.jpg,2-wheeler,False
V005,V005__V005_2023-08-16_16-19-22.mp4#t=8.333333.jpg,3-wheeler,True
V005,V005__V005_2023-08-16_16-19-22.mp4#t=7.2.jpg,2-wheeler,True
V005,V005__V005_2023-08-16_16-19-22.mp4#t=7.2.jpg,2-wheeler,True
V005,V005__V005_2023-08-16_16-19-22.mp4#t=2.733333.jpg,3-wheeler,True
V005,V005__V005_2023-08-16_16-19-22.mp4#t=2.733333.jpg,4-wheeler,True
V005,V005__V005_2023-08-16_16-19-22.mp4#t=2.733333.jpg,2-wheeler,False
V005,V005__V005_2023-08-16_16-19-22.mp4#t=2.733333.jpg,2-wheeler,True
V005,V005__V005_2023-08-16_16-19-22.mp4#t=1.333333.jpg,4-wheeler,True
V005,V005__V005_2023-08-16_16-19-22.mp4#t=1.333333.jpg,4-wheeler,True
V005,V005__V005_2023-08-16_16-19-22.mp4#t=1.333333.jpg,3-wheeler,True
V005,V005__V005_2023-08-16_16-19-22.mp4#t=1.333333.jpg,3-wheeler,True
VEHICLES,VEHICLES__output_file.mp4#t=62.333333.jpg,2-wheeler,False
VEHICLES,VEHICLES__output_file.mp4#t=62.333333.jpg,2-wheeler,False
VEHICLES,VEHICLES__output_file.mp4#t=62.333333.jpg,4-wheeler,False
VEHICLES,VEHICLES__output_file.mp4#t=62.333333.jpg,2-wheeler,False
VEHICLES,VEHICLES__output_file.mp4#t=60.6.jpg,2-wheeler,False
VEHICLES,VEHICLES__output_file.mp4#t=60.6.jpg,2-wheeler,False
VEHICLES,VEHICLES__output_file.mp4#t=60.6.jpg,4-wheeler,False
VEHICLES,VEHICLES__output_file.mp4#t=60.6.jpg,2-wheeler,False
VEHICLES,VEHICLES__output_file.mp4#t=60.6.jpg,2-wheeler,False
VEHICLES,VEHICLES__output_file.mp4#t=58.933333.jpg,2-wheeler,False
VEHICLES,VEHICLES__output_file.mp4#t=58.933333.jpg,3-wheeler,False
VEHICLES,VEHICLES__output_file.mp4#t=58.933333.jpg,3-wheeler,False
VEHICLES,VEHICLES__output_file.mp4#t=58.933333.jpg,2-wheeler,False
VEHICLES,VEHICLES__output_file.mp4#t=58.933333.jpg,2-wheeler,False
VEHICLES,VEHICLES__output_file.mp4#t=56.066667.jpg,2-wheeler,False
VEHICLES,VEHICLES__output_file.mp4#t=56.066667.jpg,3-wheeler,False
VEHICLES,VEHICLES__output_file.mp4#t=54.2.jpg,2-wheeler,False
VEHICLES,VEHICLES__output_file.mp4#t=54.2.jpg,2-wheeler,False
VEHICLES,VEHICLES__output_file.mp4#t=54.2.jpg,2-wheeler,False
VEHICLES,VEHICLES__output_file.mp4#t=54.2.jpg,3-wheeler,False
VEHICLES,VEHICLES__output_file.mp4#t=54.2.jpg,2-wheeler,False
VEHICLES,VEHICLES__output_file.mp4#t=52.8.jpg,2-wheeler,False
VEHICLES,VEHICLES__output_file.mp4#t=52.8.jpg,2-wheeler,False
VEHICLES,VEHICLES__output_file.mp4#t=52.8.jpg,2-wheeler,False
VEHICLES,VEHICLES__output_file.mp4#t=52.8.jpg,3-wheeler,False
VEHICLES,VEHICLES__output_file.mp4#t=50.733333.jpg,2-wheeler,False
VEHICLES,VEHICLES__output_file.mp4#t=50.733333.jpg,2-wheeler,False
VEHICLES,VEHICLES__output_file.mp4#t=50.733333.jpg,2-wheeler,False
VEHICLES,VEHICLES__output_file.mp4#t=50.733333.jpg,2-wheeler,False
VEHICLES,VEHICLES__output_file.mp4#t=50.733333.jpg,3-wheeler,False
VEHICLES,VEHICLES__output_file.mp4#t=50.733333.jpg,2-wheeler,False
VEHICLES,VEHICLES__output_file.mp4#t=48.8.jpg,2-wheeler,False
VEHICLES,VEHICLES__output_file.mp4#t=48.8.jpg,2-wheeler,False
VEHICLES,VEHICLES__output_file.mp4#t=48.8.jpg,2-wheeler,False
VEHICLES,VEHICLES__output_file.mp4#t=48.8.jpg,2-wheeler,False
VEHICLES,VEHICLES__output_file.mp4#t=48.8.jpg,3-wheeler,False
VEHICLES,VEHICLES__output_file.mp4#t=48.8.jpg,2-wheeler,False
VEHICLES,VEHICLES__output_file.mp4#t=48.8.jpg,2-wheeler,False
VEHICLES,VEHICLES__output_file.mp4#t=46.933333.jpg,2-wheeler,False
VEHICLES,VEHICLES__output_file.mp4#t=46.933333.jpg,4-wheeler,False
VEHICLES,VEHICLES__output_file.mp4#t=46.933333.jpg,2-wheeler,False
VEHICLES,VEHICLES__output_file.mp4#t=46.933333.jpg,4-wheeler,False
VEHICLES,VEHICLES__output_file.mp4#t=44.933333.jpg,2-wheeler,False
VEHICLES,VEHICLES__output_file.mp4#t=44.933333.jpg,2-wheeler,False
VEHICLES,VEHICLES__output_file.mp4#t=44.933333.jpg,2-wheeler,False
VEHICLES,VEHICLES__output_file.mp4#t=44.933333.jpg,2-wheeler,False
VEHICLES,VEHICLES__output_file.mp4#t=41.2.jpg,3-wheeler,False
VEHICLES,VEHICLES__output_file.mp4#t=36.533333.jpg,2-wheeler,False
VEHICLES,VEHICLES__output_file.mp4#t=36.533333.jpg,3-wheeler,False
VEHICLES,VEHICLES__output_file.mp4#t=36.533333.jpg,2-wheeler,False
VEHICLES,VEHICLES__output_file.mp4#t=30.8.jpg,2-wheeler,False
VEHICLES,VEHICLES__output_file.mp4#t=30.8.jpg,3-wheeler,False
VEHICLES,VEHICLES__output_file.mp4#t=30.8.jpg,2-wheeler,False
VEHICLES,VEHICLES__output_file.mp4#t=25.533333.jpg,2-wheeler,False
VEHICLES,VEHICLES__output_file.mp4#t=25.533333.jpg,3-wheeler,False
VEHICLES,VEHICLES__output_file.mp4#t=25.533333.jpg,pedestrian,False
VEHICLES,VEHICLES__output_file.mp4#t=25.533333.jpg,2-wheeler,False
VEHICLES,VEHICLES__output_file.mp4#t=25.533333.jpg,4-wheeler,False
VEHICLES,VEHICLES__output_file.mp4#t=23.533333.jpg,2-wheeler,False
VEHICLES,VEHICLES__output_file.mp4#t=23.533333.jpg,3-wheeler,False
VEHICLES,VEHICLES__output_file.mp4#t=17.666667.jpg,2-wheeler,False
VEHICLES,VEHICLES__output_file.mp4#t=17.666667.jpg,3-wheeler,False
VEHICLES,VEHICLES__output_file.mp4#t=15.666667.jpg,2-wheeler,False
VEHICLES,VEHICLES__output_file.mp4#t=15.666667.jpg,3-wheeler,False
VEHICLES,VEHICLES__output_file.mp4#t=15.666667.jpg,3-wheeler,False
VEHICLES,VEHICLES__output_file.mp4#t=15.666667.jpg,3-wheeler,False
VEHICLES,VEHICLES__output_file.mp4#t=7.533333.jpg,2-wheeler,False
VEHICLES,VEHICLES__output_file.mp4#t=1.266667.jpg,3-wheeler,False
VEHICLES,VEHICLES__output_file.mp4#t=1.266667.jpg,2-wheeler,False
VEHICLES,VEHICLES__output_file.mp4#t=1.266667.jpg,2-wheeler,False
VEHICLES,VEHICLES__output_file.mp4#t=1.266667.jpg,2-wheeler,False
VEHICLES,VEHICLES__output_file.mp4#t=0.jpg,3-wheeler,False
VEHICLES,VEHICLES__output_file.mp4#t=0.jpg,2-wheeler,False
