{"type":"FeatureCollection","features":[{"type":"Feature","geometry":{"type":"LineString","coordinates":[[108.224248,16.071816],[108.224144,16.071851],[108.224129,16.071931],[108.224178,16.071975],[108.224284,16.07199]]},"properties":{"h":"primary_link","w":1.0}},{"type":"Feature","geometry":{"type":"LineString","coordinates":[[108.224248,16.071816],[108.224024,16.071818],[108.223654,16.071776]]},"properties":{"h":"primary","w":1.8}},{"type":"Feature","geometry":{"type":"LineString","coordinates":[[108.223772,16.073404],[108.223892,16.072998],[108.224008,16.072035],[108.224087,16.071979],[108.224284,16.07199]]},"properties":{"h":"primary_link","w":1.0}},{"type":"Feature","geometry":{"type":"LineString","coordinates":[[108.223772,16.073404],[108.22375,16.072957],[108.223842,16.072021],[108.223836,16.071937],[108.223807,16.071886],[108.223654,16.071776]]},"properties":{"h":"primary_link","w":1.0}},{"type":"Feature","geometry":{"type":"LineString","coordinates":[[108.223772,16.073404],[108.223978,16.071526],[108.224036,16.070875],[108.22405,16.070394]]},"properties":{"h":"primary","w":1.8}},{"type":"Feature","geometry":{"type":"LineString","coordinates":[[108.212018,16.054701],[108.212192,16.054901]]},"properties":{"h":"tertiary","w":0.8}},{"type":"Feature","geometry":{"type":"LineString","coordinates":[[108.212018,16.054701],[108.211869,16.054462]]},"properties":{"h":"secondary","w":1.3}},{"type":"Feature","geometry":{"type":"LineString","coordinates":[[108.212695,16.055842],[108.212521,16.055513]]},"properties":{"h":"tertiary","w":0.8}},{"type":"Feature","geometry":{"type":"LineString","coordinates":[[108.212695,16.055842],[108.213007,16.055909]]},"properties":{"h":"residential","w":0.7}},{"type":"Feature","geometry":{"type":"LineString","coordinates":[[108.212695,16.055842],[108.212759,16.05601],[108.212822,16.056264]]},"properties":{"h":"tertiary","w":0.8}},{"type":"Feature","geometry":{"type":"LineString","coordinates":[[108.219015,16.05404],[108.219035,16.053745]]},"properties":{"h":"tertiary","w":0.8}},{"type":"Feature","geometry":{"type":"LineString","coordinates":[[108.219015,16.05404],[108.219234,16.053923]]},"properties":{"h":"secondary_link","w":0.8}},{"type":"Feature","geometry":{"type":"LineString","coordinates":[[108.219035,16.053745],[108.218575,16.053283],[108.217712,16.05251]]},"properties":{"h":"secondary","w":1.3}},{"type":"Feature","geometry":{"type":"LineString","coordinates":[[108.219035,16.053745],[108.219234,16.053923]]},"properties":{"h":"secondary","w":1.3}},{"type":"Feature","geometry":{"type":"LineString","coordinates":[[108.209009,16.052591],[108.208893,16.05258]]},"properties":{"h":"residential","w":0.7}},{"type":"Feature","geometry":{"type":"LineString","coordinates":[[108.209009,16.052591],[108.210082,16.052722]]},"properties":{"h":"residential","w":0.7}},{"type":"Feature","geometry":{"type":"LineString","coordinates":[[108.209009,16.052591],[108.208911,16.053207],[108.208789,16.054298]]},"properties":{"h":"primary","w":1.8}},{"type":"Feature","geometry":{"type":"LineString","coordinates":[[108.224928,16.067819],[108.224976,16.068616]]},"properties":{"h":"primary","w":1.8}},{"type":"Feature","geometry":{"type":"LineString","coordinates":[[108.223843,16.068005],[108.222692,16.068176]]},"properties":{"h":"residential","w":0.7}},{"type":"Feature","geometry":{"type":"LineString","coordinates":[[108.223843,16.068005],[108.223778,16.067368]]},"properties":{"h":"primary","w":1.8}},{"type":"Feature","geometry":{"type":"LineString","coordinates":[[108.223843,16.068005],[108.224928,16.067819]]},"properties":{"h":"residential","w":0.7}},{"type":"Feature","geometry":{"type":"LineString","coordinates":[[108.222692,16.068176],[108.22259,16.067386]]},"properties":{"h":"residential","w":0.7}},{"type":"Feature","geometry":{"type":"LineString","coordinates":[[108.222692,16.068176],[108.223843,16.068005]]},"properties":{"h":"residential","w":0.7}},{"type":"Feature","geometry":{"type":"LineString","coordinates":[[108.222692,16.068176],[108.222747,16.0686]]},"properties":{"h":"residential","w":0.7}},{"type":"Feature","geometry":{"type":"LineString","coordinates":[[108.222692,16.068176],[108.221029,16.068211]]},"properties":{"h":"residential","w":0.7}},{"type":"Feature","geometry":{"type":"LineString","coordinates":[[108.220305,16.068246],[108.221029,16.068211]]},"properties":{"h":"residential","w":0.7}},{"type":"Feature","geometry":{"type":"LineString","coordinates":[[108.220305,16.068246],[108.220248,16.067489]]},"properties":{"h":"tertiary","w":0.8}},{"type":"Feature","geometry":{"type":"LineString","coordinates":[[108.22063,16.07495],[108.221187,16.075061]]},"properties":{"h":"secondary","w":1.3}},{"type":"Feature","geometry":{"type":"LineString","coordinates":[[108.22063,16.07495],[108.220533,16.075685]]},"properties":{"h":"tertiary","w":0.8}},{"type":"Feature","geometry":{"type":"LineString","coordinates":[[108.22063,16.07495],[108.219938,16.074786]]},"properties":{"h":"secondary","w":1.3}},{"type":"Feature","geometry":{"type":"LineString","coordinates":[[108.224277,16.075647],[108.223496,16.075514]]},"properties":{"h":"secondary","w":1.3}},{"type":"Feature","geometry":{"type":"LineString","coordinates":[[108.224277,16.075647],[108.224123,16.07658]]},"properties":{"h":"primary","w":1.8}},{"type":"Feature","geometry":{"type":"LineString","coordinates":[[108.218025,16.074411],[108.217861,16.075239]]},"properties":{"h":"residential","w":0.7}},{"type":"Feature","geometry":{"type":"LineString","coordinates":[[108.218025,16.074411],[108.218238,16.073516]]},"properties":{"h":"residential","w":0.7}},{"type":"Feature","geometry":{"type":"LineString","coordinates":[[108.218025,16.074411],[108.21739,16.074262],[108.214209,16.073615]]},"properties":{"h":"secondary","w":1.3}},{"type":"Feature","geometry":{"type":"LineString","coordinates":[[108.218025,16.074411],[108.219337,16.074667]]},"properties":{"h":"secondary","w":1.3}},{"type":"Feature","geometry":{"type":"LineString","coordinates":[[108.217667,16.062193],[108.217962,16.063118]]},"properties":{"h":"tertiary","w":0.8}},{"type":"Feature","geometry":{"type":"LineString","coordinates":[[108.217667,16.062193],[108.21687,16.062408]]},"properties":{"h":"residential","w":0.7}},{"type":"Feature","geometry":{"type":"LineString","coordinates":[[108.217667,16.062193],[108.2185,16.06194]]},"properties":{"h":"residential","w":0.7}},{"type":"Feature","geometry":{"type":"LineString","coordinates":[[108.21592,16.062694],[108.214932,16.064779]]},"properties":{"h":"secondary","w":1.3}},{"type":"Feature","geometry":{"type":"LineString","coordinates":[[108.21592,16.062694],[108.216755,16.060969],[108.216874,16.060829]]},"properties":{"h":"secondary","w":1.3}},{"type":"Feature","geometry":{"type":"LineString","coordinates":[[108.21592,16.062694],[108.216315,16.062576]]},"properties":{"h":"residential","w":0.7}},{"type":"Feature","geometry":{"type":"LineString","coordinates":[[108.22412,16.063749],[108.223407,16.063829]]},"properties":{"h":"residential","w":0.7}},{"type":"Feature","geometry":{"type":"LineString","coordinates":[[108.22412,16.063749],[108.224144,16.064898]]},"properties":{"h":"primary","w":1.8}},{"type":"Feature","geometry":{"type":"LineString","coordinates":[[108.218639,16.064213],[108.219463,16.06533]]},"properties":{"h":"tertiary","w":0.8}},{"type":"Feature","geometry":{"type":"LineString","coordinates":[[108.218639,16.064213],[108.219348,16.064182]]},"properties":{"h":"residential","w":0.7}},{"type":"Feature","geometry":{"type":"LineString","coordinates":[[108.220663,16.064087],[108.220535,16.064099]]},"properties":{"h":"residential","w":0.7}},{"type":"Feature","geometry":{"type":"LineString","coordinates":[[108.220663,16.064087],[108.222246,16.063928]]},"properties":{"h":"residential","w":0.7}},{"type":"Feature","geometry":{"type":"LineString","coordinates":[[108.220663,16.064087],[108.220731,16.065202]]},"properties":{"h":"tertiary","w":0.8}},{"type":"Feature","geometry":{"type":"LineString","coordinates":[[108.225095,16.070182],[108.224054,16.070259]]},"properties":{"h":"residential","w":0.7}},{"type":"Feature","geometry":{"type":"LineString","coordinates":[[108.225095,16.070182],[108.225146,16.071193],[108.225128,16.071365],[108.225035,16.071747]]},"properties":{"h":"primary","w":1.8}},{"type":"Feature","geometry":{"type":"LineString","coordinates":[[108.222856,16.070369],[108.224054,16.070259]]},"properties":{"h":"residential","w":0.7}},{"type":"Feature","geometry":{"type":"LineString","coordinates":[[108.222856,16.070369],[108.221218,16.070479]]},"properties":{"h":"residential","w":0.7}},{"type":"Feature","geometry":{"type":"LineString","coordinates":[[108.222856,16.070369],[108.222709,16.07159]]},"properties":{"h":"residential","w":0.7}},{"type":"Feature","geometry":{"type":"LineString","coordinates":[[108.222856,16.070369],[108.222747,16.0686]]},"properties":{"h":"residential","w":0.7}},{"type":"Feature","geometry":{"type":"LineString","coordinates":[[108.223505,16.064906],[108.224144,16.064898]]},"properties":{"h":"residential","w":0.7}},{"type":"Feature","geometry":{"type":"LineString","coordinates":[[108.223505,16.064906],[108.223407,16.063829]]},"properties":{"h":"primary","w":1.8}},{"type":"Feature","geometry":{"type":"LineString","coordinates":[[108.223505,16.064906],[108.222949,16.064965]]},"properties":{"h":"residential","w":0.7}},{"type":"Feature","geometry":{"type":"LineString","coordinates":[[108.220731,16.065202],[108.220874,16.06636]]},"properties":{"h":"tertiary","w":0.8}},{"type":"Feature","geometry":{"type":"LineString","coordinates":[[108.220731,16.065202],[108.221474,16.065123]]},"properties":{"h":"residential","w":0.7}},{"type":"Feature","geometry":{"type":"LineString","coordinates":[[108.220731,16.065202],[108.22004,16.065265]]},"properties":{"h":"residential","w":0.7}},{"type":"Feature","geometry":{"type":"LineString","coordinates":[[108.22004,16.065265],[108.219909,16.064157]]},"properties":{"h":"tertiary","w":0.8}},{"type":"Feature","geometry":{"type":"LineString","coordinates":[[108.22004,16.065265],[108.219463,16.06533]]},"properties":{"h":"residential","w":0.7}},{"type":"Feature","geometry":{"type":"LineString","coordinates":[[108.22004,16.065265],[108.220731,16.065202]]},"properties":{"h":"residential","w":0.7}},{"type":"Feature","geometry":{"type":"LineString","coordinates":[[108.222494,16.066222],[108.221662,16.066295]]},"properties":{"h":"residential","w":0.7}},{"type":"Feature","geometry":{"type":"LineString","coordinates":[[108.222494,16.066222],[108.22259,16.067386]]},"properties":{"h":"residential","w":0.7}},{"type":"Feature","geometry":{"type":"LineString","coordinates":[[108.222494,16.066222],[108.223652,16.066125]]},"properties":{"h":"residential","w":0.7}},{"type":"Feature","geometry":{"type":"LineString","coordinates":[[108.222494,16.066222],[108.222371,16.065034]]},"properties":{"h":"residential","w":0.7}},{"type":"Feature","geometry":{"type":"LineString","coordinates":[[108.219669,16.06162],[108.2185,16.06194]]},"properties":{"h":"residential","w":0.7}},{"type":"Feature","geometry":{"type":"LineString","coordinates":[[108.219669,16.06162],[108.219891,16.061558]]},"properties":{"h":"residential","w":0.7}},{"type":"Feature","geometry":{"type":"LineString","coordinates":[[108.219669,16.06162],[108.219606,16.06129]]},"properties":{"h":"tertiary","w":0.8}},{"type":"Feature","geometry":{"type":"LineString","coordinates":[[108.219909,16.064157],[108.219348,16.064182]]},"properties":{"h":"residential","w":0.7}},{"type":"Feature","geometry":{"type":"LineString","coordinates":[[108.219909,16.064157],[108.220535,16.064099]]},"properties":{"h":"residential","w":0.7}},{"type":"Feature","geometry":{"type":"LineString","coordinates":[[108.219909,16.064157],[108.219789,16.062978]]},"properties":{"h":"tertiary","w":0.8}},{"type":"Feature","geometry":{"type":"LineString","coordinates":[[108.219789,16.062978],[108.221489,16.062773],[108.221956,16.062737]]},"properties":{"h":"residential","w":0.7}},{"type":"Feature","geometry":{"type":"LineString","coordinates":[[108.219789,16.062978],[108.218627,16.063079]]},"properties":{"h":"residential","w":0.7}},{"type":"Feature","geometry":{"type":"LineString","coordinates":[[108.219789,16.062978],[108.219724,16.062248]]},"properties":{"h":"tertiary","w":0.8}},{"type":"Feature","geometry":{"type":"LineString","coordinates":[[108.220231,16.072636],[108.21842,16.072376]]},"properties":{"h":"tertiary","w":0.8}},{"type":"Feature","geometry":{"type":"LineString","coordinates":[[108.220231,16.072636],[108.220919,16.072732]]},"properties":{"h":"tertiary","w":0.8}},{"type":"Feature","geometry":{"type":"LineString","coordinates":[[108.220231,16.072636],[108.220277,16.072307]]},"properties":{"h":"tertiary","w":0.8}},{"type":"Feature","geometry":{"type":"LineString","coordinates":[[108.21842,16.072376],[108.218238,16.073516]]},"properties":{"h":"residential","w":0.7}},{"type":"Feature","geometry":{"type":"LineString","coordinates":[[108.21842,16.072376],[108.220231,16.072636]]},"properties":{"h":"tertiary","w":0.8}},{"type":"Feature","geometry":{"type":"LineString","coordinates":[[108.21842,16.072376],[108.216638,16.072169]]},"properties":{"h":"tertiary","w":0.8}},{"type":"Feature","geometry":{"type":"LineString","coordinates":[[108.21842,16.072376],[108.218642,16.07114]]},"properties":{"h":"residential","w":0.7}},{"type":"Feature","geometry":{"type":"LineString","coordinates":[[108.219463,16.06533],[108.219954,16.066039]]},"properties":{"h":"tertiary","w":0.8}},{"type":"Feature","geometry":{"type":"LineString","coordinates":[[108.219463,16.06533],[108.22004,16.065265]]},"properties":{"h":"residential","w":0.7}},{"type":"Feature","geometry":{"type":"LineString","coordinates":[[108.217962,16.063118],[108.217988,16.063211]]},"properties":{"h":"tertiary","w":0.8}},{"type":"Feature","geometry":{"type":"LineString","coordinates":[[108.217962,16.063118],[108.218627,16.063079]]},"properties":{"h":"residential","w":0.7}},{"type":"Feature","geometry":{"type":"LineString","coordinates":[[108.215847,16.067601],[108.215992,16.066958]]},"properties":{"h":"tertiary","w":0.8}},{"type":"Feature","geometry":{"type":"LineString","coordinates":[[108.215847,16.067601],[108.215103,16.070542]]},"properties":{"h":"tertiary","w":0.8}},{"type":"Feature","geometry":{"type":"LineString","coordinates":[[108.215847,16.067601],[108.216214,16.067682]]},"properties":{"h":"tertiary","w":0.8}},{"type":"Feature","geometry":{"type":"LineString","coordinates":[[108.215847,16.067601],[108.215079,16.067456]]},"properties":{"h":"tertiary","w":0.8}},{"type":"Feature","geometry":{"type":"LineString","coordinates":[[108.216506,16.064851],[108.216608,16.064145]]},"properties":{"h":"tertiary","w":0.8}},{"type":"Feature","geometry":{"type":"LineString","coordinates":[[108.216506,16.064851],[108.216309,16.065683]]},"properties":{"h":"tertiary","w":0.8}},{"type":"Feature","geometry":{"type":"LineString","coordinates":[[108.216506,16.064851],[108.215949,16.064816]]},"properties":{"h":"residential","w":0.7}},{"type":"Feature","geometry":{"type":"LineString","coordinates":[[108.216506,16.064851],[108.217089,16.064878]]},"properties":{"h":"tertiary","w":0.8}},{"type":"Feature","geometry":{"type":"LineString","coordinates":[[108.21687,16.062408],[108.216974,16.060903]]},"properties":{"h":"tertiary","w":0.8}},{"type":"Feature","geometry":{"type":"LineString","coordinates":[[108.21687,16.062408],[108.216766,16.062995],[108.216608,16.064145]]},"properties":{"h":"tertiary","w":0.8}},{"type":"Feature","geometry":{"type":"LineString","coordinates":[[108.21687,16.062408],[108.216315,16.062576]]},"properties":{"h":"residential","w":0.7}},{"type":"Feature","geometry":{"type":"LineString","coordinates":[[108.21687,16.062408],[108.217667,16.062193]]},"properties":{"h":"residential","w":0.7}},{"type":"Feature","geometry":{"type":"LineString","coordinates":[[108.22008,16.066221],[108.220117,16.066355]]},"properties":{"h":"tertiary","w":0.8}},{"type":"Feature","geometry":{"type":"LineString","coordinates":[[108.22008,16.066221],[108.220081,16.065994]]},"properties":{"h":"tertiary","w":0.8}},{"type":"Feature","geometry":{"type":"LineString","coordinates":[[108.220081,16.065994],[108.22004,16.065265]]},"properties":{"h":"tertiary","w":0.8}},{"type":"Feature","geometry":{"type":"LineString","coordinates":[[108.220508,16.070573],[108.220511,16.070318]]},"properties":{"h":"tertiary","w":0.8}},{"type":"Feature","geometry":{"type":"LineString","coordinates":[[108.220508,16.070573],[108.221218,16.070479]]},"properties":{"h":"residential","w":0.7}},{"type":"Feature","geometry":{"type":"LineString","coordinates":[[108.222371,16.065034],[108.221474,16.065123]]},"properties":{"h":"residential","w":0.7}},{"type":"Feature","geometry":{"type":"LineString","coordinates":[[108.222371,16.065034],[108.222949,16.064965]]},"properties":{"h":"residential","w":0.7}},{"type":"Feature","geometry":{"type":"LineString","coordinates":[[108.222371,16.065034],[108.222246,16.063928]]},"properties":{"h":"residential","w":0.7}},{"type":"Feature","geometry":{"type":"LineString","coordinates":[[108.222371,16.065034],[108.222494,16.066222]]},"properties":{"h":"residential","w":0.7}},{"type":"Feature","geometry":{"type":"LineString","coordinates":[[108.222246,16.063928],[108.220663,16.064087]]},"properties":{"h":"residential","w":0.7}},{"type":"Feature","geometry":{"type":"LineString","coordinates":[[108.222246,16.063928],[108.223407,16.063829]]},"properties":{"h":"residential","w":0.7}},{"type":"Feature","geometry":{"type":"LineString","coordinates":[[108.222246,16.063928],[108.222371,16.065034]]},"properties":{"h":"residential","w":0.7}},{"type":"Feature","geometry":{"type":"LineString","coordinates":[[108.222709,16.07159],[108.222701,16.071665]]},"properties":{"h":"residential","w":0.7}},{"type":"Feature","geometry":{"type":"LineString","coordinates":[[108.222709,16.07159],[108.223659,16.071713]]},"properties":{"h":"primary","w":1.8}},{"type":"Feature","geometry":{"type":"LineString","coordinates":[[108.222709,16.07159],[108.222856,16.070369]]},"properties":{"h":"residential","w":0.7}},{"type":"Feature","geometry":{"type":"LineString","coordinates":[[108.223584,16.059742],[108.223718,16.05966]]},"properties":{"h":"primary_link","w":1.0}},{"type":"Feature","geometry":{"type":"LineString","coordinates":[[108.223584,16.059742],[108.223341,16.059355],[108.223298,16.059237],[108.222787,16.058378],[108.222497,16.057804]]},"properties":{"h":"primary","w":1.8}},{"type":"Feature","geometry":{"type":"LineString","coordinates":[[108.224976,16.068616],[108.225095,16.070182]]},"properties":{"h":"primary","w":1.8}},{"type":"Feature","geometry":{"type":"LineString","coordinates":[[108.224976,16.068616],[108.223924,16.068613]]},"properties":{"h":"tertiary","w":0.8}},{"type":"Feature","geometry":{"type":"LineString","coordinates":[[108.219202,16.068341],[108.220342,16.06862]]},"properties":{"h":"tertiary","w":0.8}},{"type":"Feature","geometry":{"type":"LineString","coordinates":[[108.219202,16.068341],[108.217611,16.06798]]},"properties":{"h":"tertiary","w":0.8}},{"type":"Feature","geometry":{"type":"LineString","coordinates":[[108.219202,16.068341],[108.218871,16.069947]]},"properties":{"h":"residential","w":0.7}},{"type":"Feature","geometry":{"type":"LineString","coordinates":[[108.220342,16.06862],[108.219202,16.068341]]},"properties":{"h":"tertiary","w":0.8}},{"type":"Feature","geometry":{"type":"LineString","coordinates":[[108.220342,16.06862],[108.221056,16.068613]]},"properties":{"h":"tertiary","w":0.8}},{"type":"Feature","geometry":{"type":"LineString","coordinates":[[108.220342,16.06862],[108.220305,16.068246]]},"properties":{"h":"tertiary","w":0.8}},{"type":"Feature","geometry":{"type":"LineString","coordinates":[[108.210035,16.045723],[108.211094,16.044127]]},"properties":{"h":"residential","w":0.7}},{"type":"Feature","geometry":{"type":"LineString","coordinates":[[108.210035,16.045723],[108.210022,16.045711]]},"properties":{"h":"secondary","w":1.3}},{"type":"Feature","geometry":{"type":"LineString","coordinates":[[108.210035,16.045723],[108.210374,16.046011]]},"properties":{"h":"secondary","w":1.3}},{"type":"Feature","geometry":{"type":"LineString","coordinates":[[108.217165,16.05614],[108.21718,16.056038]]},"properties":{"h":"secondary","w":1.3}},{"type":"Feature","geometry":{"type":"LineString","coordinates":[[108.217165,16.05614],[108.216754,16.056096]]},"properties":{"h":"residential","w":0.7}},{"type":"Feature","geometry":{"type":"LineString","coordinates":[[108.217165,16.05614],[108.217138,16.056437]]},"properties":{"h":"secondary","w":1.3}},{"type":"Feature","geometry":{"type":"LineString","coordinates":[[108.217712,16.05251],[108.217636,16.053072]]},"properties":{"h":"secondary","w":1.3}},{"type":"Feature","geometry":{"type":"LineString","coordinates":[[108.217712,16.05251],[108.21777,16.052279],[108.21802,16.051652],[108.218103,16.05109],[108.218149,16.050547]]},"properties":{"h":"secondary","w":1.3}},{"type":"Feature","geometry":{"type":"LineString","coordinates":[[108.217712,16.05251],[108.216987,16.051875]]},"properties":{"h":"secondary","w":1.3}},{"type":"Feature","geometry":{"type":"LineString","coordinates":[[108.217712,16.05251],[108.218575,16.053283],[108.219035,16.053745]]},"properties":{"h":"secondary","w":1.3}},{"type":"Feature","geometry":{"type":"LineString","coordinates":[[108.216071,16.051068],[108.21602,16.051023]]},"properties":{"h":"secondary","w":1.3}},{"type":"Feature","geometry":{"type":"LineString","coordinates":[[108.216071,16.051068],[108.216153,16.050795],[108.216202,16.050451],[108.216263,16.049657]]},"properties":{"h":"tertiary","w":0.8}},{"type":"Feature","geometry":{"type":"LineString","coordinates":[[108.216071,16.051068],[108.216987,16.051875]]},"properties":{"h":"secondary","w":1.3}},{"type":"Feature","geometry":{"type":"LineString","coordinates":[[108.214662,16.049835],[108.213807,16.050363]]},"properties":{"h":"tertiary","w":0.8}},{"type":"Feature","geometry":{"type":"LineString","coordinates":[[108.214662,16.049835],[108.214391,16.049609]]},"properties":{"h":"secondary","w":1.3}},{"type":"Feature","geometry":{"type":"LineString","coordinates":[[108.214662,16.049835],[108.215051,16.050172]]},"properties":{"h":"secondary","w":1.3}},{"type":"Feature","geometry":{"type":"LineString","coordinates":[[108.219393,16.078557],[108.219508,16.077766]]},"properties":{"h":"tertiary","w":0.8}},{"type":"Feature","geometry":{"type":"LineString","coordinates":[[108.219393,16.078557],[108.217024,16.078262]]},"properties":{"h":"residential","w":0.7}},{"type":"Feature","geometry":{"type":"LineString","coordinates":[[108.219393,16.078557],[108.220116,16.078647]]},"properties":{"h":"residential","w":0.7}},{"type":"Feature","geometry":{"type":"LineString","coordinates":[[108.219585,16.077236],[108.219713,16.076322]]},"properties":{"h":"tertiary","w":0.8}},{"type":"Feature","geometry":{"type":"LineString","coordinates":[[108.219585,16.077236],[108.217585,16.076967]]},"properties":{"h":"residential","w":0.7}},{"type":"Feature","geometry":{"type":"LineString","coordinates":[[108.219585,16.077236],[108.220316,16.077326]]},"properties":{"h":"residential","w":0.7}},{"type":"Feature","geometry":{"type":"LineString","coordinates":[[108.219938,16.074786],[108.220059,16.073902]]},"properties":{"h":"tertiary","w":0.8}},{"type":"Feature","geometry":{"type":"LineString","coordinates":[[108.219938,16.074786],[108.219337,16.074667]]},"properties":{"h":"secondary","w":1.3}},{"type":"Feature","geometry":{"type":"LineString","coordinates":[[108.219938,16.074786],[108.22063,16.07495]]},"properties":{"h":"secondary","w":1.3}},{"type":"Feature","geometry":{"type":"LineString","coordinates":[[108.223407,16.063829],[108.22412,16.063749]]},"properties":{"h":"residential","w":0.7}},{"type":"Feature","geometry":{"type":"LineString","coordinates":[[108.223407,16.063829],[108.223295,16.062606]]},"properties":{"h":"primary","w":1.8}},{"type":"Feature","geometry":{"type":"LineString","coordinates":[[108.223407,16.063829],[108.222246,16.063928]]},"properties":{"h":"residential","w":0.7}},{"type":"Feature","geometry":{"type":"LineString","coordinates":[[108.22405,16.070394],[108.224054,16.070259]]},"properties":{"h":"primary","w":1.8}},{"type":"Feature","geometry":{"type":"LineString","coordinates":[[108.224054,16.070259],[108.222856,16.070369]]},"properties":{"h":"residential","w":0.7}},{"type":"Feature","geometry":{"type":"LineString","coordinates":[[108.224054,16.070259],[108.225095,16.070182]]},"properties":{"h":"residential","w":0.7}},{"type":"Feature","geometry":{"type":"LineString","coordinates":[[108.224054,16.070259],[108.224044,16.069845],[108.223924,16.068613]]},"properties":{"h":"primary","w":1.8}},{"type":"Feature","geometry":{"type":"LineString","coordinates":[[108.222747,16.0686],[108.223924,16.068613]]},"properties":{"h":"tertiary","w":0.8}},{"type":"Feature","geometry":{"type":"LineString","coordinates":[[108.222747,16.0686],[108.221056,16.068613]]},"properties":{"h":"tertiary","w":0.8}},{"type":"Feature","geometry":{"type":"LineString","coordinates":[[108.222747,16.0686],[108.222856,16.070369]]},"properties":{"h":"residential","w":0.7}},{"type":"Feature","geometry":{"type":"LineString","coordinates":[[108.222747,16.0686],[108.222692,16.068176]]},"properties":{"h":"residential","w":0.7}},{"type":"Feature","geometry":{"type":"LineString","coordinates":[[108.223924,16.068613],[108.222747,16.0686]]},"properties":{"h":"tertiary","w":0.8}},{"type":"Feature","geometry":{"type":"LineString","coordinates":[[108.223924,16.068613],[108.223843,16.068005]]},"properties":{"h":"primary","w":1.8}},{"type":"Feature","geometry":{"type":"LineString","coordinates":[[108.211869,16.054462],[108.211393,16.053753]]},"properties":{"h":"secondary","w":1.3}},{"type":"Feature","geometry":{"type":"LineString","coordinates":[[108.211869,16.054462],[108.212018,16.054701]]},"properties":{"h":"secondary","w":1.3}},{"type":"Feature","geometry":{"type":"LineString","coordinates":[[108.211869,16.054462],[108.212782,16.053929],[108.213329,16.053575],[108.213722,16.053604]]},"properties":{"h":"residential","w":0.7}},{"type":"Feature","geometry":{"type":"LineString","coordinates":[[108.210472,16.052442],[108.210202,16.052616],[108.210082,16.052722]]},"properties":{"h":"tertiary","w":0.8}},{"type":"Feature","geometry":{"type":"LineString","coordinates":[[108.210472,16.052442],[108.211273,16.051944]]},"properties":{"h":"tertiary","w":0.8}},{"type":"Feature","geometry":{"type":"LineString","coordinates":[[108.210472,16.052442],[108.211393,16.053753]]},"properties":{"h":"secondary","w":1.3}},{"type":"Feature","geometry":{"type":"LineString","coordinates":[[108.210472,16.052442],[108.209638,16.051228]]},"properties":{"h":"secondary","w":1.3}},{"type":"Feature","geometry":{"type":"LineString","coordinates":[[108.224144,16.064898],[108.223505,16.064906]]},"properties":{"h":"residential","w":0.7}},{"type":"Feature","geometry":{"type":"LineString","coordinates":[[108.224144,16.064898],[108.224218,16.065226],[108.224552,16.066017]]},"properties":{"h":"primary","w":1.8}},{"type":"Feature","geometry":{"type":"LineString","coordinates":[[108.220404,16.071387],[108.220412,16.071326]]},"properties":{"h":"tertiary","w":0.8}},{"type":"Feature","geometry":{"type":"LineString","coordinates":[[108.220404,16.071387],[108.220127,16.071321]]},"properties":{"h":"primary","w":1.8}},{"type":"Feature","geometry":{"type":"LineString","coordinates":[[108.216929,16.07092],[108.216638,16.072169]]},"properties":{"h":"tertiary","w":0.8}},{"type":"Feature","geometry":{"type":"LineString","coordinates":[[108.216929,16.07092],[108.217093,16.070356],[108.217274,16.069578]]},"properties":{"h":"tertiary","w":0.8}},{"type":"Feature","geometry":{"type":"LineString","coordinates":[[108.216929,16.07092],[108.215103,16.070542]]},"properties":{"h":"primary","w":1.8}},{"type":"Feature","geometry":{"type":"LineString","coordinates":[[108.216929,16.07092],[108.218642,16.07114]]},"properties":{"h":"primary","w":1.8}},{"type":"Feature","geometry":{"type":"LineString","coordinates":[[108.223221,16.077702],[108.223992,16.077794]]},"properties":{"h":"residential","w":0.7}},{"type":"Feature","geometry":{"type":"LineString","coordinates":[[108.223221,16.077702],[108.221743,16.077501]]},"properties":{"h":"residential","w":0.7}},{"type":"Feature","geometry":{"type":"LineString","coordinates":[[108.223221,16.077702],[108.223385,16.076514]]},"properties":{"h":"primary","w":1.8}},{"type":"Feature","geometry":{"type":"LineString","coordinates":[[108.223496,16.075514],[108.224277,16.075647]]},"properties":{"h":"secondary","w":1.3}},{"type":"Feature","geometry":{"type":"LineString","coordinates":[[108.223496,16.075514],[108.223675,16.074306]]},"properties":{"h":"primary","w":1.8}},{"type":"Feature","geometry":{"type":"LineString","coordinates":[[108.223496,16.075514],[108.222465,16.075311]]},"properties":{"h":"secondary","w":1.3}},{"type":"Feature","geometry":{"type":"LineString","coordinates":[[108.210868,16.080354],[108.210996,16.080276]]},"properties":{"h":"secondary","w":1.3}},{"type":"Feature","geometry":{"type":"LineString","coordinates":[[108.210868,16.080354],[108.210719,16.080431],[108.21027,16.080754]]},"properties":{"h":"residential","w":0.7}},{"type":"Feature","geometry":{"type":"LineString","coordinates":[[108.210868,16.080354],[108.209946,16.079202],[108.209492,16.078692],[108.208371,16.077532]]},"properties":{"h":"primary","w":1.8}},{"type":"Feature","geometry":{"type":"LineString","coordinates":[[108.218642,16.07114],[108.216929,16.07092]]},"properties":{"h":"primary","w":1.8}},{"type":"Feature","geometry":{"type":"LineString","coordinates":[[108.218642,16.07114],[108.218871,16.069947]]},"properties":{"h":"residential","w":0.7}},{"type":"Feature","geometry":{"type":"LineString","coordinates":[[108.218642,16.07114],[108.220127,16.071321]]},"properties":{"h":"primary","w":1.8}},{"type":"Feature","geometry":{"type":"LineString","coordinates":[[108.218642,16.07114],[108.21842,16.072376]]},"properties":{"h":"residential","w":0.7}},{"type":"Feature","geometry":{"type":"LineString","coordinates":[[108.213048,16.083373],[108.213184,16.083304]]},"properties":{"h":"primary_link","w":1.0}},{"type":"Feature","geometry":{"type":"LineString","coordinates":[[108.213048,16.083373],[108.212847,16.082959],[108.212607,16.082562],[108.212045,16.081802]]},"properties":{"h":"primary","w":1.8}},{"type":"Feature","geometry":{"type":"LineString","coordinates":[[108.215197,16.087415],[108.21529,16.087501],[108.215322,16.087621]]},"properties":{"h":"primary","w":1.8}},{"type":"Feature","geometry":{"type":"LineString","coordinates":[[108.215197,16.087415],[108.215378,16.087363],[108.21599,16.087069]]},"properties":{"h":"primary","w":1.8}},{"type":"Feature","geometry":{"type":"LineString","coordinates":[[108.218975,16.081158],[108.219078,16.081076]]},"properties":{"h":"tertiary","w":0.8}},{"type":"Feature","geometry":{"type":"LineString","coordinates":[[108.218975,16.081158],[108.21924,16.08151],[108.219588,16.081846]]},"properties":{"h":"secondary","w":1.3}},{"type":"Feature","geometry":{"type":"LineString","coordinates":[[108.218975,16.081158],[108.218487,16.080423]]},"properties":{"h":"secondary","w":1.3}},{"type":"Feature","geometry":{"type":"LineString","coordinates":[[108.213936,16.073559],[108.213692,16.073224]]},"properties":{"h":"secondary","w":1.3}},{"type":"Feature","geometry":{"type":"LineString","coordinates":[[108.213936,16.073559],[108.214086,16.073783]]},"properties":{"h":"secondary","w":1.3}},{"type":"Feature","geometry":{"type":"LineString","coordinates":[[108.213936,16.073559],[108.213512,16.07347]]},"properties":{"h":"secondary","w":1.3}},{"type":"Feature","geometry":{"type":"LineString","coordinates":[[108.213936,16.073559],[108.214209,16.073615]]},"properties":{"h":"secondary","w":1.3}},{"type":"Feature","geometry":{"type":"LineString","coordinates":[[108.215274,16.075536],[108.212882,16.077069]]},"properties":{"h":"tertiary","w":0.8}},{"type":"Feature","geometry":{"type":"LineString","coordinates":[[108.215274,16.075536],[108.215442,16.075813]]},"properties":{"h":"secondary","w":1.3}},{"type":"Feature","geometry":{"type":"LineString","coordinates":[[108.215274,16.075536],[108.214086,16.073783]]},"properties":{"h":"secondary","w":1.3}},{"type":"Feature","geometry":{"type":"LineString","coordinates":[[108.223336,16.081667],[108.223554,16.081727]]},"properties":{"h":"residential","w":0.7}},{"type":"Feature","geometry":{"type":"LineString","coordinates":[[108.223336,16.081667],[108.22288,16.08221]]},"properties":{"h":"primary","w":1.8}},{"type":"Feature","geometry":{"type":"LineString","coordinates":[[108.223336,16.081667],[108.223187,16.081627],[108.222706,16.081564]]},"properties":{"h":"residential","w":0.7}},{"type":"Feature","geometry":{"type":"LineString","coordinates":[[108.217585,16.076967],[108.217722,16.076076]]},"properties":{"h":"residential","w":0.7}},{"type":"Feature","geometry":{"type":"LineString","coordinates":[[108.217585,16.076967],[108.216228,16.076791],[108.216183,16.076801],[108.216099,16.076888]]},"properties":{"h":"residential","w":0.7}},{"type":"Feature","geometry":{"type":"LineString","coordinates":[[108.217585,16.076967],[108.219585,16.077236]]},"properties":{"h":"residential","w":0.7}},{"type":"Feature","geometry":{"type":"LineString","coordinates":[[108.221485,16.079591],[108.221579,16.078829]]},"properties":{"h":"residential","w":0.7}},{"type":"Feature","geometry":{"type":"LineString","coordinates":[[108.221485,16.079591],[108.221389,16.080294]]},"properties":{"h":"residential","w":0.7}},{"type":"Feature","geometry":{"type":"LineString","coordinates":[[108.221485,16.079591],[108.22241,16.079718],[108.222517,16.078945]]},"properties":{"h":"residential","w":0.7}},{"type":"Feature","geometry":{"type":"LineString","coordinates":[[108.217024,16.078262],[108.217072,16.078336]]},"properties":{"h":"secondary","w":1.3}},{"type":"Feature","geometry":{"type":"LineString","coordinates":[[108.217024,16.078262],[108.219393,16.078557]]},"properties":{"h":"residential","w":0.7}},{"type":"Feature","geometry":{"type":"LineString","coordinates":[[108.217024,16.078262],[108.216851,16.077995]]},"properties":{"h":"secondary","w":1.3}},{"type":"Feature","geometry":{"type":"LineString","coordinates":[[108.221299,16.08089],[108.22089,16.080832]]},"properties":{"h":"residential","w":0.7}},{"type":"Feature","geometry":{"type":"LineString","coordinates":[[108.221299,16.08089],[108.221389,16.080294]]},"properties":{"h":"residential","w":0.7}},{"type":"Feature","geometry":{"type":"LineString","coordinates":[[108.221299,16.08089],[108.221244,16.081376]]},"properties":{"h":"residential","w":0.7}},{"type":"Feature","geometry":{"type":"LineString","coordinates":[[108.221743,16.077501],[108.221579,16.078829]]},"properties":{"h":"residential","w":0.7}},{"type":"Feature","geometry":{"type":"LineString","coordinates":[[108.221743,16.077501],[108.220927,16.077402]]},"properties":{"h":"residential","w":0.7}},{"type":"Feature","geometry":{"type":"LineString","coordinates":[[108.221743,16.077501],[108.223221,16.077702]]},"properties":{"h":"residential","w":0.7}},{"type":"Feature","geometry":{"type":"LineString","coordinates":[[108.221579,16.078829],[108.221485,16.079591]]},"properties":{"h":"residential","w":0.7}},{"type":"Feature","geometry":{"type":"LineString","coordinates":[[108.221579,16.078829],[108.221743,16.077501]]},"properties":{"h":"residential","w":0.7}},{"type":"Feature","geometry":{"type":"LineString","coordinates":[[108.221579,16.078829],[108.220116,16.078647]]},"properties":{"h":"residential","w":0.7}},{"type":"Feature","geometry":{"type":"LineString","coordinates":[[108.221579,16.078829],[108.222517,16.078945]]},"properties":{"h":"residential","w":0.7}},{"type":"Feature","geometry":{"type":"LineString","coordinates":[[108.212,16.077584],[108.212227,16.077499],[108.212882,16.077069]]},"properties":{"h":"tertiary","w":0.8}},{"type":"Feature","geometry":{"type":"LineString","coordinates":[[108.212,16.077584],[108.211807,16.078456]]},"properties":{"h":"secondary","w":1.3}},{"type":"Feature","geometry":{"type":"LineString","coordinates":[[108.212,16.077584],[108.212168,16.076718]]},"properties":{"h":"secondary","w":1.3}},{"type":"Feature","geometry":{"type":"LineString","coordinates":[[108.212267,16.076176],[108.212243,16.0763]]},"properties":{"h":"secondary","w":1.3}},{"type":"Feature","geometry":{"type":"LineString","coordinates":[[108.212267,16.076176],[108.212591,16.0747]]},"properties":{"h":"secondary","w":1.3}},{"type":"Feature","geometry":{"type":"LineString","coordinates":[[108.211807,16.078456],[108.212009,16.078662]]},"properties":{"h":"residential","w":0.7}},{"type":"Feature","geometry":{"type":"LineString","coordinates":[[108.211807,16.078456],[108.211731,16.078957]]},"properties":{"h":"secondary","w":1.3}},{"type":"Feature","geometry":{"type":"LineString","coordinates":[[108.211807,16.078456],[108.212,16.077584]]},"properties":{"h":"secondary","w":1.3}},{"type":"Feature","geometry":{"type":"LineString","coordinates":[[108.218487,16.080423],[108.217564,16.081013]]},"properties":{"h":"residential","w":0.7}},{"type":"Feature","geometry":{"type":"LineString","coordinates":[[108.218487,16.080423],[108.218975,16.081158]]},"properties":{"h":"secondary","w":1.3}},{"type":"Feature","geometry":{"type":"LineString","coordinates":[[108.218487,16.080423],[108.218112,16.079876]]},"properties":{"h":"secondary","w":1.3}},{"type":"Feature","geometry":{"type":"LineString","coordinates":[[108.223844,16.079097],[108.223037,16.07901]]},"properties":{"h":"residential","w":0.7}},{"type":"Feature","geometry":{"type":"LineString","coordinates":[[108.223844,16.079097],[108.223684,16.080613]]},"properties":{"h":"primary","w":1.8}},{"type":"Feature","geometry":{"type":"LineString","coordinates":[[108.223037,16.07901],[108.223844,16.079097]]},"properties":{"h":"residential","w":0.7}},{"type":"Feature","geometry":{"type":"LineString","coordinates":[[108.223037,16.07901],[108.222517,16.078945]]},"properties":{"h":"residential","w":0.7}},{"type":"Feature","geometry":{"type":"LineString","coordinates":[[108.223037,16.07901],[108.223221,16.077702]]},"properties":{"h":"primary","w":1.8}},{"type":"Feature","geometry":{"type":"LineString","coordinates":[[108.220116,16.078647],[108.219901,16.080108]]},"properties":{"h":"tertiary","w":0.8}},{"type":"Feature","geometry":{"type":"LineString","coordinates":[[108.220116,16.078647],[108.219393,16.078557]]},"properties":{"h":"residential","w":0.7}},{"type":"Feature","geometry":{"type":"LineString","coordinates":[[108.220116,16.078647],[108.221579,16.078829]]},"properties":{"h":"residential","w":0.7}},{"type":"Feature","geometry":{"type":"LineString","coordinates":[[108.220316,16.077326],[108.219585,16.077236]]},"properties":{"h":"residential","w":0.7}},{"type":"Feature","geometry":{"type":"LineString","coordinates":[[108.220316,16.077326],[108.220927,16.077402]]},"properties":{"h":"residential","w":0.7}},{"type":"Feature","geometry":{"type":"LineString","coordinates":[[108.220316,16.077326],[108.220116,16.078647]]},"properties":{"h":"tertiary","w":0.8}},{"type":"Feature","geometry":{"type":"LineString","coordinates":[[108.221218,16.070479],[108.221104,16.071397]]},"properties":{"h":"tertiary","w":0.8}},{"type":"Feature","geometry":{"type":"LineString","coordinates":[[108.221218,16.070479],[108.222856,16.070369]]},"properties":{"h":"residential","w":0.7}},{"type":"Feature","geometry":{"type":"LineString","coordinates":[[108.221218,16.070479],[108.220508,16.070573]]},"properties":{"h":"residential","w":0.7}},{"type":"Feature","geometry":{"type":"LineString","coordinates":[[108.221096,16.071463],[108.220404,16.071387]]},"properties":{"h":"primary","w":1.8}},{"type":"Feature","geometry":{"type":"LineString","coordinates":[[108.221096,16.071463],[108.220919,16.072732]]},"properties":{"h":"tertiary","w":0.8}},{"type":"Feature","geometry":{"type":"LineString","coordinates":[[108.221029,16.068211],[108.221056,16.068613]]},"properties":{"h":"tertiary","w":0.8}},{"type":"Feature","geometry":{"type":"LineString","coordinates":[[108.221029,16.068211],[108.220305,16.068246]]},"properties":{"h":"residential","w":0.7}},{"type":"Feature","geometry":{"type":"LineString","coordinates":[[108.221029,16.068211],[108.222692,16.068176]]},"properties":{"h":"residential","w":0.7}},{"type":"Feature","geometry":{"type":"LineString","coordinates":[[108.221056,16.068613],[108.222747,16.0686]]},"properties":{"h":"tertiary","w":0.8}},{"type":"Feature","geometry":{"type":"LineString","coordinates":[[108.221056,16.068613],[108.220342,16.06862]]},"properties":{"h":"tertiary","w":0.8}},{"type":"Feature","geometry":{"type":"LineString","coordinates":[[108.221056,16.068613],[108.221104,16.069595],[108.221218,16.070479]]},"properties":{"h":"tertiary","w":0.8}},{"type":"Feature","geometry":{"type":"LineString","coordinates":[[108.215274,16.087751],[108.215168,16.087827],[108.215036,16.087836],[108.214974,16.087814],[108.214879,16.087725]]},"properties":{"h":"primary","w":1.8}},{"type":"Feature","geometry":{"type":"LineString","coordinates":[[108.215274,16.087751],[108.215164,16.088122],[108.21513,16.088462]]},"properties":{"h":"primary","w":1.8}},{"type":"Feature","geometry":{"type":"LineString","coordinates":[[108.214877,16.087508],[108.214778,16.087091],[108.214338,16.086109]]},"properties":{"h":"primary","w":1.8}},{"type":"Feature","geometry":{"type":"LineString","coordinates":[[108.214877,16.087508],[108.214914,16.087459],[108.21502,16.087397],[108.215144,16.087394]]},"properties":{"h":"primary","w":1.8}},{"type":"Feature","geometry":{"type":"LineString","coordinates":[[108.21513,16.088462],[108.215024,16.088773]]},"properties":{"h":"primary","w":1.8}},{"type":"Feature","geometry":{"type":"LineString","coordinates":[[108.21513,16.088462],[108.215177,16.088787],[108.215118,16.090131]]},"properties":{"h":"tertiary","w":0.8}},{"type":"Feature","geometry":{"type":"LineString","coordinates":[[108.214879,16.087725],[108.21485,16.087604],[108.214877,16.087508]]},"properties":{"h":"primary","w":1.8}},{"type":"Feature","geometry":{"type":"LineString","coordinates":[[108.20995,16.043997],[108.210079,16.044012]]},"properties":{"h":"secondary","w":1.3}},{"type":"Feature","geometry":{"type":"LineString","coordinates":[[108.20995,16.043997],[108.210222,16.042041]]},"properties":{"h":"primary","w":1.8}},{"type":"Feature","geometry":{"type":"LineString","coordinates":[[108.224213,16.03194],[108.225508,16.031945]]},"properties":{"h":"residential","w":0.7}},{"type":"Feature","geometry":{"type":"LineString","coordinates":[[108.224213,16.03194],[108.224319,16.032593]]},"properties":{"h":"trunk","w":2.2}},{"type":"Feature","geometry":{"type":"LineString","coordinates":[[108.210978,16.04211],[108.211149,16.04079]]},"properties":{"h":"residential","w":0.7}},{"type":"Feature","geometry":{"type":"LineString","coordinates":[[108.210978,16.04211],[108.210734,16.044089]]},"properties":{"h":"residential","w":0.7}},{"type":"Feature","geometry":{"type":"LineString","coordinates":[[108.210978,16.04211],[108.211541,16.042192]]},"properties":{"h":"residential","w":0.7}},{"type":"Feature","geometry":{"type":"LineString","coordinates":[[108.210978,16.04211],[108.210352,16.042057]]},"properties":{"h":"residential","w":0.7}},{"type":"Feature","geometry":{"type":"LineString","coordinates":[[108.212755,16.040517],[108.213217,16.040568]]},"properties":{"h":"residential","w":0.7}},{"type":"Feature","geometry":{"type":"LineString","coordinates":[[108.212755,16.040517],[108.212281,16.040465]]},"properties":{"h":"residential","w":0.7}},{"type":"Feature","geometry":{"type":"LineString","coordinates":[[108.212755,16.040517],[108.212555,16.04183]]},"properties":{"h":"residential","w":0.7}},{"type":"Feature","geometry":{"type":"LineString","coordinates":[[108.211766,16.040409],[108.212281,16.040465]]},"properties":{"h":"residential","w":0.7}},{"type":"Feature","geometry":{"type":"LineString","coordinates":[[108.211766,16.040409],[108.211699,16.040845]]},"properties":{"h":"residential","w":0.7}},{"type":"Feature","geometry":{"type":"LineString","coordinates":[[108.211766,16.040409],[108.211834,16.0399],[108.211829,16.039766]]},"properties":{"h":"residential","w":0.7}},{"type":"Feature","geometry":{"type":"LineString","coordinates":[[108.211297,16.044153],[108.211094,16.044127]]},"properties":{"h":"secondary","w":1.3}},{"type":"Feature","geometry":{"type":"LineString","coordinates":[[108.211297,16.044153],[108.211363,16.043705]]},"properties":{"h":"residential","w":0.7}},{"type":"Feature","geometry":{"type":"LineString","coordinates":[[108.211297,16.044153],[108.211594,16.044198]]},"properties":{"h":"secondary","w":1.3}},{"type":"Feature","geometry":{"type":"LineString","coordinates":[[108.211541,16.042192],[108.211467,16.042891]]},"properties":{"h":"residential","w":0.7}},{"type":"Feature","geometry":{"type":"LineString","coordinates":[[108.211541,16.042192],[108.212476,16.042317]]},"properties":{"h":"residential","w":0.7}},{"type":"Feature","geometry":{"type":"LineString","coordinates":[[108.211541,16.042192],[108.211608,16.041705]]},"properties":{"h":"residential","w":0.7}},{"type":"Feature","geometry":{"type":"LineString","coordinates":[[108.211541,16.042192],[108.210978,16.04211]]},"properties":{"h":"residential","w":0.7}},{"type":"Feature","geometry":{"type":"LineString","coordinates":[[108.213035,16.041902],[108.213217,16.040568]]},"properties":{"h":"residential","w":0.7}},{"type":"Feature","geometry":{"type":"LineString","coordinates":[[108.213035,16.041902],[108.21288,16.043069]]},"properties":{"h":"residential","w":0.7}},{"type":"Feature","geometry":{"type":"LineString","coordinates":[[108.213035,16.041902],[108.213533,16.041968]]},"properties":{"h":"residential","w":0.7}},{"type":"Feature","geometry":{"type":"LineString","coordinates":[[108.213035,16.041902],[108.212555,16.04183]]},"properties":{"h":"residential","w":0.7}},{"type":"Feature","geometry":{"type":"LineString","coordinates":[[108.212476,16.042317],[108.212555,16.04183]]},"properties":{"h":"residential","w":0.7}},{"type":"Feature","geometry":{"type":"LineString","coordinates":[[108.212476,16.042317],[108.212365,16.042997]]},"properties":{"h":"residential","w":0.7}},{"type":"Feature","geometry":{"type":"LineString","coordinates":[[108.212476,16.042317],[108.211541,16.042192]]},"properties":{"h":"residential","w":0.7}},{"type":"Feature","geometry":{"type":"LineString","coordinates":[[108.211608,16.041705],[108.212095,16.041766]]},"properties":{"h":"residential","w":0.7}},{"type":"Feature","geometry":{"type":"LineString","coordinates":[[108.211608,16.041705],[108.211699,16.040845]]},"properties":{"h":"residential","w":0.7}},{"type":"Feature","geometry":{"type":"LineString","coordinates":[[108.211608,16.041705],[108.211541,16.042192]]},"properties":{"h":"residential","w":0.7}},{"type":"Feature","geometry":{"type":"LineString","coordinates":[[108.212281,16.040465],[108.212095,16.041766]]},"properties":{"h":"residential","w":0.7}},{"type":"Feature","geometry":{"type":"LineString","coordinates":[[108.212281,16.040465],[108.212755,16.040517]]},"properties":{"h":"residential","w":0.7}},{"type":"Feature","geometry":{"type":"LineString","coordinates":[[108.212281,16.040465],[108.211766,16.040409]]},"properties":{"h":"residential","w":0.7}},{"type":"Feature","geometry":{"type":"LineString","coordinates":[[108.213533,16.041968],[108.213035,16.041902]]},"properties":{"h":"residential","w":0.7}},{"type":"Feature","geometry":{"type":"LineString","coordinates":[[108.213533,16.041968],[108.213397,16.043139]]},"properties":{"h":"tertiary","w":0.8}},{"type":"Feature","geometry":{"type":"LineString","coordinates":[[108.213533,16.041968],[108.213688,16.040619]]},"properties":{"h":"tertiary","w":0.8}},{"type":"Feature","geometry":{"type":"LineString","coordinates":[[108.211149,16.04079],[108.210978,16.04211]]},"properties":{"h":"residential","w":0.7}},{"type":"Feature","geometry":{"type":"LineString","coordinates":[[108.211149,16.04079],[108.211699,16.040845]]},"properties":{"h":"residential","w":0.7}},{"type":"Feature","geometry":{"type":"LineString","coordinates":[[108.211149,16.04079],[108.210547,16.040703]]},"properties":{"h":"residential","w":0.7}},{"type":"Feature","geometry":{"type":"LineString","coordinates":[[108.211699,16.040845],[108.211766,16.040409]]},"properties":{"h":"residential","w":0.7}},{"type":"Feature","geometry":{"type":"LineString","coordinates":[[108.211699,16.040845],[108.211608,16.041705]]},"properties":{"h":"residential","w":0.7}},{"type":"Feature","geometry":{"type":"LineString","coordinates":[[108.211699,16.040845],[108.211149,16.04079]]},"properties":{"h":"residential","w":0.7}},{"type":"Feature","geometry":{"type":"LineString","coordinates":[[108.218683,16.032427],[108.218696,16.032303]]},"properties":{"h":"secondary","w":1.3}},{"type":"Feature","geometry":{"type":"LineString","coordinates":[[108.218683,16.032427],[108.218645,16.032732]]},"properties":{"h":"secondary","w":1.3}},{"type":"Feature","geometry":{"type":"LineString","coordinates":[[108.218683,16.032427],[108.217429,16.032289]]},"properties":{"h":"primary","w":1.8}},{"type":"Feature","geometry":{"type":"LineString","coordinates":[[108.211957,16.038001],[108.211049,16.038211]]},"properties":{"h":"residential","w":0.7}},{"type":"Feature","geometry":{"type":"LineString","coordinates":[[108.211957,16.038001],[108.21189,16.037622]]},"properties":{"h":"residential","w":0.7}},{"type":"Feature","geometry":{"type":"LineString","coordinates":[[108.211957,16.038001],[108.212111,16.037972],[108.2131,16.038083]]},"properties":{"h":"residential","w":0.7}},{"type":"Feature","geometry":{"type":"LineString","coordinates":[[108.211957,16.038001],[108.212011,16.038213],[108.212,16.038366]]},"properties":{"h":"residential","w":0.7}},{"type":"Feature","geometry":{"type":"LineString","coordinates":[[108.213688,16.040619],[108.213217,16.040568]]},"properties":{"h":"residential","w":0.7}},{"type":"Feature","geometry":{"type":"LineString","coordinates":[[108.213688,16.040619],[108.214224,16.040677]]},"properties":{"h":"residential","w":0.7}},{"type":"Feature","geometry":{"type":"LineString","coordinates":[[108.213688,16.040619],[108.21376,16.039996]]},"properties":{"h":"tertiary","w":0.8}},{"type":"Feature","geometry":{"type":"LineString","coordinates":[[108.213688,16.040619],[108.213533,16.041968]]},"properties":{"h":"tertiary","w":0.8}},{"type":"Feature","geometry":{"type":"LineString","coordinates":[[108.212095,16.041766],[108.212281,16.040465]]},"properties":{"h":"residential","w":0.7}},{"type":"Feature","geometry":{"type":"LineString","coordinates":[[108.212095,16.041766],[108.212555,16.04183]]},"properties":{"h":"residential","w":0.7}},{"type":"Feature","geometry":{"type":"LineString","coordinates":[[108.212095,16.041766],[108.211608,16.041705]]},"properties":{"h":"residential","w":0.7}},{"type":"Feature","geometry":{"type":"LineString","coordinates":[[108.212555,16.04183],[108.213035,16.041902]]},"properties":{"h":"residential","w":0.7}},{"type":"Feature","geometry":{"type":"LineString","coordinates":[[108.212555,16.04183],[108.212095,16.041766]]},"properties":{"h":"residential","w":0.7}},{"type":"Feature","geometry":{"type":"LineString","coordinates":[[108.212555,16.04183],[108.212755,16.040517]]},"properties":{"h":"residential","w":0.7}},{"type":"Feature","geometry":{"type":"LineString","coordinates":[[108.212555,16.04183],[108.212476,16.042317]]},"properties":{"h":"residential","w":0.7}},{"type":"Feature","geometry":{"type":"LineString","coordinates":[[108.211467,16.042891],[108.212365,16.042997]]},"properties":{"h":"residential","w":0.7}},{"type":"Feature","geometry":{"type":"LineString","coordinates":[[108.211467,16.042891],[108.211541,16.042192]]},"properties":{"h":"residential","w":0.7}},{"type":"Feature","geometry":{"type":"LineString","coordinates":[[108.211467,16.042891],[108.211414,16.043314]]},"properties":{"h":"residential","w":0.7}},{"type":"Feature","geometry":{"type":"LineString","coordinates":[[108.22237,16.041714],[108.221702,16.041655]]},"properties":{"h":"tertiary","w":0.8}},{"type":"Feature","geometry":{"type":"LineString","coordinates":[[108.22237,16.041714],[108.222286,16.042217]]},"properties":{"h":"residential","w":0.7}},{"type":"Feature","geometry":{"type":"LineString","coordinates":[[108.221808,16.040645],[108.221787,16.04085]]},"properties":{"h":"secondary","w":1.3}},{"type":"Feature","geometry":{"type":"LineString","coordinates":[[108.221808,16.040645],[108.221894,16.039834]]},"properties":{"h":"secondary","w":1.3}},{"type":"Feature","geometry":{"type":"LineString","coordinates":[[108.213251,16.044404],[108.213304,16.043946]]},"properties":{"h":"tertiary","w":0.8}},{"type":"Feature","geometry":{"type":"LineString","coordinates":[[108.213251,16.044404],[108.213767,16.044487]]},"properties":{"h":"secondary","w":1.3}},{"type":"Feature","geometry":{"type":"LineString","coordinates":[[108.213251,16.044404],[108.211594,16.044198]]},"properties":{"h":"secondary","w":1.3}},{"type":"Feature","geometry":{"type":"LineString","coordinates":[[108.213217,16.040568],[108.213035,16.041902]]},"properties":{"h":"residential","w":0.7}},{"type":"Feature","geometry":{"type":"LineString","coordinates":[[108.213217,16.040568],[108.213688,16.040619]]},"properties":{"h":"residential","w":0.7}},{"type":"Feature","geometry":{"type":"LineString","coordinates":[[108.213217,16.040568],[108.212755,16.040517]]},"properties":{"h":"residential","w":0.7}},{"type":"Feature","geometry":{"type":"LineString","coordinates":[[108.212365,16.042997],[108.21288,16.043069]]},"properties":{"h":"residential","w":0.7}},{"type":"Feature","geometry":{"type":"LineString","coordinates":[[108.212365,16.042997],[108.211467,16.042891]]},"properties":{"h":"residential","w":0.7}},{"type":"Feature","geometry":{"type":"LineString","coordinates":[[108.212365,16.042997],[108.212476,16.042317]]},"properties":{"h":"residential","w":0.7}},{"type":"Feature","geometry":{"type":"LineString","coordinates":[[108.213397,16.043139],[108.213927,16.043213]]},"properties":{"h":"residential","w":0.7}},{"type":"Feature","geometry":{"type":"LineString","coordinates":[[108.213397,16.043139],[108.21288,16.043069]]},"properties":{"h":"residential","w":0.7}},{"type":"Feature","geometry":{"type":"LineString","coordinates":[[108.213397,16.043139],[108.213533,16.041968]]},"properties":{"h":"tertiary","w":0.8}},{"type":"Feature","geometry":{"type":"LineString","coordinates":[[108.213397,16.043139],[108.213304,16.043946]]},"properties":{"h":"tertiary","w":0.8}},{"type":"Feature","geometry":{"type":"LineString","coordinates":[[108.210734,16.044089],[108.210978,16.04211]]},"properties":{"h":"residential","w":0.7}},{"type":"Feature","geometry":{"type":"LineString","coordinates":[[108.210734,16.044089],[108.211094,16.044127]]},"properties":{"h":"secondary","w":1.3}},{"type":"Feature","geometry":{"type":"LineString","coordinates":[[108.210734,16.044089],[108.210079,16.044012]]},"properties":{"h":"secondary","w":1.3}},{"type":"Feature","geometry":{"type":"LineString","coordinates":[[108.221468,16.033447],[108.221038,16.033384]]},"properties":{"h":"residential","w":0.7}},{"type":"Feature","geometry":{"type":"LineString","coordinates":[[108.221468,16.033447],[108.221335,16.034702]]},"properties":{"h":"residential","w":0.7}},{"type":"Feature","geometry":{"type":"LineString","coordinates":[[108.221468,16.033447],[108.221507,16.033153],[108.22148,16.03309],[108.221103,16.033015],[108.220604,16.032959]]},"properties":{"h":"residential","w":0.7}},{"type":"Feature","geometry":{"type":"LineString","coordinates":[[108.221468,16.033447],[108.221877,16.033474],[108.221917,16.033513],[108.221869,16.034059]]},"properties":{"h":"residential","w":0.7}},{"type":"Feature","geometry":{"type":"LineString","coordinates":[[108.219951,16.034524],[108.219031,16.034418]]},"properties":{"h":"residential","w":0.7}},{"type":"Feature","geometry":{"type":"LineString","coordinates":[[108.219951,16.034524],[108.220005,16.034049]]},"properties":{"h":"residential","w":0.7}},{"type":"Feature","geometry":{"type":"LineString","coordinates":[[108.219951,16.034524],[108.219898,16.034954]]},"properties":{"h":"residential","w":0.7}},{"type":"Feature","geometry":{"type":"LineString","coordinates":[[108.219951,16.034524],[108.220397,16.034575]]},"properties":{"h":"residential","w":0.7}},{"type":"Feature","geometry":{"type":"LineString","coordinates":[[108.220564,16.033325],[108.221038,16.033384]]},"properties":{"h":"residential","w":0.7}},{"type":"Feature","geometry":{"type":"LineString","coordinates":[[108.220564,16.033325],[108.220105,16.033257]]},"properties":{"h":"residential","w":0.7}},{"type":"Feature","geometry":{"type":"LineString","coordinates":[[108.220564,16.033325],[108.220604,16.032959]]},"properties":{"h":"residential","w":0.7}},{"type":"Feature","geometry":{"type":"LineString","coordinates":[[108.220564,16.033325],[108.220397,16.034575]]},"properties":{"h":"residential","w":0.7}},{"type":"Feature","geometry":{"type":"LineString","coordinates":[[108.214544,16.033932],[108.215062,16.033991]]},"properties":{"h":"residential","w":0.7}},{"type":"Feature","geometry":{"type":"LineString","coordinates":[[108.214544,16.033932],[108.214699,16.032666]]},"properties":{"h":"tertiary","w":0.8}},{"type":"Feature","geometry":{"type":"LineString","coordinates":[[108.216027,16.032823],[108.217352,16.032956]]},"properties":{"h":"residential","w":0.7}},{"type":"Feature","geometry":{"type":"LineString","coordinates":[[108.216027,16.032823],[108.215596,16.03277]]},"properties":{"h":"residential","w":0.7}},{"type":"Feature","geometry":{"type":"LineString","coordinates":[[108.216027,16.032823],[108.215973,16.033261]]},"properties":{"h":"residential","w":0.7}},{"type":"Feature","geometry":{"type":"LineString","coordinates":[[108.216027,16.032823],[108.216067,16.032441]]},"properties":{"h":"residential","w":0.7}},{"type":"Feature","geometry":{"type":"LineString","coordinates":[[108.215882,16.034076],[108.215482,16.034031]]},"properties":{"h":"residential","w":0.7}},{"type":"Feature","geometry":{"type":"LineString","coordinates":[[108.215882,16.034076],[108.216373,16.034134]]},"properties":{"h":"residential","w":0.7}},{"type":"Feature","geometry":{"type":"LineString","coordinates":[[108.215882,16.034076],[108.215973,16.033261]]},"properties":{"h":"residential","w":0.7}},{"type":"Feature","geometry":{"type":"LineString","coordinates":[[108.215882,16.034076],[108.215838,16.03435],[108.215729,16.034654]]},"properties":{"h":"residential","w":0.7}},{"type":"Feature","geometry":{"type":"LineString","coordinates":[[108.214699,16.032666],[108.214745,16.032292]]},"properties":{"h":"tertiary","w":0.8}},{"type":"Feature","geometry":{"type":"LineString","coordinates":[[108.214699,16.032666],[108.215173,16.032726]]},"properties":{"h":"residential","w":0.7}},{"type":"Feature","geometry":{"type":"LineString","coordinates":[[108.214699,16.032666],[108.214544,16.033932]]},"properties":{"h":"tertiary","w":0.8}},{"type":"Feature","geometry":{"type":"LineString","coordinates":[[108.215062,16.033991],[108.214544,16.033932]]},"properties":{"h":"residential","w":0.7}},{"type":"Feature","geometry":{"type":"LineString","coordinates":[[108.215062,16.033991],[108.215482,16.034031]]},"properties":{"h":"residential","w":0.7}},{"type":"Feature","geometry":{"type":"LineString","coordinates":[[108.215062,16.033991],[108.215173,16.032726]]},"properties":{"h":"residential","w":0.7}},{"type":"Feature","geometry":{"type":"LineString","coordinates":[[108.215062,16.033991],[108.21488,16.035439]]},"properties":{"h":"residential","w":0.7}},{"type":"Feature","geometry":{"type":"LineString","coordinates":[[108.218454,16.034352],[108.217974,16.034303]]},"properties":{"h":"residential","w":0.7}},{"type":"Feature","geometry":{"type":"LineString","coordinates":[[108.218454,16.034352],[108.219031,16.034418]]},"properties":{"h":"residential","w":0.7}},{"type":"Feature","geometry":{"type":"LineString","coordinates":[[108.218454,16.034352],[108.218604,16.033098]]},"properties":{"h":"secondary","w":1.3}},{"type":"Feature","geometry":{"type":"LineString","coordinates":[[108.218454,16.034352],[108.218323,16.03556]]},"properties":{"h":"secondary","w":1.3}},{"type":"Feature","geometry":{"type":"LineString","coordinates":[[108.222484,16.034816],[108.221781,16.034757]]},"properties":{"h":"residential","w":0.7}},{"type":"Feature","geometry":{"type":"LineString","coordinates":[[108.222484,16.034816],[108.222439,16.035184]]},"properties":{"h":"secondary","w":1.3}},{"type":"Feature","geometry":{"type":"LineString","coordinates":[[108.222484,16.034816],[108.222572,16.03417]]},"properties":{"h":"secondary","w":1.3}},{"type":"Feature","geometry":{"type":"LineString","coordinates":[[108.217352,16.032956],[108.217733,16.032988]]},"properties":{"h":"residential","w":0.7}},{"type":"Feature","geometry":{"type":"LineString","coordinates":[[108.217352,16.032956],[108.216027,16.032823]]},"properties":{"h":"residential","w":0.7}},{"type":"Feature","geometry":{"type":"LineString","coordinates":[[108.217352,16.032956],[108.217386,16.032591]]},"properties":{"h":"residential","w":0.7}},{"type":"Feature","geometry":{"type":"LineString","coordinates":[[108.217352,16.032956],[108.217295,16.033406]]},"properties":{"h":"residential","w":0.7}},{"type":"Feature","geometry":{"type":"LineString","coordinates":[[108.218604,16.033098],[108.219166,16.033168]]},"properties":{"h":"residential","w":0.7}},{"type":"Feature","geometry":{"type":"LineString","coordinates":[[108.218604,16.033098],[108.218097,16.033039]]},"properties":{"h":"residential","w":0.7}},{"type":"Feature","geometry":{"type":"LineString","coordinates":[[108.218604,16.033098],[108.218645,16.032732]]},"properties":{"h":"secondary","w":1.3}},{"type":"Feature","geometry":{"type":"LineString","coordinates":[[108.218604,16.033098],[108.218454,16.034352]]},"properties":{"h":"secondary","w":1.3}},{"type":"Feature","geometry":{"type":"LineString","coordinates":[[108.217974,16.034303],[108.217589,16.034258]]},"properties":{"h":"residential","w":0.7}},{"type":"Feature","geometry":{"type":"LineString","coordinates":[[108.217974,16.034303],[108.218097,16.033039]]},"properties":{"h":"residential","w":0.7}},{"type":"Feature","geometry":{"type":"LineString","coordinates":[[108.217974,16.034303],[108.217907,16.034776]]},"properties":{"h":"residential","w":0.7}},{"type":"Feature","geometry":{"type":"LineString","coordinates":[[108.217974,16.034303],[108.218454,16.034352]]},"properties":{"h":"residential","w":0.7}},{"type":"Feature","geometry":{"type":"LineString","coordinates":[[108.222753,16.032894],[108.222768,16.032779]]},"properties":{"h":"secondary","w":1.3}},{"type":"Feature","geometry":{"type":"LineString","coordinates":[[108.222753,16.032894],[108.222697,16.033248]]},"properties":{"h":"secondary","w":1.3}},{"type":"Feature","geometry":{"type":"LineString","coordinates":[[108.222753,16.032894],[108.220642,16.032673]]},"properties":{"h":"primary","w":1.8}},{"type":"Feature","geometry":{"type":"LineString","coordinates":[[108.214292,16.035874],[108.215508,16.036011]]},"properties":{"h":"tertiary","w":0.8}},{"type":"Feature","geometry":{"type":"LineString","coordinates":[[108.214292,16.035874],[108.214207,16.036487]]},"properties":{"h":"tertiary","w":0.8}},{"type":"Feature","geometry":{"type":"LineString","coordinates":[[108.220947,16.040569],[108.221808,16.040645]]},"properties":{"h":"tertiary","w":0.8}},{"type":"Feature","geometry":{"type":"LineString","coordinates":[[108.220947,16.040569],[108.221044,16.039915]]},"properties":{"h":"residential","w":0.7}},{"type":"Feature","geometry":{"type":"LineString","coordinates":[[108.222124,16.037548],[108.222179,16.037159]]},"properties":{"h":"secondary","w":1.3}},{"type":"Feature","geometry":{"type":"LineString","coordinates":[[108.222124,16.037548],[108.222013,16.038435]]},"properties":{"h":"secondary","w":1.3}},{"type":"Feature","geometry":{"type":"LineString","coordinates":[[108.222124,16.037548],[108.223153,16.037684]]},"properties":{"h":"tertiary","w":0.8}},{"type":"Feature","geometry":{"type":"LineString","coordinates":[[108.222124,16.037548],[108.220665,16.037282]]},"properties":{"h":"tertiary","w":0.8}},{"type":"Feature","geometry":{"type":"LineString","coordinates":[[108.215721,16.039254],[108.216243,16.039328]]},"properties":{"h":"residential","w":0.7}},{"type":"Feature","geometry":{"type":"LineString","coordinates":[[108.215721,16.039254],[108.215267,16.039189]]},"properties":{"h":"residential","w":0.7}},{"type":"Feature","geometry":{"type":"LineString","coordinates":[[108.215721,16.039254],[108.215896,16.03819]]},"properties":{"h":"tertiary","w":0.8}},{"type":"Feature","geometry":{"type":"LineString","coordinates":[[108.215721,16.039254],[108.215627,16.039862],[108.215577,16.039967]]},"properties":{"h":"tertiary","w":0.8}},{"type":"Feature","geometry":{"type":"LineString","coordinates":[[108.218193,16.036665],[108.217708,16.036441]]},"properties":{"h":"tertiary","w":0.8}},{"type":"Feature","geometry":{"type":"LineString","coordinates":[[108.218193,16.036665],[108.218323,16.03556]]},"properties":{"h":"secondary","w":1.3}},{"type":"Feature","geometry":{"type":"LineString","coordinates":[[108.218193,16.036665],[108.218093,16.0375]]},"properties":{"h":"secondary","w":1.3}},{"type":"Feature","geometry":{"type":"LineString","coordinates":[[108.218193,16.036665],[108.218786,16.036813]]},"properties":{"h":"tertiary","w":0.8}},{"type":"Feature","geometry":{"type":"LineString","coordinates":[[108.213854,16.039033],[108.213422,16.03899]]},"properties":{"h":"residential","w":0.7}},{"type":"Feature","geometry":{"type":"LineString","coordinates":[[108.213854,16.039033],[108.214053,16.037795]]},"properties":{"h":"tertiary","w":0.8}},{"type":"Feature","geometry":{"type":"LineString","coordinates":[[108.213854,16.039033],[108.214418,16.039093]]},"properties":{"h":"residential","w":0.7}},{"type":"Feature","geometry":{"type":"LineString","coordinates":[[108.213854,16.039033],[108.213797,16.039754]]},"properties":{"h":"tertiary","w":0.8}},{"type":"Feature","geometry":{"type":"LineString","coordinates":[[108.221044,16.039915],[108.219754,16.039736]]},"properties":{"h":"residential","w":0.7}},{"type":"Feature","geometry":{"type":"LineString","coordinates":[[108.221044,16.039915],[108.221076,16.039888],[108.221117,16.039594],[108.220762,16.039527]]},"properties":{"h":"residential","w":0.7}},{"type":"Feature","geometry":{"type":"LineString","coordinates":[[108.221044,16.039915],[108.220947,16.040569]]},"properties":{"h":"residential","w":0.7}},{"type":"Feature","geometry":{"type":"LineString","coordinates":[[108.211945,16.03883],[108.213422,16.03899]]},"properties":{"h":"residential","w":0.7}},{"type":"Feature","geometry":{"type":"LineString","coordinates":[[108.211945,16.03883],[108.212,16.038366]]},"properties":{"h":"residential","w":0.7}},{"type":"Feature","geometry":{"type":"LineString","coordinates":[[108.211945,16.03883],[108.211853,16.039537]]},"properties":{"h":"residential","w":0.7}},{"type":"Feature","geometry":{"type":"LineString","coordinates":[[108.217874,16.039496],[108.218487,16.039569]]},"properties":{"h":"residential","w":0.7}},{"type":"Feature","geometry":{"type":"LineString","coordinates":[[108.217874,16.039496],[108.217423,16.039445]]},"properties":{"h":"residential","w":0.7}},{"type":"Feature","geometry":{"type":"LineString","coordinates":[[108.217874,16.039496],[108.217992,16.038418]]},"properties":{"h":"secondary","w":1.3}},{"type":"Feature","geometry":{"type":"LineString","coordinates":[[108.217874,16.039496],[108.217795,16.040206]]},"properties":{"h":"secondary","w":1.3}},{"type":"Feature","geometry":{"type":"LineString","coordinates":[[108.219875,16.037083],[108.219472,16.036985]]},"properties":{"h":"tertiary","w":0.8}},{"type":"Feature","geometry":{"type":"LineString","coordinates":[[108.219875,16.037083],[108.219998,16.036605]]},"properties":{"h":"residential","w":0.7}},{"type":"Feature","geometry":{"type":"LineString","coordinates":[[108.219875,16.037083],[108.220665,16.037282]]},"properties":{"h":"tertiary","w":0.8}},{"type":"Feature","geometry":{"type":"LineString","coordinates":[[108.225824,16.028869],[108.225527,16.029626],[108.225513,16.030057]]},"properties":{"h":"residential","w":0.7}},{"type":"Feature","geometry":{"type":"LineString","coordinates":[[108.225824,16.028869],[108.226896,16.029262]]},"properties":{"h":"tertiary","w":0.8}},{"type":"Feature","geometry":{"type":"LineString","coordinates":[[108.225824,16.028869],[108.225315,16.028628],[108.22486,16.028263]]},"properties":{"h":"tertiary","w":0.8}},{"type":"Feature","geometry":{"type":"LineString","coordinates":[[108.228037,16.029662],[108.227914,16.030079]]},"properties":{"h":"residential","w":0.7}},{"type":"Feature","geometry":{"type":"LineString","coordinates":[[108.228037,16.029662],[108.229128,16.029891]]},"properties":{"h":"tertiary","w":0.8}},{"type":"Feature","geometry":{"type":"LineString","coordinates":[[108.228037,16.029662],[108.226896,16.029262]]},"properties":{"h":"tertiary","w":0.8}},{"type":"Feature","geometry":{"type":"LineString","coordinates":[[108.222768,16.032779],[108.222753,16.032894]]},"properties":{"h":"secondary","w":1.3}},{"type":"Feature","geometry":{"type":"LineString","coordinates":[[108.222768,16.032779],[108.223766,16.032894]]},"properties":{"h":"primary","w":1.8}},{"type":"Feature","geometry":{"type":"LineString","coordinates":[[108.222768,16.032779],[108.222788,16.032463]]},"properties":{"h":"secondary","w":1.3}},{"type":"Feature","geometry":{"type":"LineString","coordinates":[[108.226896,16.029262],[108.226748,16.029647]]},"properties":{"h":"residential","w":0.7}},{"type":"Feature","geometry":{"type":"LineString","coordinates":[[108.226896,16.029262],[108.228037,16.029662]]},"properties":{"h":"tertiary","w":0.8}},{"type":"Feature","geometry":{"type":"LineString","coordinates":[[108.226896,16.029262],[108.225824,16.028869]]},"properties":{"h":"tertiary","w":0.8}},{"type":"Feature","geometry":{"type":"LineString","coordinates":[[108.229785,16.029993],[108.229566,16.030899]]},"properties":{"h":"tertiary","w":0.8}},{"type":"Feature","geometry":{"type":"LineString","coordinates":[[108.229785,16.029993],[108.23043,16.030107]]},"properties":{"h":"tertiary","w":0.8}},{"type":"Feature","geometry":{"type":"LineString","coordinates":[[108.229785,16.029993],[108.229128,16.029891]]},"properties":{"h":"tertiary","w":0.8}},{"type":"Feature","geometry":{"type":"LineString","coordinates":[[108.222703,16.030355],[108.222152,16.030306]]},"properties":{"h":"residential","w":0.7}},{"type":"Feature","geometry":{"type":"LineString","coordinates":[[108.222703,16.030355],[108.222599,16.029868],[108.222195,16.028697]]},"properties":{"h":"secondary","w":1.3}},{"type":"Feature","geometry":{"type":"LineString","coordinates":[[108.222703,16.030355],[108.222715,16.030452]]},"properties":{"h":"secondary","w":1.3}},{"type":"Feature","geometry":{"type":"LineString","coordinates":[[108.221807,16.027234],[108.220876,16.028042],[108.220828,16.028156]]},"properties":{"h":"residential","w":0.7}},{"type":"Feature","geometry":{"type":"LineString","coordinates":[[108.221807,16.027234],[108.221758,16.026857]]},"properties":{"h":"secondary","w":1.3}},{"type":"Feature","geometry":{"type":"LineString","coordinates":[[108.221807,16.027234],[108.222045,16.028212]]},"properties":{"h":"secondary","w":1.3}},{"type":"Feature","geometry":{"type":"LineString","coordinates":[[108.229128,16.029891],[108.229056,16.03034]]},"properties":{"h":"residential","w":0.7}},{"type":"Feature","geometry":{"type":"LineString","coordinates":[[108.229128,16.029891],[108.229785,16.029993]]},"properties":{"h":"tertiary","w":0.8}},{"type":"Feature","geometry":{"type":"LineString","coordinates":[[108.229128,16.029891],[108.228037,16.029662]]},"properties":{"h":"tertiary","w":0.8}},{"type":"Feature","geometry":{"type":"LineString","coordinates":[[108.232255,16.030416],[108.23043,16.030107]]},"properties":{"h":"tertiary","w":0.8}},{"type":"Feature","geometry":{"type":"LineString","coordinates":[[108.232255,16.030416],[108.232559,16.030497],[108.232748,16.030586],[108.232941,16.030731],[108.233069,16.03087],[108.233171,16.031057],[108.23326,16.031295],[108.233616,16.032819]]},"properties":{"h":"tertiary","w":0.8}},{"type":"Feature","geometry":{"type":"LineString","coordinates":[[108.232255,16.030416],[108.232156,16.030956]]},"properties":{"h":"residential","w":0.7}},{"type":"Feature","geometry":{"type":"LineString","coordinates":[[108.222788,16.032463],[108.222805,16.032018]]},"properties":{"h":"secondary","w":1.3}},{"type":"Feature","geometry":{"type":"LineString","coordinates":[[108.222788,16.032463],[108.223273,16.032483],[108.223277,16.032327]]},"properties":{"h":"residential","w":0.7}},{"type":"Feature","geometry":{"type":"LineString","coordinates":[[108.222788,16.032463],[108.222768,16.032779]]},"properties":{"h":"secondary","w":1.3}},{"type":"Feature","geometry":{"type":"LineString","coordinates":[[108.222195,16.028697],[108.221767,16.028798]]},"properties":{"h":"residential","w":0.7}},{"type":"Feature","geometry":{"type":"LineString","coordinates":[[108.222195,16.028697],[108.222045,16.028212]]},"properties":{"h":"secondary","w":1.3}},{"type":"Feature","geometry":{"type":"LineString","coordinates":[[108.222195,16.028697],[108.222599,16.029868],[108.222703,16.030355]]},"properties":{"h":"secondary","w":1.3}},{"type":"Feature","geometry":{"type":"LineString","coordinates":[[108.233644,16.032919],[108.233003,16.033031]]},"properties":{"h":"residential","w":0.7}},{"type":"Feature","geometry":{"type":"LineString","coordinates":[[108.233644,16.032919],[108.233616,16.032819]]},"properties":{"h":"tertiary","w":0.8}},{"type":"Feature","geometry":{"type":"LineString","coordinates":[[108.233644,16.032919],[108.234198,16.034647],[108.234222,16.034774]]},"properties":{"h":"tertiary","w":0.8}},{"type":"Feature","geometry":{"type":"LineString","coordinates":[[108.2342,16.035365],[108.233104,16.035123]]},"properties":{"h":"tertiary","w":0.8}},{"type":"Feature","geometry":{"type":"LineString","coordinates":[[108.2342,16.035365],[108.234109,16.036313]]},"properties":{"h":"tertiary","w":0.8}},{"type":"Feature","geometry":{"type":"LineString","coordinates":[[108.2342,16.035365],[108.234237,16.035091],[108.234222,16.034774]]},"properties":{"h":"tertiary","w":0.8}},{"type":"Feature","geometry":{"type":"LineString","coordinates":[[108.23043,16.030107],[108.230349,16.030563]]},"properties":{"h":"residential","w":0.7}},{"type":"Feature","geometry":{"type":"LineString","coordinates":[[108.23043,16.030107],[108.232255,16.030416]]},"properties":{"h":"tertiary","w":0.8}},{"type":"Feature","geometry":{"type":"LineString","coordinates":[[108.23043,16.030107],[108.229785,16.029993]]},"properties":{"h":"tertiary","w":0.8}},{"type":"Feature","geometry":{"type":"LineString","coordinates":[[108.223812,16.060429],[108.223783,16.060151],[108.223584,16.059742]]},"properties":{"h":"primary","w":1.8}},{"type":"Feature","geometry":{"type":"LineString","coordinates":[[108.218455,16.065908],[108.217945,16.065036],[108.217881,16.064969],[108.217732,16.064907],[108.217089,16.064878]]},"properties":{"h":"tertiary","w":0.8}},{"type":"Feature","geometry":{"type":"LineString","coordinates":[[108.218455,16.065908],[108.219877,16.06624],[108.220117,16.066355]]},"properties":{"h":"tertiary","w":0.8}},{"type":"Feature","geometry":{"type":"LineString","coordinates":[[108.218455,16.065908],[108.218078,16.066261],[108.217905,16.066674]]},"properties":{"h":"tertiary","w":0.8}},{"type":"Feature","geometry":{"type":"LineString","coordinates":[[108.217611,16.06798],[108.217363,16.069156]]},"properties":{"h":"tertiary","w":0.8}},{"type":"Feature","geometry":{"type":"LineString","coordinates":[[108.217611,16.06798],[108.217746,16.067317]]},"properties":{"h":"tertiary","w":0.8}},{"type":"Feature","geometry":{"type":"LineString","coordinates":[[108.217611,16.06798],[108.219202,16.068341]]},"properties":{"h":"tertiary","w":0.8}},{"type":"Feature","geometry":{"type":"LineString","coordinates":[[108.217611,16.06798],[108.216214,16.067682]]},"properties":{"h":"tertiary","w":0.8}},{"type":"Feature","geometry":{"type":"LineString","coordinates":[[108.216638,16.072169],[108.216929,16.07092]]},"properties":{"h":"tertiary","w":0.8}},{"type":"Feature","geometry":{"type":"LineString","coordinates":[[108.216638,16.072169],[108.21842,16.072376]]},"properties":{"h":"tertiary","w":0.8}},{"type":"Feature","geometry":{"type":"LineString","coordinates":[[108.225035,16.071747],[108.224964,16.072088]]},"properties":{"h":"primary","w":1.8}},{"type":"Feature","geometry":{"type":"LineString","coordinates":[[108.225035,16.071747],[108.224048,16.071613]]},"properties":{"h":"primary_link","w":1.0}},{"type":"Feature","geometry":{"type":"LineString","coordinates":[[108.222706,16.081564],[108.221244,16.081376]]},"properties":{"h":"residential","w":0.7}},{"type":"Feature","geometry":{"type":"LineString","coordinates":[[108.222706,16.081564],[108.222851,16.080492]]},"properties":{"h":"primary","w":1.8}},{"type":"Feature","geometry":{"type":"LineString","coordinates":[[108.222706,16.081564],[108.223187,16.081627],[108.223336,16.081667]]},"properties":{"h":"residential","w":0.7}},{"type":"Feature","geometry":{"type":"LineString","coordinates":[[108.215103,16.070542],[108.215847,16.067601]]},"properties":{"h":"tertiary","w":0.8}},{"type":"Feature","geometry":{"type":"LineString","coordinates":[[108.215103,16.070542],[108.213879,16.070306]]},"properties":{"h":"primary","w":1.8}},{"type":"Feature","geometry":{"type":"LineString","coordinates":[[108.215103,16.070542],[108.216929,16.07092]]},"properties":{"h":"primary","w":1.8}},{"type":"Feature","geometry":{"type":"LineString","coordinates":[[108.222045,16.053315],[108.222097,16.052351]]},"properties":{"h":"primary","w":1.8}},{"type":"Feature","geometry":{"type":"LineString","coordinates":[[108.217905,16.066674],[108.216707,16.066422]]},"properties":{"h":"residential","w":0.7}},{"type":"Feature","geometry":{"type":"LineString","coordinates":[[108.217905,16.066674],[108.217746,16.067317]]},"properties":{"h":"tertiary","w":0.8}},{"type":"Feature","geometry":{"type":"LineString","coordinates":[[108.217905,16.066674],[108.218078,16.066261],[108.218455,16.065908]]},"properties":{"h":"tertiary","w":0.8}},{"type":"Feature","geometry":{"type":"LineString","coordinates":[[108.214571,16.065463],[108.214932,16.064779]]},"properties":{"h":"secondary","w":1.3}},{"type":"Feature","geometry":{"type":"LineString","coordinates":[[108.214571,16.065463],[108.214792,16.065942],[108.215079,16.067456]]},"properties":{"h":"residential","w":0.7}},{"type":"Feature","geometry":{"type":"LineString","coordinates":[[108.214571,16.065463],[108.214377,16.06447]]},"properties":{"h":"tertiary","w":0.8}},{"type":"Feature","geometry":{"type":"LineString","coordinates":[[108.216099,16.076888],[108.215724,16.077159]]},"properties":{"h":"residential","w":0.7}},{"type":"Feature","geometry":{"type":"LineString","coordinates":[[108.216099,16.076888],[108.216183,16.076801],[108.216228,16.076791],[108.217585,16.076967]]},"properties":{"h":"residential","w":0.7}},{"type":"Feature","geometry":{"type":"LineString","coordinates":[[108.216099,16.076888],[108.215442,16.075813]]},"properties":{"h":"secondary","w":1.3}},{"type":"Feature","geometry":{"type":"LineString","coordinates":[[108.216099,16.076888],[108.216851,16.077995]]},"properties":{"h":"secondary","w":1.3}},{"type":"Feature","geometry":{"type":"LineString","coordinates":[[108.21287,16.079228],[108.212009,16.078662]]},"properties":{"h":"residential","w":0.7}},{"type":"Feature","geometry":{"type":"LineString","coordinates":[[108.21287,16.079228],[108.213423,16.080047]]},"properties":{"h":"residential","w":0.7}},{"type":"Feature","geometry":{"type":"LineString","coordinates":[[108.21287,16.079228],[108.213225,16.078952]]},"properties":{"h":"residential","w":0.7}},{"type":"Feature","geometry":{"type":"LineString","coordinates":[[108.213106,16.08236],[108.213077,16.082256]]},"properties":{"h":"residential","w":0.7}},{"type":"Feature","geometry":{"type":"LineString","coordinates":[[108.213106,16.08236],[108.212719,16.082491]]},"properties":{"h":"residential","w":0.7}},{"type":"Feature","geometry":{"type":"LineString","coordinates":[[108.213106,16.08236],[108.213308,16.082859],[108.213358,16.083075],[108.213401,16.083402],[108.213413,16.083781]]},"properties":{"h":"residential","w":0.7}},{"type":"Feature","geometry":{"type":"LineString","coordinates":[[108.213106,16.08236],[108.213684,16.082164]]},"properties":{"h":"residential","w":0.7}},{"type":"Feature","geometry":{"type":"LineString","coordinates":[[108.215056,16.085421],[108.215146,16.085269],[108.21515,16.084966],[108.215078,16.084609],[108.214879,16.083963],[108.21461,16.083201],[108.214017,16.081717],[108.213732,16.081253]]},"properties":{"h":"residential","w":0.7}},{"type":"Feature","geometry":{"type":"LineString","coordinates":[[108.215056,16.085421],[108.21542,16.086159],[108.2158,16.08676]]},"properties":{"h":"residential","w":0.7}},{"type":"Feature","geometry":{"type":"LineString","coordinates":[[108.215056,16.085421],[108.214812,16.084886],[108.214251,16.083533]]},"properties":{"h":"residential","w":0.7}},{"type":"Feature","geometry":{"type":"LineString","coordinates":[[108.223992,16.077794],[108.223221,16.077702]]},"properties":{"h":"residential","w":0.7}},{"type":"Feature","geometry":{"type":"LineString","coordinates":[[108.223992,16.077794],[108.223844,16.079097]]},"properties":{"h":"primary","w":1.8}},{"type":"Feature","geometry":{"type":"LineString","coordinates":[[108.223684,16.080613],[108.223545,16.08143]]},"properties":{"h":"primary","w":1.8}},{"type":"Feature","geometry":{"type":"LineString","coordinates":[[108.223684,16.080613],[108.222851,16.080492]]},"properties":{"h":"residential","w":0.7}},{"type":"Feature","geometry":{"type":"LineString","coordinates":[[108.21599,16.087069],[108.2158,16.08676]]},"properties":{"h":"residential","w":0.7}},{"type":"Feature","geometry":{"type":"LineString","coordinates":[[108.21599,16.087069],[108.216594,16.086771]]},"properties":{"h":"primary","w":1.8}},{"type":"Feature","geometry":{"type":"LineString","coordinates":[[108.222851,16.080492],[108.221389,16.080294]]},"properties":{"h":"tertiary","w":0.8}},{"type":"Feature","geometry":{"type":"LineString","coordinates":[[108.222851,16.080492],[108.223684,16.080613]]},"properties":{"h":"residential","w":0.7}},{"type":"Feature","geometry":{"type":"LineString","coordinates":[[108.222851,16.080492],[108.223037,16.07901]]},"properties":{"h":"primary","w":1.8}},{"type":"Feature","geometry":{"type":"LineString","coordinates":[[108.21411,16.081123],[108.214068,16.081055]]},"properties":{"h":"residential","w":0.7}},{"type":"Feature","geometry":{"type":"LineString","coordinates":[[108.21411,16.081123],[108.214671,16.080804]]},"properties":{"h":"residential","w":0.7}},{"type":"Feature","geometry":{"type":"LineString","coordinates":[[108.21411,16.081123],[108.214651,16.082047]]},"properties":{"h":"residential","w":0.7}},{"type":"Feature","geometry":{"type":"LineString","coordinates":[[108.213355,16.08148],[108.213684,16.082164]]},"properties":{"h":"residential","w":0.7}},{"type":"Feature","geometry":{"type":"LineString","coordinates":[[108.213355,16.08148],[108.212915,16.081689]]},"properties":{"h":"residential","w":0.7}},{"type":"Feature","geometry":{"type":"LineString","coordinates":[[108.213355,16.08148],[108.213732,16.081253]]},"properties":{"h":"residential","w":0.7}},{"type":"Feature","geometry":{"type":"LineString","coordinates":[[108.213355,16.08148],[108.212878,16.080662],[108.212733,16.080446]]},"properties":{"h":"residential","w":0.7}},{"type":"Feature","geometry":{"type":"LineString","coordinates":[[108.213732,16.081253],[108.213057,16.080252]]},"properties":{"h":"residential","w":0.7}},{"type":"Feature","geometry":{"type":"LineString","coordinates":[[108.213732,16.081253],[108.214068,16.081055]]},"properties":{"h":"residential","w":0.7}},{"type":"Feature","geometry":{"type":"LineString","coordinates":[[108.213732,16.081253],[108.213355,16.08148]]},"properties":{"h":"residential","w":0.7}},{"type":"Feature","geometry":{"type":"LineString","coordinates":[[108.213732,16.081253],[108.214017,16.081717],[108.21461,16.083201],[108.214879,16.083963],[108.215078,16.084609],[108.21515,16.084966],[108.215146,16.085269],[108.215056,16.085421]]},"properties":{"h":"residential","w":0.7}},{"type":"Feature","geometry":{"type":"LineString","coordinates":[[108.221389,16.080294],[108.221485,16.079591]]},"properties":{"h":"residential","w":0.7}},{"type":"Feature","geometry":{"type":"LineString","coordinates":[[108.221389,16.080294],[108.221299,16.08089]]},"properties":{"h":"residential","w":0.7}},{"type":"Feature","geometry":{"type":"LineString","coordinates":[[108.221389,16.080294],[108.222851,16.080492]]},"properties":{"h":"tertiary","w":0.8}},{"type":"Feature","geometry":{"type":"LineString","coordinates":[[108.221389,16.080294],[108.22086,16.080228]]},"properties":{"h":"tertiary","w":0.8}},{"type":"Feature","geometry":{"type":"LineString","coordinates":[[108.215144,16.087394],[108.215197,16.087415]]},"properties":{"h":"primary","w":1.8}},{"type":"Feature","geometry":{"type":"LineString","coordinates":[[108.212915,16.081689],[108.213355,16.08148]]},"properties":{"h":"residential","w":0.7}},{"type":"Feature","geometry":{"type":"LineString","coordinates":[[108.212915,16.081689],[108.212671,16.081763]]},"properties":{"h":"residential","w":0.7}},{"type":"Feature","geometry":{"type":"LineString","coordinates":[[108.212915,16.081689],[108.213077,16.082256]]},"properties":{"h":"residential","w":0.7}},{"type":"Feature","geometry":{"type":"LineString","coordinates":[[108.212915,16.081689],[108.212838,16.081428],[108.212686,16.081117],[108.212373,16.080665]]},"properties":{"h":"residential","w":0.7}},{"type":"Feature","geometry":{"type":"LineString","coordinates":[[108.219232,16.080024],[108.219393,16.078557]]},"properties":{"h":"tertiary","w":0.8}},{"type":"Feature","geometry":{"type":"LineString","coordinates":[[108.219232,16.080024],[108.219873,16.080105]]},"properties":{"h":"tertiary","w":0.8}},{"type":"Feature","geometry":{"type":"LineString","coordinates":[[108.219232,16.080024],[108.218112,16.079876]]},"properties":{"h":"tertiary","w":0.8}},{"type":"Feature","geometry":{"type":"LineString","coordinates":[[108.21171,16.079068],[108.211731,16.078957]]},"properties":{"h":"secondary","w":1.3}},{"type":"Feature","geometry":{"type":"LineString","coordinates":[[108.21171,16.079068],[108.211636,16.079402]]},"properties":{"h":"secondary","w":1.3}},{"type":"Feature","geometry":{"type":"LineString","coordinates":[[108.21171,16.079068],[108.212363,16.079898],[108.212733,16.080446]]},"properties":{"h":"residential","w":0.7}},{"type":"Feature","geometry":{"type":"LineString","coordinates":[[108.213684,16.082164],[108.213355,16.08148]]},"properties":{"h":"residential","w":0.7}},{"type":"Feature","geometry":{"type":"LineString","coordinates":[[108.213684,16.082164],[108.214251,16.083533]]},"properties":{"h":"residential","w":0.7}},{"type":"Feature","geometry":{"type":"LineString","coordinates":[[108.213684,16.082164],[108.213106,16.08236]]},"properties":{"h":"residential","w":0.7}},{"type":"Feature","geometry":{"type":"LineString","coordinates":[[108.211581,16.079628],[108.211525,16.079811]]},"properties":{"h":"secondary","w":1.3}},{"type":"Feature","geometry":{"type":"LineString","coordinates":[[108.211581,16.079628],[108.211636,16.079402]]},"properties":{"h":"secondary","w":1.3}},{"type":"Feature","geometry":{"type":"LineString","coordinates":[[108.211581,16.079628],[108.211911,16.080001],[108.212373,16.080665]]},"properties":{"h":"residential","w":0.7}},{"type":"Feature","geometry":{"type":"LineString","coordinates":[[108.212009,16.078662],[108.21287,16.079228]]},"properties":{"h":"residential","w":0.7}},{"type":"Feature","geometry":{"type":"LineString","coordinates":[[108.212009,16.078662],[108.211807,16.078456]]},"properties":{"h":"residential","w":0.7}},{"type":"Feature","geometry":{"type":"LineString","coordinates":[[108.212009,16.078662],[108.213057,16.080252]]},"properties":{"h":"residential","w":0.7}},{"type":"Feature","geometry":{"type":"LineString","coordinates":[[108.21553,16.080212],[108.215122,16.079547]]},"properties":{"h":"residential","w":0.7}},{"type":"Feature","geometry":{"type":"LineString","coordinates":[[108.21553,16.080212],[108.215457,16.080338]]},"properties":{"h":"residential","w":0.7}},{"type":"Feature","geometry":{"type":"LineString","coordinates":[[108.21553,16.080212],[108.215904,16.080007]]},"properties":{"h":"residential","w":0.7}},{"type":"Feature","geometry":{"type":"LineString","coordinates":[[108.213612,16.078638],[108.213855,16.078989]]},"properties":{"h":"residential","w":0.7}},{"type":"Feature","geometry":{"type":"LineString","coordinates":[[108.213612,16.078638],[108.213225,16.078952]]},"properties":{"h":"residential","w":0.7}},{"type":"Feature","geometry":{"type":"LineString","coordinates":[[108.213612,16.078638],[108.214157,16.078243]]},"properties":{"h":"residential","w":0.7}},{"type":"Feature","geometry":{"type":"LineString","coordinates":[[108.218871,16.069947],[108.219752,16.070153]]},"properties":{"h":"residential","w":0.7}},{"type":"Feature","geometry":{"type":"LineString","coordinates":[[108.218871,16.069947],[108.217274,16.069578]]},"properties":{"h":"residential","w":0.7}},{"type":"Feature","geometry":{"type":"LineString","coordinates":[[108.218871,16.069947],[108.219202,16.068341]]},"properties":{"h":"residential","w":0.7}},{"type":"Feature","geometry":{"type":"LineString","coordinates":[[108.218871,16.069947],[108.218642,16.07114]]},"properties":{"h":"residential","w":0.7}},{"type":"Feature","geometry":{"type":"LineString","coordinates":[[108.221244,16.081376],[108.221299,16.08089]]},"properties":{"h":"residential","w":0.7}},{"type":"Feature","geometry":{"type":"LineString","coordinates":[[108.221244,16.081376],[108.220142,16.081228]]},"properties":{"h":"residential","w":0.7}},{"type":"Feature","geometry":{"type":"LineString","coordinates":[[108.221244,16.081376],[108.222706,16.081564]]},"properties":{"h":"residential","w":0.7}},{"type":"Feature","geometry":{"type":"LineString","coordinates":[[108.214688,16.077862],[108.214157,16.078243]]},"properties":{"h":"residential","w":0.7}},{"type":"Feature","geometry":{"type":"LineString","coordinates":[[108.214688,16.077862],[108.214965,16.077675]]},"properties":{"h":"residential","w":0.7}},{"type":"Feature","geometry":{"type":"LineString","coordinates":[[108.214688,16.077862],[108.21478,16.077999],[108.214812,16.078089],[108.214878,16.078791]]},"properties":{"h":"residential","w":0.7}},{"type":"Feature","geometry":{"type":"LineString","coordinates":[[108.214878,16.078791],[108.214613,16.078949]]},"properties":{"h":"residential","w":0.7}},{"type":"Feature","geometry":{"type":"LineString","coordinates":[[108.214878,16.078791],[108.214918,16.078995]]},"properties":{"h":"residential","w":0.7}},{"type":"Feature","geometry":{"type":"LineString","coordinates":[[108.214878,16.078791],[108.214812,16.078089],[108.21478,16.077999],[108.214688,16.077862]]},"properties":{"h":"residential","w":0.7}},{"type":"Feature","geometry":{"type":"LineString","coordinates":[[108.215457,16.080338],[108.214671,16.080804]]},"properties":{"h":"residential","w":0.7}},{"type":"Feature","geometry":{"type":"LineString","coordinates":[[108.215457,16.080338],[108.21582,16.081023]]},"properties":{"h":"residential","w":0.7}},{"type":"Feature","geometry":{"type":"LineString","coordinates":[[108.215457,16.080338],[108.21553,16.080212]]},"properties":{"h":"residential","w":0.7}},{"type":"Feature","geometry":{"type":"LineString","coordinates":[[108.217274,16.069578],[108.218871,16.069947]]},"properties":{"h":"residential","w":0.7}},{"type":"Feature","geometry":{"type":"LineString","coordinates":[[108.217274,16.069578],[108.217093,16.070356],[108.216929,16.07092]]},"properties":{"h":"tertiary","w":0.8}},{"type":"Feature","geometry":{"type":"LineString","coordinates":[[108.217274,16.069578],[108.217363,16.069156]]},"properties":{"h":"tertiary","w":0.8}},{"type":"Feature","geometry":{"type":"LineString","coordinates":[[108.217564,16.081013],[108.217455,16.080828]]},"properties":{"h":"residential","w":0.7}},{"type":"Feature","geometry":{"type":"LineString","coordinates":[[108.217564,16.081013],[108.21688,16.08144]]},"properties":{"h":"residential","w":0.7}},{"type":"Feature","geometry":{"type":"LineString","coordinates":[[108.217564,16.081013],[108.218487,16.080423]]},"properties":{"h":"residential","w":0.7}},{"type":"Feature","geometry":{"type":"LineString","coordinates":[[108.214972,16.079171],[108.214918,16.078995]]},"properties":{"h":"residential","w":0.7}},{"type":"Feature","geometry":{"type":"LineString","coordinates":[[108.214972,16.079171],[108.2143,16.079644]]},"properties":{"h":"residential","w":0.7}},{"type":"Feature","geometry":{"type":"LineString","coordinates":[[108.214972,16.079171],[108.215122,16.079547]]},"properties":{"h":"residential","w":0.7}},{"type":"Feature","geometry":{"type":"LineString","coordinates":[[108.21675,16.082421],[108.217042,16.083173]]},"properties":{"h":"residential","w":0.7}},{"type":"Feature","geometry":{"type":"LineString","coordinates":[[108.21675,16.082421],[108.216357,16.081777]]},"properties":{"h":"residential","w":0.7}},{"type":"Feature","geometry":{"type":"LineString","coordinates":[[108.21675,16.082421],[108.216928,16.08232]]},"properties":{"h":"residential","w":0.7}},{"type":"Feature","geometry":{"type":"LineString","coordinates":[[108.214918,16.078995],[108.214972,16.079171]]},"properties":{"h":"residential","w":0.7}},{"type":"Feature","geometry":{"type":"LineString","coordinates":[[108.214918,16.078995],[108.215665,16.078709]]},"properties":{"h":"residential","w":0.7}},{"type":"Feature","geometry":{"type":"LineString","coordinates":[[108.214918,16.078995],[108.214878,16.078791]]},"properties":{"h":"residential","w":0.7}},{"type":"Feature","geometry":{"type":"LineString","coordinates":[[108.216357,16.081777],[108.21675,16.082421]]},"properties":{"h":"residential","w":0.7}},{"type":"Feature","geometry":{"type":"LineString","coordinates":[[108.216357,16.081777],[108.216315,16.081716]]},"properties":{"h":"residential","w":0.7}},{"type":"Feature","geometry":{"type":"LineString","coordinates":[[108.216357,16.081777],[108.21688,16.08144]]},"properties":{"h":"residential","w":0.7}},{"type":"Feature","geometry":{"type":"LineString","coordinates":[[108.220511,16.070318],[108.220473,16.07011],[108.220342,16.06862]]},"properties":{"h":"tertiary","w":0.8}},{"type":"Feature","geometry":{"type":"LineString","coordinates":[[108.220511,16.070318],[108.219752,16.070153]]},"properties":{"h":"residential","w":0.7}},{"type":"Feature","geometry":{"type":"LineString","coordinates":[[108.219588,16.081846],[108.219719,16.081694],[108.21977,16.081174]]},"properties":{"h":"residential","w":0.7}},{"type":"Feature","geometry":{"type":"LineString","coordinates":[[108.219588,16.081846],[108.219872,16.082053],[108.220192,16.082199]]},"properties":{"h":"secondary","w":1.3}},{"type":"Feature","geometry":{"type":"LineString","coordinates":[[108.219588,16.081846],[108.21924,16.08151],[108.218975,16.081158]]},"properties":{"h":"secondary","w":1.3}},{"type":"Feature","geometry":{"type":"LineString","coordinates":[[108.222356,16.082857],[108.222326,16.082912]]},"properties":{"h":"primary","w":1.8}},{"type":"Feature","geometry":{"type":"LineString","coordinates":[[108.222356,16.082857],[108.222279,16.082866],[108.222206,16.082839]]},"properties":{"h":"primary","w":1.8}},{"type":"Feature","geometry":{"type":"LineString","coordinates":[[108.222378,16.082582],[108.22257,16.082394],[108.222617,16.082288],[108.222647,16.082091]]},"properties":{"h":"primary","w":1.8}},{"type":"Feature","geometry":{"type":"LineString","coordinates":[[108.222378,16.082582],[108.222439,16.082642]]},"properties":{"h":"primary","w":1.8}},{"type":"Feature","geometry":{"type":"LineString","coordinates":[[108.216413,16.079719],[108.216856,16.079864]]},"properties":{"h":"residential","w":0.7}},{"type":"Feature","geometry":{"type":"LineString","coordinates":[[108.216413,16.079719],[108.216101,16.079465]]},"properties":{"h":"residential","w":0.7}},{"type":"Feature","geometry":{"type":"LineString","coordinates":[[108.216413,16.079719],[108.215904,16.080007]]},"properties":{"h":"residential","w":0.7}},{"type":"Feature","geometry":{"type":"LineString","coordinates":[[108.222206,16.082839],[108.222167,16.0828],[108.222141,16.082696]]},"properties":{"h":"primary","w":1.8}},{"type":"Feature","geometry":{"type":"LineString","coordinates":[[108.220192,16.082199],[108.220118,16.082781]]},"properties":{"h":"residential","w":0.7}},{"type":"Feature","geometry":{"type":"LineString","coordinates":[[108.220192,16.082199],[108.220454,16.082285],[108.221147,16.082434]]},"properties":{"h":"secondary","w":1.3}},{"type":"Feature","geometry":{"type":"LineString","coordinates":[[108.220192,16.082199],[108.219872,16.082053],[108.219588,16.081846]]},"properties":{"h":"secondary","w":1.3}},{"type":"Feature","geometry":{"type":"LineString","coordinates":[[108.222141,16.082696],[108.222016,16.082582]]},"properties":{"h":"secondary","w":1.3}},{"type":"Feature","geometry":{"type":"LineString","coordinates":[[108.222141,16.082696],[108.222186,16.082606]]},"properties":{"h":"primary","w":1.8}},{"type":"Feature","geometry":{"type":"LineString","coordinates":[[108.216856,16.079864],[108.21693,16.079995]]},"properties":{"h":"residential","w":0.7}},{"type":"Feature","geometry":{"type":"LineString","coordinates":[[108.216856,16.079864],[108.217072,16.079925]]},"properties":{"h":"residential","w":0.7}},{"type":"Feature","geometry":{"type":"LineString","coordinates":[[108.216856,16.079864],[108.216413,16.079719]]},"properties":{"h":"residential","w":0.7}},{"type":"Feature","geometry":{"type":"LineString","coordinates":[[108.222186,16.082606],[108.222278,16.082563],[108.222378,16.082582]]},"properties":{"h":"primary","w":1.8}},{"type":"Feature","geometry":{"type":"LineString","coordinates":[[108.218205,16.08597],[108.21826,16.086082]]},"properties":{"h":"residential","w":0.7}},{"type":"Feature","geometry":{"type":"LineString","coordinates":[[108.218205,16.08597],[108.218525,16.085822]]},"properties":{"h":"primary","w":1.8}},{"type":"Feature","geometry":{"type":"LineString","coordinates":[[108.218205,16.08597],[108.218019,16.085565]]},"properties":{"h":"residential","w":0.7}},{"type":"Feature","geometry":{"type":"LineString","coordinates":[[108.219459,16.085395],[108.219512,16.0855]]},"properties":{"h":"residential","w":0.7}},{"type":"Feature","geometry":{"type":"LineString","coordinates":[[108.219459,16.085395],[108.220178,16.085051]]},"properties":{"h":"primary","w":1.8}},{"type":"Feature","geometry":{"type":"LineString","coordinates":[[108.217116,16.088432],[108.216217,16.088392]]},"properties":{"h":"residential","w":0.7}},{"type":"Feature","geometry":{"type":"LineString","coordinates":[[108.217116,16.088432],[108.218669,16.088504]]},"properties":{"h":"residential","w":0.7}},{"type":"Feature","geometry":{"type":"LineString","coordinates":[[108.217116,16.088432],[108.217094,16.088773]]},"properties":{"h":"residential","w":0.7}},{"type":"Feature","geometry":{"type":"LineString","coordinates":[[108.217116,16.088432],[108.217128,16.088093]]},"properties":{"h":"residential","w":0.7}},{"type":"Feature","geometry":{"type":"LineString","coordinates":[[108.219917,16.086411],[108.21996,16.086582]]},"properties":{"h":"residential","w":0.7}},{"type":"Feature","geometry":{"type":"LineString","coordinates":[[108.219917,16.086411],[108.218731,16.087008]]},"properties":{"h":"residential","w":0.7}},{"type":"Feature","geometry":{"type":"LineString","coordinates":[[108.219917,16.086411],[108.219747,16.08597]]},"properties":{"h":"residential","w":0.7}},{"type":"Feature","geometry":{"type":"LineString","coordinates":[[108.218669,16.088504],[108.217116,16.088432]]},"properties":{"h":"residential","w":0.7}},{"type":"Feature","geometry":{"type":"LineString","coordinates":[[108.218669,16.088504],[108.218848,16.088179]]},"properties":{"h":"residential","w":0.7}},{"type":"Feature","geometry":{"type":"LineString","coordinates":[[108.218669,16.088504],[108.218567,16.088701],[108.218523,16.088752],[108.218424,16.088808]]},"properties":{"h":"residential","w":0.7}},{"type":"Feature","geometry":{"type":"LineString","coordinates":[[108.217069,16.089151],[108.217094,16.088773]]},"properties":{"h":"residential","w":0.7}},{"type":"Feature","geometry":{"type":"LineString","coordinates":[[108.217069,16.089151],[108.217058,16.08951]]},"properties":{"h":"residential","w":0.7}},{"type":"Feature","geometry":{"type":"LineString","coordinates":[[108.217069,16.089151],[108.216187,16.089095]]},"properties":{"h":"residential","w":0.7}},{"type":"Feature","geometry":{"type":"LineString","coordinates":[[108.217069,16.089151],[108.218558,16.089218],[108.218715,16.089205],[108.218793,16.089178],[108.218906,16.089083]]},"properties":{"h":"residential","w":0.7}},{"type":"Feature","geometry":{"type":"LineString","coordinates":[[108.22007,16.087066],[108.220188,16.087657]]},"properties":{"h":"residential","w":0.7}},{"type":"Feature","geometry":{"type":"LineString","coordinates":[[108.22007,16.087066],[108.219754,16.087133]]},"properties":{"h":"residential","w":0.7}},{"type":"Feature","geometry":{"type":"LineString","coordinates":[[108.22007,16.087066],[108.21996,16.086582]]},"properties":{"h":"residential","w":0.7}},{"type":"Feature","geometry":{"type":"LineString","coordinates":[[108.218856,16.088164],[108.217128,16.088093]]},"properties":{"h":"residential","w":0.7}},{"type":"Feature","geometry":{"type":"LineString","coordinates":[[108.218856,16.088164],[108.21908,16.087775]]},"properties":{"h":"residential","w":0.7}},{"type":"Feature","geometry":{"type":"LineString","coordinates":[[108.218856,16.088164],[108.218848,16.088179]]},"properties":{"h":"residential","w":0.7}},{"type":"Feature","geometry":{"type":"LineString","coordinates":[[108.218517,16.086591],[108.21826,16.086082]]},"properties":{"h":"residential","w":0.7}},{"type":"Feature","geometry":{"type":"LineString","coordinates":[[108.218517,16.086591],[108.218731,16.087008]]},"properties":{"h":"residential","w":0.7}},{"type":"Feature","geometry":{"type":"LineString","coordinates":[[108.218517,16.086591],[108.219747,16.08597]]},"properties":{"h":"residential","w":0.7}},{"type":"Feature","geometry":{"type":"LineString","coordinates":[[108.217094,16.088773],[108.217116,16.088432]]},"properties":{"h":"residential","w":0.7}},{"type":"Feature","geometry":{"type":"LineString","coordinates":[[108.217094,16.088773],[108.217069,16.089151]]},"properties":{"h":"residential","w":0.7}},{"type":"Feature","geometry":{"type":"LineString","coordinates":[[108.217094,16.088773],[108.216204,16.088725]]},"properties":{"h":"residential","w":0.7}},{"type":"Feature","geometry":{"type":"LineString","coordinates":[[108.217094,16.088773],[108.218267,16.088826],[108.218424,16.088808]]},"properties":{"h":"residential","w":0.7}},{"type":"Feature","geometry":{"type":"LineString","coordinates":[[108.217037,16.090236],[108.217047,16.089849]]},"properties":{"h":"residential","w":0.7}},{"type":"Feature","geometry":{"type":"LineString","coordinates":[[108.217037,16.090236],[108.215554,16.090154]]},"properties":{"h":"tertiary","w":0.8}},{"type":"Feature","geometry":{"type":"LineString","coordinates":[[108.217037,16.090236],[108.218214,16.09028],[108.21883,16.090329]]},"properties":{"h":"tertiary","w":0.8}},{"type":"Feature","geometry":{"type":"LineString","coordinates":[[108.217128,16.088093],[108.216225,16.088044]]},"properties":{"h":"residential","w":0.7}},{"type":"Feature","geometry":{"type":"LineString","coordinates":[[108.217128,16.088093],[108.218856,16.088164]]},"properties":{"h":"residential","w":0.7}},{"type":"Feature","geometry":{"type":"LineString","coordinates":[[108.217128,16.088093],[108.216988,16.087706]]},"properties":{"h":"residential","w":0.7}},{"type":"Feature","geometry":{"type":"LineString","coordinates":[[108.217128,16.088093],[108.217116,16.088432]]},"properties":{"h":"residential","w":0.7}},{"type":"Feature","geometry":{"type":"LineString","coordinates":[[108.216912,16.086614],[108.216725,16.086273]]},"properties":{"h":"residential","w":0.7}},{"type":"Feature","geometry":{"type":"LineString","coordinates":[[108.216912,16.086614],[108.218205,16.08597]]},"properties":{"h":"primary","w":1.8}},{"type":"Feature","geometry":{"type":"LineString","coordinates":[[108.217058,16.08951],[108.217069,16.089151]]},"properties":{"h":"residential","w":0.7}},{"type":"Feature","geometry":{"type":"LineString","coordinates":[[108.217058,16.08951],[108.217047,16.089849]]},"properties":{"h":"residential","w":0.7}},{"type":"Feature","geometry":{"type":"LineString","coordinates":[[108.217058,16.08951],[108.219202,16.089601]]},"properties":{"h":"residential","w":0.7}},{"type":"Feature","geometry":{"type":"LineString","coordinates":[[108.217058,16.08951],[108.21633,16.089485],[108.216229,16.089467],[108.216171,16.089392],[108.216187,16.089095]]},"properties":{"h":"residential","w":0.7}},{"type":"Feature","geometry":{"type":"LineString","coordinates":[[108.218731,16.087008],[108.218517,16.086591]]},"properties":{"h":"residential","w":0.7}},{"type":"Feature","geometry":{"type":"LineString","coordinates":[[108.218731,16.087008],[108.217838,16.087451],[108.217747,16.087491],[108.21763,16.08751]]},"properties":{"h":"residential","w":0.7}},{"type":"Feature","geometry":{"type":"LineString","coordinates":[[108.218731,16.087008],[108.219917,16.086411]]},"properties":{"h":"residential","w":0.7}},{"type":"Feature","geometry":{"type":"LineString","coordinates":[[108.219747,16.08597],[108.218517,16.086591]]},"properties":{"h":"residential","w":0.7}},{"type":"Feature","geometry":{"type":"LineString","coordinates":[[108.219747,16.08597],[108.219917,16.086411]]},"properties":{"h":"residential","w":0.7}},{"type":"Feature","geometry":{"type":"LineString","coordinates":[[108.219747,16.08597],[108.219512,16.0855]]},"properties":{"h":"residential","w":0.7}},{"type":"Feature","geometry":{"type":"LineString","coordinates":[[108.21763,16.08751],[108.217633,16.08771]]},"properties":{"h":"residential","w":0.7}},{"type":"Feature","geometry":{"type":"LineString","coordinates":[[108.21763,16.08751],[108.217464,16.08748],[108.217296,16.087364],[108.216947,16.086739]]},"properties":{"h":"residential","w":0.7}},{"type":"Feature","geometry":{"type":"LineString","coordinates":[[108.21763,16.08751],[108.217747,16.087491],[108.217838,16.087451],[108.218731,16.087008]]},"properties":{"h":"residential","w":0.7}},{"type":"Feature","geometry":{"type":"LineString","coordinates":[[108.215604,16.066175],[108.215776,16.065544]]},"properties":{"h":"residential","w":0.7}},{"type":"Feature","geometry":{"type":"LineString","coordinates":[[108.215604,16.066175],[108.216164,16.066299]]},"properties":{"h":"residential","w":0.7}},{"type":"Feature","geometry":{"type":"LineString","coordinates":[[108.215604,16.066175],[108.215344,16.0661]]},"properties":{"h":"residential","w":0.7}},{"type":"Feature","geometry":{"type":"LineString","coordinates":[[108.217089,16.064878],[108.216856,16.065819]]},"properties":{"h":"residential","w":0.7}},{"type":"Feature","geometry":{"type":"LineString","coordinates":[[108.217089,16.064878],[108.217732,16.064907],[108.217881,16.064969],[108.217945,16.065036],[108.218455,16.065908]]},"properties":{"h":"tertiary","w":0.8}},{"type":"Feature","geometry":{"type":"LineString","coordinates":[[108.217089,16.064878],[108.216506,16.064851]]},"properties":{"h":"tertiary","w":0.8}},{"type":"Feature","geometry":{"type":"LineString","coordinates":[[108.216874,16.060829],[108.216865,16.060805]]},"properties":{"h":"primary","w":1.8}},{"type":"Feature","geometry":{"type":"LineString","coordinates":[[108.216874,16.060829],[108.216755,16.060969],[108.21592,16.062694]]},"properties":{"h":"secondary","w":1.3}},{"type":"Feature","geometry":{"type":"LineString","coordinates":[[108.216608,16.064145],[108.21607,16.064136],[108.215949,16.064816]]},"properties":{"h":"residential","w":0.7}},{"type":"Feature","geometry":{"type":"LineString","coordinates":[[108.216608,16.064145],[108.216766,16.062995],[108.21687,16.062408]]},"properties":{"h":"tertiary","w":0.8}},{"type":"Feature","geometry":{"type":"LineString","coordinates":[[108.216608,16.064145],[108.216506,16.064851]]},"properties":{"h":"tertiary","w":0.8}},{"type":"Feature","geometry":{"type":"LineString","coordinates":[[108.215992,16.066958],[108.216546,16.067075]]},"properties":{"h":"residential","w":0.7}},{"type":"Feature","geometry":{"type":"LineString","coordinates":[[108.215992,16.066958],[108.216164,16.066299]]},"properties":{"h":"tertiary","w":0.8}},{"type":"Feature","geometry":{"type":"LineString","coordinates":[[108.215992,16.066958],[108.215847,16.067601]]},"properties":{"h":"tertiary","w":0.8}},{"type":"Feature","geometry":{"type":"LineString","coordinates":[[108.214932,16.064779],[108.214571,16.065463]]},"properties":{"h":"secondary","w":1.3}},{"type":"Feature","geometry":{"type":"LineString","coordinates":[[108.214932,16.064779],[108.21592,16.062694]]},"properties":{"h":"secondary","w":1.3}},{"type":"Feature","geometry":{"type":"LineString","coordinates":[[108.214932,16.064779],[108.21504,16.064768],[108.215949,16.064816]]},"properties":{"h":"residential","w":0.7}},{"type":"Feature","geometry":{"type":"LineString","coordinates":[[108.216707,16.066422],[108.216164,16.066299]]},"properties":{"h":"residential","w":0.7}},{"type":"Feature","geometry":{"type":"LineString","coordinates":[[108.216707,16.066422],[108.216856,16.065819]]},"properties":{"h":"residential","w":0.7}},{"type":"Feature","geometry":{"type":"LineString","coordinates":[[108.216707,16.066422],[108.216546,16.067075]]},"properties":{"h":"residential","w":0.7}},{"type":"Feature","geometry":{"type":"LineString","coordinates":[[108.216707,16.066422],[108.217905,16.066674]]},"properties":{"h":"residential","w":0.7}},{"type":"Feature","geometry":{"type":"LineString","coordinates":[[108.216974,16.060903],[108.21687,16.062408]]},"properties":{"h":"tertiary","w":0.8}},{"type":"Feature","geometry":{"type":"LineString","coordinates":[[108.216974,16.060903],[108.216933,16.060889],[108.216874,16.060829]]},"properties":{"h":"primary","w":1.8}},{"type":"Feature","geometry":{"type":"LineString","coordinates":[[108.216546,16.067075],[108.217746,16.067317]]},"properties":{"h":"residential","w":0.7}},{"type":"Feature","geometry":{"type":"LineString","coordinates":[[108.216546,16.067075],[108.215992,16.066958]]},"properties":{"h":"residential","w":0.7}},{"type":"Feature","geometry":{"type":"LineString","coordinates":[[108.216546,16.067075],[108.216707,16.066422]]},"properties":{"h":"residential","w":0.7}},{"type":"Feature","geometry":{"type":"LineString","coordinates":[[108.215776,16.065544],[108.215604,16.066175]]},"properties":{"h":"residential","w":0.7}},{"type":"Feature","geometry":{"type":"LineString","coordinates":[[108.215776,16.065544],[108.215949,16.064816]]},"properties":{"h":"residential","w":0.7}},{"type":"Feature","geometry":{"type":"LineString","coordinates":[[108.215776,16.065544],[108.215255,16.065445]]},"properties":{"h":"residential","w":0.7}},{"type":"Feature","geometry":{"type":"LineString","coordinates":[[108.215776,16.065544],[108.216309,16.065683]]},"properties":{"h":"residential","w":0.7}},{"type":"Feature","geometry":{"type":"LineString","coordinates":[[108.217746,16.067317],[108.216546,16.067075]]},"properties":{"h":"residential","w":0.7}},{"type":"Feature","geometry":{"type":"LineString","coordinates":[[108.217746,16.067317],[108.217611,16.06798]]},"properties":{"h":"tertiary","w":0.8}},{"type":"Feature","geometry":{"type":"LineString","coordinates":[[108.217746,16.067317],[108.217905,16.066674]]},"properties":{"h":"tertiary","w":0.8}},{"type":"Feature","geometry":{"type":"LineString","coordinates":[[108.215949,16.064816],[108.215776,16.065544]]},"properties":{"h":"residential","w":0.7}},{"type":"Feature","geometry":{"type":"LineString","coordinates":[[108.215949,16.064816],[108.21607,16.064136],[108.216608,16.064145]]},"properties":{"h":"residential","w":0.7}},{"type":"Feature","geometry":{"type":"LineString","coordinates":[[108.215949,16.064816],[108.216506,16.064851]]},"properties":{"h":"residential","w":0.7}},{"type":"Feature","geometry":{"type":"LineString","coordinates":[[108.215949,16.064816],[108.21504,16.064768],[108.214932,16.064779]]},"properties":{"h":"residential","w":0.7}},{"type":"Feature","geometry":{"type":"LineString","coordinates":[[108.216164,16.066299],[108.216707,16.066422]]},"properties":{"h":"residential","w":0.7}},{"type":"Feature","geometry":{"type":"LineString","coordinates":[[108.216164,16.066299],[108.215604,16.066175]]},"properties":{"h":"residential","w":0.7}},{"type":"Feature","geometry":{"type":"LineString","coordinates":[[108.216164,16.066299],[108.216309,16.065683]]},"properties":{"h":"tertiary","w":0.8}},{"type":"Feature","geometry":{"type":"LineString","coordinates":[[108.216164,16.066299],[108.215992,16.066958]]},"properties":{"h":"tertiary","w":0.8}},{"type":"Feature","geometry":{"type":"LineString","coordinates":[[108.215685,16.059145],[108.215699,16.058947]]},"properties":{"h":"residential","w":0.7}},{"type":"Feature","geometry":{"type":"LineString","coordinates":[[108.217133,16.056488],[108.217138,16.056437]]},"properties":{"h":"secondary","w":1.3}},{"type":"Feature","geometry":{"type":"LineString","coordinates":[[108.217133,16.056488],[108.21713,16.056599]]},"properties":{"h":"secondary","w":1.3}},{"type":"Feature","geometry":{"type":"LineString","coordinates":[[108.217133,16.056488],[108.215811,16.056428]]},"properties":{"h":"residential","w":0.7}},{"type":"Feature","geometry":{"type":"LineString","coordinates":[[108.214312,16.064093],[108.214238,16.06372]]},"properties":{"h":"tertiary","w":0.8}},{"type":"Feature","geometry":{"type":"LineString","coordinates":[[108.214312,16.064093],[108.214377,16.06447]]},"properties":{"h":"tertiary","w":0.8}},{"type":"Feature","geometry":{"type":"LineString","coordinates":[[108.214238,16.06372],[108.214089,16.062803]]},"properties":{"h":"tertiary","w":0.8}},{"type":"Feature","geometry":{"type":"LineString","coordinates":[[108.214238,16.06372],[108.214312,16.064093]]},"properties":{"h":"tertiary","w":0.8}},{"type":"Feature","geometry":{"type":"LineString","coordinates":[[108.214089,16.062803],[108.213987,16.062453]]},"properties":{"h":"tertiary","w":0.8}},{"type":"Feature","geometry":{"type":"LineString","coordinates":[[108.214089,16.062803],[108.214238,16.06372]]},"properties":{"h":"tertiary","w":0.8}},{"type":"Feature","geometry":{"type":"LineString","coordinates":[[108.207257,16.056289],[108.206906,16.056211]]},"properties":{"h":"residential","w":0.7}},{"type":"Feature","geometry":{"type":"LineString","coordinates":[[108.207257,16.056289],[108.207335,16.056207],[108.207446,16.056173]]},"properties":{"h":"primary","w":1.8}},{"type":"Feature","geometry":{"type":"LineString","coordinates":[[108.210082,16.052722],[108.210015,16.052898],[108.209968,16.053186]]},"properties":{"h":"tertiary","w":0.8}},{"type":"Feature","geometry":{"type":"LineString","coordinates":[[108.210082,16.052722],[108.210202,16.052616],[108.210472,16.052442]]},"properties":{"h":"tertiary","w":0.8}},{"type":"Feature","geometry":{"type":"LineString","coordinates":[[108.210082,16.052722],[108.209009,16.052591]]},"properties":{"h":"residential","w":0.7}},{"type":"Feature","geometry":{"type":"LineString","coordinates":[[108.214377,16.06447],[108.214312,16.064093]]},"properties":{"h":"tertiary","w":0.8}},{"type":"Feature","geometry":{"type":"LineString","coordinates":[[108.214377,16.06447],[108.214571,16.065463]]},"properties":{"h":"tertiary","w":0.8}},{"type":"Feature","geometry":{"type":"LineString","coordinates":[[108.220248,16.067489],[108.220958,16.067452]]},"properties":{"h":"residential","w":0.7}},{"type":"Feature","geometry":{"type":"LineString","coordinates":[[108.220248,16.067489],[108.220117,16.066355]]},"properties":{"h":"tertiary","w":0.8}},{"type":"Feature","geometry":{"type":"LineString","coordinates":[[108.223652,16.066125],[108.224552,16.066017]]},"properties":{"h":"residential","w":0.7}},{"type":"Feature","geometry":{"type":"LineString","coordinates":[[108.223652,16.066125],[108.223505,16.064906]]},"properties":{"h":"primary","w":1.8}},{"type":"Feature","geometry":{"type":"LineString","coordinates":[[108.223652,16.066125],[108.222494,16.066222]]},"properties":{"h":"residential","w":0.7}},{"type":"Feature","geometry":{"type":"LineString","coordinates":[[108.220958,16.067452],[108.22259,16.067386]]},"properties":{"h":"residential","w":0.7}},{"type":"Feature","geometry":{"type":"LineString","coordinates":[[108.220958,16.067452],[108.220248,16.067489]]},"properties":{"h":"residential","w":0.7}},{"type":"Feature","geometry":{"type":"LineString","coordinates":[[108.220958,16.067452],[108.221029,16.068211]]},"properties":{"h":"tertiary","w":0.8}},{"type":"Feature","geometry":{"type":"LineString","coordinates":[[108.217116,16.056941],[108.217641,16.056967]]},"properties":{"h":"residential","w":0.7}},{"type":"Feature","geometry":{"type":"LineString","coordinates":[[108.217116,16.056941],[108.21713,16.056599]]},"properties":{"h":"secondary","w":1.3}},{"type":"Feature","geometry":{"type":"LineString","coordinates":[[108.217116,16.056941],[108.217104,16.057147]]},"properties":{"h":"secondary","w":1.3}},{"type":"Feature","geometry":{"type":"LineString","coordinates":[[108.220874,16.06636],[108.220958,16.067452]]},"properties":{"h":"tertiary","w":0.8}},{"type":"Feature","geometry":{"type":"LineString","coordinates":[[108.220874,16.06636],[108.220264,16.066394],[108.220117,16.066355]]},"properties":{"h":"residential","w":0.7}},{"type":"Feature","geometry":{"type":"LineString","coordinates":[[108.220874,16.06636],[108.221662,16.066295]]},"properties":{"h":"residential","w":0.7}},{"type":"Feature","geometry":{"type":"LineString","coordinates":[[108.2249,16.067329],[108.223778,16.067368]]},"properties":{"h":"residential","w":0.7}},{"type":"Feature","geometry":{"type":"LineString","coordinates":[[108.2249,16.067329],[108.224928,16.067819]]},"properties":{"h":"primary","w":1.8}},{"type":"Feature","geometry":{"type":"LineString","coordinates":[[108.220117,16.066355],[108.22008,16.066221]]},"properties":{"h":"tertiary","w":0.8}},{"type":"Feature","geometry":{"type":"LineString","coordinates":[[108.220117,16.066355],[108.219877,16.06624],[108.218455,16.065908]]},"properties":{"h":"tertiary","w":0.8}},{"type":"Feature","geometry":{"type":"LineString","coordinates":[[108.220117,16.066355],[108.220264,16.066394],[108.220874,16.06636]]},"properties":{"h":"residential","w":0.7}},{"type":"Feature","geometry":{"type":"LineString","coordinates":[[108.2185,16.06194],[108.217667,16.062193]]},"properties":{"h":"residential","w":0.7}},{"type":"Feature","geometry":{"type":"LineString","coordinates":[[108.2185,16.06194],[108.219669,16.06162]]},"properties":{"h":"residential","w":0.7}},{"type":"Feature","geometry":{"type":"LineString","coordinates":[[108.2185,16.06194],[108.218395,16.061384]]},"properties":{"h":"residential","w":0.7}},{"type":"Feature","geometry":{"type":"LineString","coordinates":[[108.224552,16.066017],[108.223652,16.066125]]},"properties":{"h":"residential","w":0.7}},{"type":"Feature","geometry":{"type":"LineString","coordinates":[[108.224552,16.066017],[108.224783,16.066606],[108.224871,16.066887],[108.224902,16.067086],[108.2249,16.067329]]},"properties":{"h":"primary","w":1.8}},{"type":"Feature","geometry":{"type":"LineString","coordinates":[[108.218856,16.055106],[108.219055,16.055122],[108.219446,16.055105],[108.219643,16.055061],[108.220151,16.055011]]},"properties":{"h":"residential","w":0.7}},{"type":"Feature","geometry":{"type":"LineString","coordinates":[[108.218856,16.055106],[108.218911,16.054796],[108.218947,16.054443]]},"properties":{"h":"tertiary","w":0.8}},{"type":"Feature","geometry":{"type":"LineString","coordinates":[[108.223778,16.067368],[108.2249,16.067329]]},"properties":{"h":"residential","w":0.7}},{"type":"Feature","geometry":{"type":"LineString","coordinates":[[108.223778,16.067368],[108.223652,16.066125]]},"properties":{"h":"primary","w":1.8}},{"type":"Feature","geometry":{"type":"LineString","coordinates":[[108.218077,16.056989],[108.217641,16.056967]]},"properties":{"h":"residential","w":0.7}},{"type":"Feature","geometry":{"type":"LineString","coordinates":[[108.218077,16.056989],[108.218861,16.057059]]},"properties":{"h":"residential","w":0.7}},{"type":"Feature","geometry":{"type":"LineString","coordinates":[[108.22259,16.067386],[108.220958,16.067452]]},"properties":{"h":"residential","w":0.7}},{"type":"Feature","geometry":{"type":"LineString","coordinates":[[108.22259,16.067386],[108.222692,16.068176]]},"properties":{"h":"residential","w":0.7}},{"type":"Feature","geometry":{"type":"LineString","coordinates":[[108.22259,16.067386],[108.222494,16.066222]]},"properties":{"h":"residential","w":0.7}},{"type":"Feature","geometry":{"type":"LineString","coordinates":[[108.218861,16.057059],[108.218077,16.056989]]},"properties":{"h":"residential","w":0.7}},{"type":"Feature","geometry":{"type":"LineString","coordinates":[[108.218861,16.057059],[108.218744,16.056399]]},"properties":{"h":"tertiary","w":0.8}},{"type":"Feature","geometry":{"type":"LineString","coordinates":[[108.221505,16.061107],[108.221778,16.061036]]},"properties":{"h":"residential","w":0.7}},{"type":"Feature","geometry":{"type":"LineString","coordinates":[[108.221505,16.061107],[108.221637,16.061588]]},"properties":{"h":"residential","w":0.7}},{"type":"Feature","geometry":{"type":"LineString","coordinates":[[108.221505,16.061107],[108.220449,16.061402]]},"properties":{"h":"residential","w":0.7}},{"type":"Feature","geometry":{"type":"LineString","coordinates":[[108.217712,16.041058],[108.218479,16.041141]]},"properties":{"h":"residential","w":0.7}},{"type":"Feature","geometry":{"type":"LineString","coordinates":[[108.217712,16.041058],[108.217397,16.041023]]},"properties":{"h":"residential","w":0.7}},{"type":"Feature","geometry":{"type":"LineString","coordinates":[[108.217712,16.041058],[108.217786,16.040476]]},"properties":{"h":"secondary","w":1.3}},{"type":"Feature","geometry":{"type":"LineString","coordinates":[[108.217712,16.041058],[108.21758,16.042166]]},"properties":{"h":"secondary","w":1.3}},{"type":"Feature","geometry":{"type":"LineString","coordinates":[[108.223295,16.062606],[108.22324,16.062122]]},"properties":{"h":"primary","w":1.8}},{"type":"Feature","geometry":{"type":"LineString","coordinates":[[108.223295,16.062606],[108.221956,16.062737]]},"properties":{"h":"residential","w":0.7}},{"type":"Feature","geometry":{"type":"LineString","coordinates":[[108.222167,16.056422],[108.222276,16.056415]]},"properties":{"h":"residential","w":0.7}},{"type":"Feature","geometry":{"type":"LineString","coordinates":[[108.222167,16.056422],[108.222141,16.055495]]},"properties":{"h":"primary","w":1.8}},{"type":"Feature","geometry":{"type":"LineString","coordinates":[[108.222167,16.056422],[108.221383,16.056466]]},"properties":{"h":"residential","w":0.7}},{"type":"Feature","geometry":{"type":"LineString","coordinates":[[108.220223,16.056526],[108.221383,16.056466]]},"properties":{"h":"residential","w":0.7}},{"type":"Feature","geometry":{"type":"LineString","coordinates":[[108.220223,16.056526],[108.220188,16.055845]]},"properties":{"h":"secondary","w":1.3}},{"type":"Feature","geometry":{"type":"LineString","coordinates":[[108.220867,16.041401],[108.220091,16.041317]]},"properties":{"h":"residential","w":0.7}},{"type":"Feature","geometry":{"type":"LineString","coordinates":[[108.220867,16.041401],[108.220937,16.04077]]},"properties":{"h":"residential","w":0.7}},{"type":"Feature","geometry":{"type":"LineString","coordinates":[[108.220867,16.041401],[108.22085,16.041663],[108.220051,16.041584]]},"properties":{"h":"residential","w":0.7}},{"type":"Feature","geometry":{"type":"LineString","coordinates":[[108.220987,16.054024],[108.221572,16.054024]]},"properties":{"h":"tertiary","w":0.8}},{"type":"Feature","geometry":{"type":"LineString","coordinates":[[108.220987,16.054024],[108.220806,16.054027]]},"properties":{"h":"tertiary","w":0.8}},{"type":"Feature","geometry":{"type":"LineString","coordinates":[[108.220987,16.054024],[108.221556,16.053714]]},"properties":{"h":"residential","w":0.7}},{"type":"Feature","geometry":{"type":"LineString","coordinates":[[108.221956,16.062737],[108.223295,16.062606]]},"properties":{"h":"residential","w":0.7}},{"type":"Feature","geometry":{"type":"LineString","coordinates":[[108.221956,16.062737],[108.221489,16.062773],[108.219789,16.062978]]},"properties":{"h":"residential","w":0.7}},{"type":"Feature","geometry":{"type":"LineString","coordinates":[[108.221956,16.062737],[108.221843,16.062332]]},"properties":{"h":"residential","w":0.7}},{"type":"Feature","geometry":{"type":"LineString","coordinates":[[108.22023,16.054026],[108.220287,16.05341]]},"properties":{"h":"secondary","w":1.3}},{"type":"Feature","geometry":{"type":"LineString","coordinates":[[108.22023,16.054026],[108.220178,16.054448],[108.220091,16.054741]]},"properties":{"h":"secondary","w":1.3}},{"type":"Feature","geometry":{"type":"LineString","coordinates":[[108.22023,16.054026],[108.220806,16.054027]]},"properties":{"h":"tertiary","w":0.8}},{"type":"Feature","geometry":{"type":"LineString","coordinates":[[108.221383,16.056466],[108.222167,16.056422]]},"properties":{"h":"residential","w":0.7}},{"type":"Feature","geometry":{"type":"LineString","coordinates":[[108.221383,16.056466],[108.220223,16.056526]]},"properties":{"h":"residential","w":0.7}},{"type":"Feature","geometry":{"type":"LineString","coordinates":[[108.221383,16.056466],[108.221882,16.057962]]},"properties":{"h":"residential","w":0.7}},{"type":"Feature","geometry":{"type":"LineString","coordinates":[[108.221589,16.083781],[108.221717,16.083812]]},"properties":{"h":"residential","w":0.7}},{"type":"Feature","geometry":{"type":"LineString","coordinates":[[108.221589,16.083781],[108.221217,16.083704]]},"properties":{"h":"residential","w":0.7}},{"type":"Feature","geometry":{"type":"LineString","coordinates":[[108.221589,16.083781],[108.221871,16.083399]]},"properties":{"h":"primary","w":1.8}},{"type":"Feature","geometry":{"type":"LineString","coordinates":[[108.220059,16.073902],[108.218238,16.073516]]},"properties":{"h":"residential","w":0.7}},{"type":"Feature","geometry":{"type":"LineString","coordinates":[[108.220059,16.073902],[108.220231,16.072636]]},"properties":{"h":"tertiary","w":0.8}},{"type":"Feature","geometry":{"type":"LineString","coordinates":[[108.21949,16.083771],[108.219679,16.083337],[108.219903,16.083116],[108.220118,16.082781]]},"properties":{"h":"residential","w":0.7}},{"type":"Feature","geometry":{"type":"LineString","coordinates":[[108.21949,16.083771],[108.219507,16.0839],[108.219687,16.084178]]},"properties":{"h":"residential","w":0.7}},{"type":"Feature","geometry":{"type":"LineString","coordinates":[[108.21949,16.083771],[108.219178,16.083969],[108.219109,16.083969],[108.219019,16.083917],[108.218935,16.083928],[108.218077,16.084578],[108.218013,16.084612],[108.217952,16.084619],[108.217391,16.08448],[108.217039,16.084355],[108.216805,16.084207],[108.216739,16.084107],[108.216517,16.083342]]},"properties":{"h":"residential","w":0.7}},{"type":"Feature","geometry":{"type":"LineString","coordinates":[[108.21949,16.083771],[108.22008,16.084225],[108.220519,16.084477]]},"properties":{"h":"residential","w":0.7}},{"type":"Feature","geometry":{"type":"LineString","coordinates":[[108.216596,16.07511],[108.217861,16.075239]]},"properties":{"h":"residential","w":0.7}},{"type":"Feature","geometry":{"type":"LineString","coordinates":[[108.214671,16.080804],[108.215457,16.080338]]},"properties":{"h":"residential","w":0.7}},{"type":"Feature","geometry":{"type":"LineString","coordinates":[[108.214671,16.080804],[108.21411,16.081123]]},"properties":{"h":"residential","w":0.7}},{"type":"Feature","geometry":{"type":"LineString","coordinates":[[108.214671,16.080804],[108.21512,16.081513]]},"properties":{"h":"residential","w":0.7}},{"type":"Feature","geometry":{"type":"LineString","coordinates":[[108.219078,16.081076],[108.21977,16.081174]]},"properties":{"h":"residential","w":0.7}},{"type":"Feature","geometry":{"type":"LineString","coordinates":[[108.219078,16.081076],[108.219232,16.080024]]},"properties":{"h":"tertiary","w":0.8}},{"type":"Feature","geometry":{"type":"LineString","coordinates":[[108.219078,16.081076],[108.218975,16.081158]]},"properties":{"h":"tertiary","w":0.8}},{"type":"Feature","geometry":{"type":"LineString","coordinates":[[108.217846,16.08524],[108.218197,16.085044]]},"properties":{"h":"residential","w":0.7}},{"type":"Feature","geometry":{"type":"LineString","coordinates":[[108.217846,16.08524],[108.218019,16.085565]]},"properties":{"h":"residential","w":0.7}},{"type":"Feature","geometry":{"type":"LineString","coordinates":[[108.217846,16.08524],[108.217448,16.085412],[108.217121,16.085612],[108.216678,16.086015],[108.216452,16.08619]]},"properties":{"h":"residential","w":0.7}},{"type":"Feature","geometry":{"type":"LineString","coordinates":[[108.219713,16.076322],[108.217722,16.076076]]},"properties":{"h":"residential","w":0.7}},{"type":"Feature","geometry":{"type":"LineString","coordinates":[[108.219713,16.076322],[108.219821,16.075507]]},"properties":{"h":"tertiary","w":0.8}},{"type":"Feature","geometry":{"type":"LineString","coordinates":[[108.208754,16.077173],[108.208414,16.076853]]},"properties":{"h":"residential","w":0.7}},{"type":"Feature","geometry":{"type":"LineString","coordinates":[[108.208754,16.077173],[108.208478,16.077429]]},"properties":{"h":"residential","w":0.7}},{"type":"Feature","geometry":{"type":"LineString","coordinates":[[108.208754,16.077173],[108.209399,16.077798],[108.210476,16.078998],[108.210899,16.079515]]},"properties":{"h":"residential","w":0.7}},{"type":"Feature","geometry":{"type":"LineString","coordinates":[[108.208754,16.077173],[108.209238,16.076789],[108.209879,16.076637],[108.210215,16.076358],[108.210629,16.076111]]},"properties":{"h":"residential","w":0.7}},{"type":"Feature","geometry":{"type":"LineString","coordinates":[[108.222,16.083222],[108.221942,16.083136],[108.221953,16.083014]]},"properties":{"h":"residential","w":0.7}},{"type":"Feature","geometry":{"type":"LineString","coordinates":[[108.222,16.083222],[108.22218,16.082937],[108.222206,16.082839]]},"properties":{"h":"primary","w":1.8}},{"type":"Feature","geometry":{"type":"LineString","coordinates":[[108.217861,16.075239],[108.216596,16.07511]]},"properties":{"h":"residential","w":0.7}},{"type":"Feature","geometry":{"type":"LineString","coordinates":[[108.217861,16.075239],[108.218598,16.07534]]},"properties":{"h":"residential","w":0.7}},{"type":"Feature","geometry":{"type":"LineString","coordinates":[[108.217861,16.075239],[108.218025,16.074411]]},"properties":{"h":"residential","w":0.7}},{"type":"Feature","geometry":{"type":"LineString","coordinates":[[108.217861,16.075239],[108.217722,16.076076]]},"properties":{"h":"residential","w":0.7}},{"type":"Feature","geometry":{"type":"LineString","coordinates":[[108.216751,16.075933],[108.217722,16.076076]]},"properties":{"h":"residential","w":0.7}},{"type":"Feature","geometry":{"type":"LineString","coordinates":[[108.221953,16.083014],[108.221438,16.082946]]},"properties":{"h":"residential","w":0.7}},{"type":"Feature","geometry":{"type":"LineString","coordinates":[[108.221953,16.083014],[108.222016,16.082582]]},"properties":{"h":"residential","w":0.7}},{"type":"Feature","geometry":{"type":"LineString","coordinates":[[108.221953,16.083014],[108.221942,16.083136],[108.222,16.083222]]},"properties":{"h":"residential","w":0.7}},{"type":"Feature","geometry":{"type":"LineString","coordinates":[[108.217042,16.083173],[108.21675,16.082421]]},"properties":{"h":"residential","w":0.7}},{"type":"Feature","geometry":{"type":"LineString","coordinates":[[108.217042,16.083173],[108.217573,16.082977],[108.217634,16.082978],[108.2177,16.083017],[108.217937,16.083357],[108.218048,16.083457]]},"properties":{"h":"residential","w":0.7}},{"type":"Feature","geometry":{"type":"LineString","coordinates":[[108.217042,16.083173],[108.216517,16.083342]]},"properties":{"h":"residential","w":0.7}},{"type":"Feature","geometry":{"type":"LineString","coordinates":[[108.217042,16.083173],[108.217186,16.083624],[108.217231,16.083833],[108.217266,16.083904],[108.217336,16.083966],[108.217742,16.084183],[108.2178,16.084197],[108.217855,16.084175],[108.217878,16.084143],[108.217974,16.083876]]},"properties":{"h":"residential","w":0.7}},{"type":"Feature","geometry":{"type":"LineString","coordinates":[[108.219821,16.075507],[108.218598,16.07534]]},"properties":{"h":"residential","w":0.7}},{"type":"Feature","geometry":{"type":"LineString","coordinates":[[108.219821,16.075507],[108.219938,16.074786]]},"properties":{"h":"tertiary","w":0.8}},{"type":"Feature","geometry":{"type":"LineString","coordinates":[[108.218238,16.073516],[108.21842,16.072376]]},"properties":{"h":"residential","w":0.7}},{"type":"Feature","geometry":{"type":"LineString","coordinates":[[108.218238,16.073516],[108.220059,16.073902]]},"properties":{"h":"residential","w":0.7}},{"type":"Feature","geometry":{"type":"LineString","coordinates":[[108.218238,16.073516],[108.218025,16.074411]]},"properties":{"h":"residential","w":0.7}},{"type":"Feature","geometry":{"type":"LineString","coordinates":[[108.216452,16.08619],[108.21637,16.086259]]},"properties":{"h":"residential","w":0.7}},{"type":"Feature","geometry":{"type":"LineString","coordinates":[[108.216452,16.08619],[108.216678,16.086015],[108.217121,16.085612],[108.217448,16.085412],[108.217846,16.08524]]},"properties":{"h":"residential","w":0.7}},{"type":"Feature","geometry":{"type":"LineString","coordinates":[[108.216452,16.08619],[108.216725,16.086273]]},"properties":{"h":"residential","w":0.7}},{"type":"Feature","geometry":{"type":"LineString","coordinates":[[108.216452,16.08619],[108.215819,16.085454],[108.215545,16.085102],[108.215459,16.08495],[108.215433,16.084812],[108.215451,16.084692],[108.215688,16.083931],[108.215733,16.083808],[108.215834,16.083627],[108.215882,16.083576],[108.216011,16.083495],[108.216517,16.083342]]},"properties":{"h":"residential","w":0.7}},{"type":"Feature","geometry":{"type":"LineString","coordinates":[[108.216089,16.082611],[108.215786,16.081934]]},"properties":{"h":"residential","w":0.7}},{"type":"Feature","geometry":{"type":"LineString","coordinates":[[108.216089,16.082611],[108.216226,16.082559],[108.216517,16.083342]]},"properties":{"h":"residential","w":0.7}},{"type":"Feature","geometry":{"type":"LineString","coordinates":[[108.216089,16.082611],[108.216074,16.082655],[108.215812,16.08279]]},"properties":{"h":"residential","w":0.7}},{"type":"Feature","geometry":{"type":"LineString","coordinates":[[108.217722,16.076076],[108.217585,16.076967]]},"properties":{"h":"residential","w":0.7}},{"type":"Feature","geometry":{"type":"LineString","coordinates":[[108.217722,16.076076],[108.217861,16.075239]]},"properties":{"h":"residential","w":0.7}},{"type":"Feature","geometry":{"type":"LineString","coordinates":[[108.217722,16.076076],[108.219713,16.076322]]},"properties":{"h":"residential","w":0.7}},{"type":"Feature","geometry":{"type":"LineString","coordinates":[[108.217722,16.076076],[108.216751,16.075933]]},"properties":{"h":"residential","w":0.7}},{"type":"Feature","geometry":{"type":"LineString","coordinates":[[108.216725,16.086273],[108.218019,16.085565]]},"properties":{"h":"residential","w":0.7}},{"type":"Feature","geometry":{"type":"LineString","coordinates":[[108.216725,16.086273],[108.216912,16.086614]]},"properties":{"h":"residential","w":0.7}},{"type":"Feature","geometry":{"type":"LineString","coordinates":[[108.216725,16.086273],[108.216452,16.08619]]},"properties":{"h":"residential","w":0.7}},{"type":"Feature","geometry":{"type":"LineString","coordinates":[[108.217974,16.083876],[108.218168,16.083797],[108.21862,16.08377],[108.218688,16.083718],[108.218699,16.083683],[108.218693,16.083607],[108.21863,16.083556],[108.21827,16.08353],[108.218175,16.083513],[108.218048,16.083457]]},"properties":{"h":"residential","w":0.7}},{"type":"Feature","geometry":{"type":"LineString","coordinates":[[108.217974,16.083876],[108.218048,16.083457]]},"properties":{"h":"residential","w":0.7}},{"type":"Feature","geometry":{"type":"LineString","coordinates":[[108.217974,16.083876],[108.217878,16.084143],[108.217855,16.084175],[108.2178,16.084197],[108.217742,16.084183],[108.217336,16.083966],[108.217266,16.083904],[108.217231,16.083833],[108.217186,16.083624],[108.217042,16.083173]]},"properties":{"h":"residential","w":0.7}},{"type":"Feature","geometry":{"type":"LineString","coordinates":[[108.215672,16.081475],[108.21521,16.081715]]},"properties":{"h":"residential","w":0.7}},{"type":"Feature","geometry":{"type":"LineString","coordinates":[[108.215672,16.081475],[108.215786,16.081934]]},"properties":{"h":"residential","w":0.7}},{"type":"Feature","geometry":{"type":"LineString","coordinates":[[108.215672,16.081475],[108.215497,16.081209],[108.21582,16.081023]]},"properties":{"h":"residential","w":0.7}},{"type":"Feature","geometry":{"type":"LineString","coordinates":[[108.220118,16.082781],[108.219903,16.083116],[108.219679,16.083337],[108.21949,16.083771]]},"properties":{"h":"residential","w":0.7}},{"type":"Feature","geometry":{"type":"LineString","coordinates":[[108.220118,16.082781],[108.220192,16.082199]]},"properties":{"h":"residential","w":0.7}},{"type":"Feature","geometry":{"type":"LineString","coordinates":[[108.220118,16.082781],[108.220554,16.083545],[108.220649,16.0836],[108.221217,16.083704]]},"properties":{"h":"residential","w":0.7}},{"type":"Feature","geometry":{"type":"LineString","coordinates":[[108.220118,16.082781],[108.221438,16.082946]]},"properties":{"h":"residential","w":0.7}},{"type":"Feature","geometry":{"type":"LineString","coordinates":[[108.220178,16.085051],[108.21985,16.084431],[108.219687,16.084178]]},"properties":{"h":"residential","w":0.7}},{"type":"Feature","geometry":{"type":"LineString","coordinates":[[108.220178,16.085051],[108.220623,16.084819],[108.220913,16.084605]]},"properties":{"h":"primary","w":1.8}},{"type":"Feature","geometry":{"type":"LineString","coordinates":[[108.216594,16.086771],[108.21637,16.086259]]},"properties":{"h":"residential","w":0.7}},{"type":"Feature","geometry":{"type":"LineString","coordinates":[[108.216594,16.086771],[108.216912,16.086614]]},"properties":{"h":"primary","w":1.8}},{"type":"Feature","geometry":{"type":"LineString","coordinates":[[108.215786,16.081934],[108.216089,16.082611]]},"properties":{"h":"residential","w":0.7}},{"type":"Feature","geometry":{"type":"LineString","coordinates":[[108.215786,16.081934],[108.216315,16.081716]]},"properties":{"h":"residential","w":0.7}},{"type":"Feature","geometry":{"type":"LineString","coordinates":[[108.215786,16.081934],[108.215672,16.081475]]},"properties":{"h":"residential","w":0.7}},{"type":"Feature","geometry":{"type":"LineString","coordinates":[[108.218019,16.085565],[108.216725,16.086273]]},"properties":{"h":"residential","w":0.7}},{"type":"Feature","geometry":{"type":"LineString","coordinates":[[108.218019,16.085565],[108.217846,16.08524]]},"properties":{"h":"residential","w":0.7}},{"type":"Feature","geometry":{"type":"LineString","coordinates":[[108.218019,16.085565],[108.218205,16.08597]]},"properties":{"h":"residential","w":0.7}},{"type":"Feature","geometry":{"type":"LineString","coordinates":[[108.216928,16.08232],[108.21675,16.082421]]},"properties":{"h":"residential","w":0.7}},{"type":"Feature","geometry":{"type":"LineString","coordinates":[[108.210899,16.079515],[108.211085,16.07924]]},"properties":{"h":"residential","w":0.7}},{"type":"Feature","geometry":{"type":"LineString","coordinates":[[108.210899,16.079515],[108.210476,16.078998],[108.209399,16.077798],[108.208754,16.077173]]},"properties":{"h":"residential","w":0.7}},{"type":"Feature","geometry":{"type":"LineString","coordinates":[[108.210899,16.079515],[108.210772,16.079629],[108.210574,16.079759]]},"properties":{"h":"residential","w":0.7}},{"type":"Feature","geometry":{"type":"LineString","coordinates":[[108.219687,16.084178],[108.219507,16.0839],[108.21949,16.083771]]},"properties":{"h":"residential","w":0.7}},{"type":"Feature","geometry":{"type":"LineString","coordinates":[[108.219687,16.084178],[108.21985,16.084431],[108.220178,16.085051]]},"properties":{"h":"residential","w":0.7}},{"type":"Feature","geometry":{"type":"LineString","coordinates":[[108.219687,16.084178],[108.218946,16.084649],[108.218197,16.085044]]},"properties":{"h":"residential","w":0.7}},{"type":"Feature","geometry":{"type":"LineString","coordinates":[[108.216517,16.083342],[108.216739,16.084107],[108.216805,16.084207],[108.217039,16.084355],[108.217391,16.08448],[108.217952,16.084619],[108.218013,16.084612],[108.218077,16.084578],[108.218935,16.083928],[108.219019,16.083917],[108.219109,16.083969],[108.219178,16.083969],[108.21949,16.083771]]},"properties":{"h":"residential","w":0.7}},{"type":"Feature","geometry":{"type":"LineString","coordinates":[[108.216517,16.083342],[108.216011,16.083495],[108.215882,16.083576],[108.215834,16.083627],[108.215733,16.083808],[108.215688,16.083931],[108.215451,16.084692],[108.215433,16.084812],[108.215459,16.08495],[108.215545,16.085102],[108.215819,16.085454],[108.216452,16.08619]]},"properties":{"h":"residential","w":0.7}},{"type":"Feature","geometry":{"type":"LineString","coordinates":[[108.216517,16.083342],[108.217042,16.083173]]},"properties":{"h":"residential","w":0.7}},{"type":"Feature","geometry":{"type":"LineString","coordinates":[[108.216517,16.083342],[108.216226,16.082559],[108.216089,16.082611]]},"properties":{"h":"residential","w":0.7}},{"type":"Feature","geometry":{"type":"LineString","coordinates":[[108.21521,16.081715],[108.215672,16.081475]]},"properties":{"h":"residential","w":0.7}},{"type":"Feature","geometry":{"type":"LineString","coordinates":[[108.215504,16.040817],[108.215887,16.040858]]},"properties":{"h":"residential","w":0.7}},{"type":"Feature","geometry":{"type":"LineString","coordinates":[[108.215504,16.040817],[108.214224,16.040677]]},"properties":{"h":"residential","w":0.7}},{"type":"Feature","geometry":{"type":"LineString","coordinates":[[108.215504,16.040817],[108.215561,16.040361],[108.215547,16.040193]]},"properties":{"h":"residential","w":0.7}},{"type":"Feature","geometry":{"type":"LineString","coordinates":[[108.233003,16.033031],[108.233123,16.033528]]},"properties":{"h":"residential","w":0.7}},{"type":"Feature","geometry":{"type":"LineString","coordinates":[[108.233003,16.033031],[108.232985,16.032932]]},"properties":{"h":"residential","w":0.7}},{"type":"Feature","geometry":{"type":"LineString","coordinates":[[108.233003,16.033031],[108.232285,16.032884]]},"properties":{"h":"residential","w":0.7}},{"type":"Feature","geometry":{"type":"LineString","coordinates":[[108.216133,16.03778],[108.216731,16.036894]]},"properties":{"h":"tertiary","w":0.8}},{"type":"Feature","geometry":{"type":"LineString","coordinates":[[108.216133,16.03778],[108.21669,16.037845]]},"properties":{"h":"residential","w":0.7}},{"type":"Feature","geometry":{"type":"LineString","coordinates":[[108.216133,16.03778],[108.215896,16.03819]]},"properties":{"h":"tertiary","w":0.8}},{"type":"Feature","geometry":{"type":"LineString","coordinates":[[108.2131,16.038083],[108.213159,16.037568]]},"properties":{"h":"residential","w":0.7}},{"type":"Feature","geometry":{"type":"LineString","coordinates":[[108.2131,16.038083],[108.213526,16.03813]]},"properties":{"h":"residential","w":0.7}},{"type":"Feature","geometry":{"type":"LineString","coordinates":[[108.2131,16.038083],[108.212111,16.037972],[108.211957,16.038001]]},"properties":{"h":"residential","w":0.7}},{"type":"Feature","geometry":{"type":"LineString","coordinates":[[108.220105,16.033257],[108.220564,16.033325]]},"properties":{"h":"residential","w":0.7}},{"type":"Feature","geometry":{"type":"LineString","coordinates":[[108.220105,16.033257],[108.219166,16.033168]]},"properties":{"h":"residential","w":0.7}},{"type":"Feature","geometry":{"type":"LineString","coordinates":[[108.220105,16.033257],[108.22005,16.033694]]},"properties":{"h":"residential","w":0.7}},{"type":"Feature","geometry":{"type":"LineString","coordinates":[[108.216126,16.032014],[108.216114,16.032145]]},"properties":{"h":"residential","w":0.7}},{"type":"Feature","geometry":{"type":"LineString","coordinates":[[108.216126,16.032014],[108.217439,16.032178]]},"properties":{"h":"primary","w":1.8}},{"type":"Feature","geometry":{"type":"LineString","coordinates":[[108.226748,16.029647],[108.227914,16.030079]]},"properties":{"h":"residential","w":0.7}},{"type":"Feature","geometry":{"type":"LineString","coordinates":[[108.226748,16.029647],[108.226896,16.029262]]},"properties":{"h":"residential","w":0.7}},{"type":"Feature","geometry":{"type":"LineString","coordinates":[[108.226748,16.029647],[108.226574,16.03009]]},"properties":{"h":"residential","w":0.7}},{"type":"Feature","geometry":{"type":"LineString","coordinates":[[108.221479,16.043428],[108.222151,16.043554],[108.222286,16.042217]]},"properties":{"h":"residential","w":0.7}},{"type":"Feature","geometry":{"type":"LineString","coordinates":[[108.221479,16.043428],[108.221613,16.042245]]},"properties":{"h":"secondary","w":1.3}},{"type":"Feature","geometry":{"type":"LineString","coordinates":[[108.221479,16.043428],[108.221397,16.044246]]},"properties":{"h":"secondary","w":1.3}},{"type":"Feature","geometry":{"type":"LineString","coordinates":[[108.228971,16.03078],[108.229056,16.03034]]},"properties":{"h":"residential","w":0.7}},{"type":"Feature","geometry":{"type":"LineString","coordinates":[[108.228971,16.03078],[108.228794,16.031564]]},"properties":{"h":"residential","w":0.7}},{"type":"Feature","geometry":{"type":"LineString","coordinates":[[108.228971,16.03078],[108.229566,16.030899]]},"properties":{"h":"residential","w":0.7}},{"type":"Feature","geometry":{"type":"LineString","coordinates":[[108.228971,16.03078],[108.228535,16.030695]]},"properties":{"h":"residential","w":0.7}},{"type":"Feature","geometry":{"type":"LineString","coordinates":[[108.216731,16.036894],[108.217181,16.036223]]},"properties":{"h":"tertiary","w":0.8}},{"type":"Feature","geometry":{"type":"LineString","coordinates":[[108.216731,16.036894],[108.216133,16.03778]]},"properties":{"h":"tertiary","w":0.8}},{"type":"Feature","geometry":{"type":"LineString","coordinates":[[108.216731,16.036894],[108.217139,16.037139]]},"properties":{"h":"residential","w":0.7}},{"type":"Feature","geometry":{"type":"LineString","coordinates":[[108.216731,16.036894],[108.216219,16.036666]]},"properties":{"h":"residential","w":0.7}},{"type":"Feature","geometry":{"type":"LineString","coordinates":[[108.220186,16.055592],[108.220188,16.055845]]},"properties":{"h":"secondary","w":1.3}},{"type":"Feature","geometry":{"type":"LineString","coordinates":[[108.220186,16.055592],[108.220807,16.05556]]},"properties":{"h":"residential","w":0.7}},{"type":"Feature","geometry":{"type":"LineString","coordinates":[[108.220186,16.055592],[108.220151,16.055011]]},"properties":{"h":"secondary","w":1.3}},{"type":"Feature","geometry":{"type":"LineString","coordinates":[[108.227362,16.03194],[108.227385,16.03114]]},"properties":{"h":"residential","w":0.7}},{"type":"Feature","geometry":{"type":"LineString","coordinates":[[108.227362,16.03194],[108.227735,16.031945]]},"properties":{"h":"residential","w":0.7}},{"type":"Feature","geometry":{"type":"LineString","coordinates":[[108.227362,16.03194],[108.227002,16.031939]]},"properties":{"h":"residential","w":0.7}},{"type":"Feature","geometry":{"type":"LineString","coordinates":[[108.222958,16.039308],[108.223439,16.039373]]},"properties":{"h":"residential","w":0.7}},{"type":"Feature","geometry":{"type":"LineString","coordinates":[[108.222958,16.039308],[108.222664,16.03926]]},"properties":{"h":"residential","w":0.7}},{"type":"Feature","geometry":{"type":"LineString","coordinates":[[108.222958,16.039308],[108.223026,16.038909],[108.223153,16.037684]]},"properties":{"h":"residential","w":0.7}},{"type":"Feature","geometry":{"type":"LineString","coordinates":[[108.216243,16.039328],[108.217423,16.039445]]},"properties":{"h":"residential","w":0.7}},{"type":"Feature","geometry":{"type":"LineString","coordinates":[[108.216243,16.039328],[108.215721,16.039254]]},"properties":{"h":"residential","w":0.7}},{"type":"Feature","geometry":{"type":"LineString","coordinates":[[108.216243,16.039328],[108.21629,16.038947]]},"properties":{"h":"residential","w":0.7}},{"type":"Feature","geometry":{"type":"LineString","coordinates":[[108.214688,16.036535],[108.214563,16.037861]]},"properties":{"h":"residential","w":0.7}},{"type":"Feature","geometry":{"type":"LineString","coordinates":[[108.214688,16.036535],[108.215156,16.03658]]},"properties":{"h":"residential","w":0.7}},{"type":"Feature","geometry":{"type":"LineString","coordinates":[[108.214688,16.036535],[108.214207,16.036487]]},"properties":{"h":"residential","w":0.7}},{"type":"Feature","geometry":{"type":"LineString","coordinates":[[108.225503,16.031298],[108.225511,16.031601]]},"properties":{"h":"residential","w":0.7}},{"type":"Feature","geometry":{"type":"LineString","coordinates":[[108.225503,16.031298],[108.225501,16.031154]]},"properties":{"h":"residential","w":0.7}},{"type":"Feature","geometry":{"type":"LineString","coordinates":[[108.225503,16.031298],[108.223999,16.031286]]},"properties":{"h":"residential","w":0.7}},{"type":"Feature","geometry":{"type":"LineString","coordinates":[[108.217207,16.034223],[108.216784,16.03418]]},"properties":{"h":"residential","w":0.7}},{"type":"Feature","geometry":{"type":"LineString","coordinates":[[108.217207,16.034223],[108.217589,16.034258]]},"properties":{"h":"residential","w":0.7}},{"type":"Feature","geometry":{"type":"LineString","coordinates":[[108.217207,16.034223],[108.217295,16.033406]]},"properties":{"h":"residential","w":0.7}},{"type":"Feature","geometry":{"type":"LineString","coordinates":[[108.217207,16.034223],[108.217157,16.0347]]},"properties":{"h":"residential","w":0.7}},{"type":"Feature","geometry":{"type":"LineString","coordinates":[[108.223153,16.037684],[108.223294,16.036741]]},"properties":{"h":"residential","w":0.7}},{"type":"Feature","geometry":{"type":"LineString","coordinates":[[108.223153,16.037684],[108.223026,16.038909],[108.222958,16.039308]]},"properties":{"h":"residential","w":0.7}},{"type":"Feature","geometry":{"type":"LineString","coordinates":[[108.223153,16.037684],[108.22348,16.03772]]},"properties":{"h":"tertiary","w":0.8}},{"type":"Feature","geometry":{"type":"LineString","coordinates":[[108.223153,16.037684],[108.222124,16.037548]]},"properties":{"h":"tertiary","w":0.8}},{"type":"Feature","geometry":{"type":"LineString","coordinates":[[108.229173,16.032693],[108.229848,16.032812]]},"properties":{"h":"residential","w":0.7}},{"type":"Feature","geometry":{"type":"LineString","coordinates":[[108.229173,16.032693],[108.228576,16.032566]]},"properties":{"h":"residential","w":0.7}},{"type":"Feature","geometry":{"type":"LineString","coordinates":[[108.229173,16.032693],[108.229566,16.030899]]},"properties":{"h":"tertiary","w":0.8}},{"type":"Feature","geometry":{"type":"LineString","coordinates":[[108.229173,16.032693],[108.229057,16.033209]]},"properties":{"h":"tertiary","w":0.8}},{"type":"Feature","geometry":{"type":"LineString","coordinates":[[108.222618,16.042274],[108.222451,16.043612]]},"properties":{"h":"residential","w":0.7}},{"type":"Feature","geometry":{"type":"LineString","coordinates":[[108.222618,16.042274],[108.222286,16.042217]]},"properties":{"h":"residential","w":0.7}},{"type":"Feature","geometry":{"type":"LineString","coordinates":[[108.222618,16.042274],[108.223112,16.042341]]},"properties":{"h":"residential","w":0.7}},{"type":"Feature","geometry":{"type":"LineString","coordinates":[[108.217181,16.036223],[108.216731,16.036894]]},"properties":{"h":"tertiary","w":0.8}},{"type":"Feature","geometry":{"type":"LineString","coordinates":[[108.217181,16.036223],[108.217622,16.036406]]},"properties":{"h":"tertiary","w":0.8}},{"type":"Feature","geometry":{"type":"LineString","coordinates":[[108.217181,16.036223],[108.216937,16.036147],[108.215508,16.036011]]},"properties":{"h":"tertiary","w":0.8}},{"type":"Feature","geometry":{"type":"LineString","coordinates":[[108.218932,16.039298],[108.218883,16.03962]]},"properties":{"h":"residential","w":0.7}},{"type":"Feature","geometry":{"type":"LineString","coordinates":[[108.218932,16.039298],[108.219012,16.038522]]},"properties":{"h":"residential","w":0.7}},{"type":"Feature","geometry":{"type":"LineString","coordinates":[[108.218932,16.039298],[108.219813,16.039401]]},"properties":{"h":"residential","w":0.7}},{"type":"Feature","geometry":{"type":"LineString","coordinates":[[108.21758,16.042166],[108.217712,16.041058]]},"properties":{"h":"secondary","w":1.3}},{"type":"Feature","geometry":{"type":"LineString","coordinates":[[108.21758,16.042166],[108.217494,16.042927]]},"properties":{"h":"secondary","w":1.3}},{"type":"Feature","geometry":{"type":"LineString","coordinates":[[108.21758,16.042166],[108.217266,16.042128]]},"properties":{"h":"residential","w":0.7}},{"type":"Feature","geometry":{"type":"LineString","coordinates":[[108.225508,16.031945],[108.225511,16.031601]]},"properties":{"h":"residential","w":0.7}},{"type":"Feature","geometry":{"type":"LineString","coordinates":[[108.225508,16.031945],[108.225499,16.032426]]},"properties":{"h":"residential","w":0.7}},{"type":"Feature","geometry":{"type":"LineString","coordinates":[[108.225508,16.031945],[108.226529,16.031945]]},"properties":{"h":"residential","w":0.7}},{"type":"Feature","geometry":{"type":"LineString","coordinates":[[108.225508,16.031945],[108.224213,16.03194]]},"properties":{"h":"residential","w":0.7}},{"type":"Feature","geometry":{"type":"LineString","coordinates":[[108.220397,16.034575],[108.219951,16.034524]]},"properties":{"h":"residential","w":0.7}},{"type":"Feature","geometry":{"type":"LineString","coordinates":[[108.220397,16.034575],[108.220875,16.034633]]},"properties":{"h":"residential","w":0.7}},{"type":"Feature","geometry":{"type":"LineString","coordinates":[[108.220397,16.034575],[108.220564,16.033325]]},"properties":{"h":"residential","w":0.7}},{"type":"Feature","geometry":{"type":"LineString","coordinates":[[108.220397,16.034575],[108.220269,16.03545]]},"properties":{"h":"residential","w":0.7}},{"type":"Feature","geometry":{"type":"LineString","coordinates":[[108.215887,16.040858],[108.216237,16.040897]]},"properties":{"h":"residential","w":0.7}},{"type":"Feature","geometry":{"type":"LineString","coordinates":[[108.215887,16.040858],[108.215504,16.040817]]},"properties":{"h":"residential","w":0.7}},{"type":"Feature","geometry":{"type":"LineString","coordinates":[[108.215887,16.040858],[108.215413,16.041926],[108.215289,16.042375]]},"properties":{"h":"residential","w":0.7}},{"type":"Feature","geometry":{"type":"LineString","coordinates":[[108.22775,16.030546],[108.227914,16.030079]]},"properties":{"h":"residential","w":0.7}},{"type":"Feature","geometry":{"type":"LineString","coordinates":[[108.22775,16.030546],[108.227385,16.030399]]},"properties":{"h":"residential","w":0.7}},{"type":"Feature","geometry":{"type":"LineString","coordinates":[[108.22775,16.030546],[108.227738,16.031144]]},"properties":{"h":"residential","w":0.7}},{"type":"Feature","geometry":{"type":"LineString","coordinates":[[108.22775,16.030546],[108.228535,16.030695]]},"properties":{"h":"residential","w":0.7}},{"type":"Feature","geometry":{"type":"LineString","coordinates":[[108.207988,16.037338],[108.208117,16.03778],[108.208225,16.037836],[108.209253,16.037608]]},"properties":{"h":"residential","w":0.7}},{"type":"Feature","geometry":{"type":"LineString","coordinates":[[108.222245,16.04523],[108.221282,16.04509]]},"properties":{"h":"residential","w":0.7}},{"type":"Feature","geometry":{"type":"LineString","coordinates":[[108.222245,16.04523],[108.222351,16.044362]]},"properties":{"h":"residential","w":0.7}},{"type":"Feature","geometry":{"type":"LineString","coordinates":[[108.222245,16.04523],[108.222097,16.046494]]},"properties":{"h":"residential","w":0.7}},{"type":"Feature","geometry":{"type":"LineString","coordinates":[[108.217589,16.034258],[108.217207,16.034223]]},"properties":{"h":"residential","w":0.7}},{"type":"Feature","geometry":{"type":"LineString","coordinates":[[108.217589,16.034258],[108.217974,16.034303]]},"properties":{"h":"residential","w":0.7}},{"type":"Feature","geometry":{"type":"LineString","coordinates":[[108.217589,16.034258],[108.217733,16.032988]]},"properties":{"h":"residential","w":0.7}},{"type":"Feature","geometry":{"type":"LineString","coordinates":[[108.213422,16.03899],[108.213854,16.039033]]},"properties":{"h":"residential","w":0.7}},{"type":"Feature","geometry":{"type":"LineString","coordinates":[[108.213422,16.03899],[108.211945,16.03883]]},"properties":{"h":"residential","w":0.7}},{"type":"Feature","geometry":{"type":"LineString","coordinates":[[108.213422,16.03899],[108.213473,16.038547]]},"properties":{"h":"residential","w":0.7}},{"type":"Feature","geometry":{"type":"LineString","coordinates":[[108.226558,16.030214],[108.225513,16.030057]]},"properties":{"h":"residential","w":0.7}},{"type":"Feature","geometry":{"type":"LineString","coordinates":[[108.226558,16.030214],[108.226574,16.03009]]},"properties":{"h":"residential","w":0.7}},{"type":"Feature","geometry":{"type":"LineString","coordinates":[[108.226558,16.030214],[108.226539,16.031138]]},"properties":{"h":"residential","w":0.7}},{"type":"Feature","geometry":{"type":"LineString","coordinates":[[108.222152,16.030306],[108.222027,16.029831]]},"properties":{"h":"residential","w":0.7}},{"type":"Feature","geometry":{"type":"LineString","coordinates":[[108.222152,16.030306],[108.221936,16.030301]]},"properties":{"h":"residential","w":0.7}},{"type":"Feature","geometry":{"type":"LineString","coordinates":[[108.222152,16.030306],[108.222703,16.030355]]},"properties":{"h":"residential","w":0.7}},{"type":"Feature","geometry":{"type":"LineString","coordinates":[[108.221716,16.035206],[108.221655,16.035656]]},"properties":{"h":"residential","w":0.7}},{"type":"Feature","geometry":{"type":"LineString","coordinates":[[108.221716,16.035206],[108.221928,16.03523]]},"properties":{"h":"residential","w":0.7}},{"type":"Feature","geometry":{"type":"LineString","coordinates":[[108.221716,16.035206],[108.220825,16.035081]]},"properties":{"h":"residential","w":0.7}},{"type":"Feature","geometry":{"type":"LineString","coordinates":[[108.221716,16.035206],[108.221781,16.034757]]},"properties":{"h":"residential","w":0.7}},{"type":"Feature","geometry":{"type":"LineString","coordinates":[[108.222286,16.042217],[108.222618,16.042274]]},"properties":{"h":"residential","w":0.7}},{"type":"Feature","geometry":{"type":"LineString","coordinates":[[108.222286,16.042217],[108.22237,16.041714]]},"properties":{"h":"residential","w":0.7}},{"type":"Feature","geometry":{"type":"LineString","coordinates":[[108.222286,16.042217],[108.222151,16.043554],[108.221479,16.043428]]},"properties":{"h":"residential","w":0.7}},{"type":"Feature","geometry":{"type":"LineString","coordinates":[[108.21629,16.038947],[108.21747,16.039068]]},"properties":{"h":"residential","w":0.7}},{"type":"Feature","geometry":{"type":"LineString","coordinates":[[108.21629,16.038947],[108.216323,16.038599]]},"properties":{"h":"residential","w":0.7}},{"type":"Feature","geometry":{"type":"LineString","coordinates":[[108.21629,16.038947],[108.216243,16.039328]]},"properties":{"h":"residential","w":0.7}},{"type":"Feature","geometry":{"type":"LineString","coordinates":[[108.215156,16.03658],[108.215099,16.037015]]},"properties":{"h":"residential","w":0.7}},{"type":"Feature","geometry":{"type":"LineString","coordinates":[[108.215156,16.03658],[108.215414,16.036601]]},"properties":{"h":"residential","w":0.7}},{"type":"Feature","geometry":{"type":"LineString","coordinates":[[108.215156,16.03658],[108.214688,16.036535]]},"properties":{"h":"residential","w":0.7}},{"type":"Feature","geometry":{"type":"LineString","coordinates":[[108.209667,16.040377],[108.209697,16.040129]]},"properties":{"h":"residential","w":0.7}},{"type":"Feature","geometry":{"type":"LineString","coordinates":[[108.209667,16.040377],[108.209532,16.041212]]},"properties":{"h":"residential","w":0.7}},{"type":"Feature","geometry":{"type":"LineString","coordinates":[[108.209667,16.040377],[108.209204,16.041046]]},"properties":{"h":"residential","w":0.7}},{"type":"Feature","geometry":{"type":"LineString","coordinates":[[108.220534,16.043816],[108.219799,16.043713]]},"properties":{"h":"residential","w":0.7}},{"type":"Feature","geometry":{"type":"LineString","coordinates":[[108.220534,16.043816],[108.22046,16.044492]]},"properties":{"h":"residential","w":0.7}},{"type":"Feature","geometry":{"type":"LineString","coordinates":[[108.220534,16.043816],[108.220586,16.043378]]},"properties":{"h":"residential","w":0.7}},{"type":"Feature","geometry":{"type":"LineString","coordinates":[[108.210929,16.03772],[108.210808,16.037255]]},"properties":{"h":"residential","w":0.7}},{"type":"Feature","geometry":{"type":"LineString","coordinates":[[108.210929,16.03772],[108.211049,16.038211]]},"properties":{"h":"residential","w":0.7}},{"type":"Feature","geometry":{"type":"LineString","coordinates":[[108.210929,16.03772],[108.211861,16.037499]]},"properties":{"h":"residential","w":0.7}},{"type":"Feature","geometry":{"type":"LineString","coordinates":[[108.20902,16.04486],[108.208551,16.04443]]},"properties":{"h":"residential","w":0.7}},{"type":"Feature","geometry":{"type":"LineString","coordinates":[[108.20902,16.04486],[108.209143,16.044957]]},"properties":{"h":"residential","w":0.7}},{"type":"Feature","geometry":{"type":"LineString","coordinates":[[108.20902,16.04486],[108.208833,16.045098],[108.208643,16.045405]]},"properties":{"h":"residential","w":0.7}},{"type":"Feature","geometry":{"type":"LineString","coordinates":[[108.21288,16.043069],[108.213397,16.043139]]},"properties":{"h":"residential","w":0.7}},{"type":"Feature","geometry":{"type":"LineString","coordinates":[[108.21288,16.043069],[108.212365,16.042997]]},"properties":{"h":"residential","w":0.7}},{"type":"Feature","geometry":{"type":"LineString","coordinates":[[108.21288,16.043069],[108.213035,16.041902]]},"properties":{"h":"residential","w":0.7}},{"type":"Feature","geometry":{"type":"LineString","coordinates":[[108.21288,16.043069],[108.212823,16.043479]]},"properties":{"h":"residential","w":0.7}},{"type":"Feature","geometry":{"type":"LineString","coordinates":[[108.211049,16.038211],[108.210929,16.03772]]},"properties":{"h":"residential","w":0.7}},{"type":"Feature","geometry":{"type":"LineString","coordinates":[[108.211049,16.038211],[108.211957,16.038001]]},"properties":{"h":"residential","w":0.7}},{"type":"Feature","geometry":{"type":"LineString","coordinates":[[108.211049,16.038211],[108.210421,16.038358]]},"properties":{"h":"residential","w":0.7}},{"type":"Feature","geometry":{"type":"LineString","coordinates":[[108.213734,16.036599],[108.214207,16.036487]]},"properties":{"h":"residential","w":0.7}},{"type":"Feature","geometry":{"type":"LineString","coordinates":[[108.213734,16.036599],[108.213261,16.03671]]},"properties":{"h":"residential","w":0.7}},{"type":"Feature","geometry":{"type":"LineString","coordinates":[[108.213734,16.036599],[108.213577,16.037758]]},"properties":{"h":"residential","w":0.7}},{"type":"Feature","geometry":{"type":"LineString","coordinates":[[108.218093,16.0375],[108.217665,16.037455]]},"properties":{"h":"residential","w":0.7}},{"type":"Feature","geometry":{"type":"LineString","coordinates":[[108.218093,16.0375],[108.218193,16.036665]]},"properties":{"h":"secondary","w":1.3}},{"type":"Feature","geometry":{"type":"LineString","coordinates":[[108.218093,16.0375],[108.217992,16.038418]]},"properties":{"h":"secondary","w":1.3}},{"type":"Feature","geometry":{"type":"LineString","coordinates":[[108.21918,16.02854],[108.21987,16.028609]]},"properties":{"h":"residential","w":0.7}},{"type":"Feature","geometry":{"type":"LineString","coordinates":[[108.21918,16.02854],[108.219272,16.027839],[108.219345,16.027729],[108.220709,16.026472]]},"properties":{"h":"secondary","w":1.3}},{"type":"Feature","geometry":{"type":"LineString","coordinates":[[108.21918,16.02854],[108.219059,16.029512]]},"properties":{"h":"secondary","w":1.3}},{"type":"Feature","geometry":{"type":"LineString","coordinates":[[108.207918,16.043872],[108.208316,16.043282]]},"properties":{"h":"residential","w":0.7}},{"type":"Feature","geometry":{"type":"LineString","coordinates":[[108.207918,16.043872],[108.207665,16.043645]]},"properties":{"h":"residential","w":0.7}},{"type":"Feature","geometry":{"type":"LineString","coordinates":[[108.207918,16.043872],[108.20799,16.043923]]},"properties":{"h":"residential","w":0.7}},{"type":"Feature","geometry":{"type":"LineString","coordinates":[[108.217547,16.038361],[108.216365,16.038237]]},"properties":{"h":"residential","w":0.7}},{"type":"Feature","geometry":{"type":"LineString","coordinates":[[108.217547,16.038361],[108.217598,16.037951]]},"properties":{"h":"residential","w":0.7}},{"type":"Feature","geometry":{"type":"LineString","coordinates":[[108.217547,16.038361],[108.217992,16.038418]]},"properties":{"h":"residential","w":0.7}},{"type":"Feature","geometry":{"type":"LineString","coordinates":[[108.217547,16.038361],[108.217506,16.038729]]},"properties":{"h":"residential","w":0.7}},{"type":"Feature","geometry":{"type":"LineString","coordinates":[[108.219767,16.035789],[108.219898,16.034954]]},"properties":{"h":"residential","w":0.7}},{"type":"Feature","geometry":{"type":"LineString","coordinates":[[108.219767,16.035789],[108.21932,16.035723]]},"properties":{"h":"residential","w":0.7}},{"type":"Feature","geometry":{"type":"LineString","coordinates":[[108.219767,16.035789],[108.219472,16.036985]]},"properties":{"h":"residential","w":0.7}},{"type":"Feature","geometry":{"type":"LineString","coordinates":[[108.232059,16.031431],[108.232156,16.030956]]},"properties":{"h":"residential","w":0.7}},{"type":"Feature","geometry":{"type":"LineString","coordinates":[[108.232059,16.031431],[108.230255,16.031038]]},"properties":{"h":"residential","w":0.7}},{"type":"Feature","geometry":{"type":"LineString","coordinates":[[108.232059,16.031431],[108.231973,16.031876]]},"properties":{"h":"residential","w":0.7}},{"type":"Feature","geometry":{"type":"LineString","coordinates":[[108.22015,16.032486],[108.220655,16.032554]]},"properties":{"h":"primary","w":1.8}},{"type":"Feature","geometry":{"type":"LineString","coordinates":[[108.22015,16.032486],[108.220273,16.031692]]},"properties":{"h":"residential","w":0.7}},{"type":"Feature","geometry":{"type":"LineString","coordinates":[[108.231428,16.034233],[108.231561,16.033719]]},"properties":{"h":"residential","w":0.7}},{"type":"Feature","geometry":{"type":"LineString","coordinates":[[108.231428,16.034233],[108.233408,16.034619]]},"properties":{"h":"tertiary","w":0.8}},{"type":"Feature","geometry":{"type":"LineString","coordinates":[[108.231428,16.034233],[108.228944,16.033754]]},"properties":{"h":"tertiary","w":0.8}},{"type":"Feature","geometry":{"type":"LineString","coordinates":[[108.222451,16.043612],[108.222351,16.044362]]},"properties":{"h":"residential","w":0.7}},{"type":"Feature","geometry":{"type":"LineString","coordinates":[[108.222451,16.043612],[108.222618,16.042274]]},"properties":{"h":"residential","w":0.7}},{"type":"Feature","geometry":{"type":"LineString","coordinates":[[108.222451,16.043612],[108.222333,16.043592]]},"properties":{"h":"residential","w":0.7}},{"type":"Feature","geometry":{"type":"LineString","coordinates":[[108.232655,16.031489],[108.232801,16.032063]]},"properties":{"h":"residential","w":0.7}},{"type":"Feature","geometry":{"type":"LineString","coordinates":[[108.232655,16.031489],[108.2326,16.031256],[108.232535,16.031111],[108.23246,16.031036],[108.232156,16.030956]]},"properties":{"h":"residential","w":0.7}},{"type":"Feature","geometry":{"type":"LineString","coordinates":[[108.232655,16.031489],[108.232589,16.031576],[108.232492,16.031993]]},"properties":{"h":"residential","w":0.7}},{"type":"Feature","geometry":{"type":"LineString","coordinates":[[108.216219,16.036666],[108.215951,16.037096]]},"properties":{"h":"residential","w":0.7}},{"type":"Feature","geometry":{"type":"LineString","coordinates":[[108.216219,16.036666],[108.215414,16.036601]]},"properties":{"h":"residential","w":0.7}},{"type":"Feature","geometry":{"type":"LineString","coordinates":[[108.216219,16.036666],[108.216731,16.036894]]},"properties":{"h":"residential","w":0.7}},{"type":"Feature","geometry":{"type":"LineString","coordinates":[[108.208297,16.044205],[108.20822,16.044129]]},"properties":{"h":"residential","w":0.7}},{"type":"Feature","geometry":{"type":"LineString","coordinates":[[108.208297,16.044205],[108.208541,16.04442]]},"properties":{"h":"residential","w":0.7}},{"type":"Feature","geometry":{"type":"LineString","coordinates":[[108.208297,16.044205],[108.207763,16.04471],[108.207561,16.04485],[108.207323,16.044976],[108.207097,16.045124],[108.206831,16.045316],[108.206576,16.045546]]},"properties":{"h":"residential","w":0.7}},{"type":"Feature","geometry":{"type":"LineString","coordinates":[[108.222359,16.035755],[108.222439,16.035184]]},"properties":{"h":"secondary","w":1.3}},{"type":"Feature","geometry":{"type":"LineString","coordinates":[[108.222359,16.035755],[108.221655,16.035656]]},"properties":{"h":"residential","w":0.7}},{"type":"Feature","geometry":{"type":"LineString","coordinates":[[108.222359,16.035755],[108.222297,16.036219]]},"properties":{"h":"secondary","w":1.3}},{"type":"Feature","geometry":{"type":"LineString","coordinates":[[108.220005,16.034049],[108.22005,16.033694]]},"properties":{"h":"residential","w":0.7}},{"type":"Feature","geometry":{"type":"LineString","coordinates":[[108.220005,16.034049],[108.219951,16.034524]]},"properties":{"h":"residential","w":0.7}},{"type":"Feature","geometry":{"type":"LineString","coordinates":[[108.220005,16.034049],[108.219098,16.033942]]},"properties":{"h":"residential","w":0.7}},{"type":"Feature","geometry":{"type":"LineString","coordinates":[[108.214207,16.036487],[108.214688,16.036535]]},"properties":{"h":"residential","w":0.7}},{"type":"Feature","geometry":{"type":"LineString","coordinates":[[108.214207,16.036487],[108.213734,16.036599]]},"properties":{"h":"residential","w":0.7}},{"type":"Feature","geometry":{"type":"LineString","coordinates":[[108.214207,16.036487],[108.214053,16.037795]]},"properties":{"h":"tertiary","w":0.8}},{"type":"Feature","geometry":{"type":"LineString","coordinates":[[108.214207,16.036487],[108.214292,16.035874]]},"properties":{"h":"tertiary","w":0.8}},{"type":"Feature","geometry":{"type":"LineString","coordinates":[[108.213473,16.038547],[108.212,16.038366]]},"properties":{"h":"residential","w":0.7}},{"type":"Feature","geometry":{"type":"LineString","coordinates":[[108.213473,16.038547],[108.213526,16.03813]]},"properties":{"h":"residential","w":0.7}},{"type":"Feature","geometry":{"type":"LineString","coordinates":[[108.213473,16.038547],[108.213422,16.03899]]},"properties":{"h":"residential","w":0.7}},{"type":"Feature","geometry":{"type":"LineString","coordinates":[[108.212765,16.043879],[108.212823,16.043479]]},"properties":{"h":"residential","w":0.7}},{"type":"Feature","geometry":{"type":"LineString","coordinates":[[108.212765,16.043879],[108.211363,16.043705]]},"properties":{"h":"residential","w":0.7}},{"type":"Feature","geometry":{"type":"LineString","coordinates":[[108.212765,16.043879],[108.213304,16.043946]]},"properties":{"h":"residential","w":0.7}},{"type":"Feature","geometry":{"type":"LineString","coordinates":[[108.220566,16.029692],[108.220153,16.029643]]},"properties":{"h":"residential","w":0.7}},{"type":"Feature","geometry":{"type":"LineString","coordinates":[[108.220566,16.029692],[108.220732,16.028698]]},"properties":{"h":"residential","w":0.7}},{"type":"Feature","geometry":{"type":"LineString","coordinates":[[108.220566,16.029692],[108.221076,16.029744]]},"properties":{"h":"residential","w":0.7}},{"type":"Feature","geometry":{"type":"LineString","coordinates":[[108.220566,16.029692],[108.220491,16.030183]]},"properties":{"h":"residential","w":0.7}},{"type":"Feature","geometry":{"type":"LineString","coordinates":[[108.228352,16.031543],[108.228794,16.031564]]},"properties":{"h":"residential","w":0.7}},{"type":"Feature","geometry":{"type":"LineString","coordinates":[[108.228352,16.031543],[108.227739,16.031535]]},"properties":{"h":"residential","w":0.7}},{"type":"Feature","geometry":{"type":"LineString","coordinates":[[108.228352,16.031543],[108.228414,16.031152]]},"properties":{"h":"residential","w":0.7}},{"type":"Feature","geometry":{"type":"LineString","coordinates":[[108.221282,16.04509],[108.222245,16.04523]]},"properties":{"h":"residential","w":0.7}},{"type":"Feature","geometry":{"type":"LineString","coordinates":[[108.221282,16.04509],[108.221397,16.044246]]},"properties":{"h":"secondary","w":1.3}},{"type":"Feature","geometry":{"type":"LineString","coordinates":[[108.221282,16.04509],[108.221204,16.045723]]},"properties":{"h":"secondary","w":1.3}},{"type":"Feature","geometry":{"type":"LineString","coordinates":[[108.220665,16.037282],[108.220589,16.037653]]},"properties":{"h":"residential","w":0.7}},{"type":"Feature","geometry":{"type":"LineString","coordinates":[[108.220665,16.037282],[108.222124,16.037548]]},"properties":{"h":"tertiary","w":0.8}},{"type":"Feature","geometry":{"type":"LineString","coordinates":[[108.220665,16.037282],[108.219875,16.037083]]},"properties":{"h":"tertiary","w":0.8}},{"type":"Feature","geometry":{"type":"LineString","coordinates":[[108.219199,16.044775],[108.218753,16.044715]]},"properties":{"h":"residential","w":0.7}},{"type":"Feature","geometry":{"type":"LineString","coordinates":[[108.219199,16.044775],[108.220401,16.04494]]},"properties":{"h":"residential","w":0.7}},{"type":"Feature","geometry":{"type":"LineString","coordinates":[[108.219199,16.044775],[108.219231,16.044339]]},"properties":{"h":"residential","w":0.7}},{"type":"Feature","geometry":{"type":"LineString","coordinates":[[108.219199,16.044775],[108.219148,16.045694]]},"properties":{"h":"residential","w":0.7}},{"type":"Feature","geometry":{"type":"LineString","coordinates":[[108.224846,16.03002],[108.224851,16.030313]]},"properties":{"h":"residential","w":0.7}},{"type":"Feature","geometry":{"type":"LineString","coordinates":[[108.224846,16.03002],[108.22525,16.03001],[108.225513,16.030057]]},"properties":{"h":"residential","w":0.7}},{"type":"Feature","geometry":{"type":"LineString","coordinates":[[108.224846,16.03002],[108.224563,16.030026],[108.223937,16.029935],[108.223609,16.029942],[108.223432,16.029969]]},"properties":{"h":"residential","w":0.7}},{"type":"Feature","geometry":{"type":"LineString","coordinates":[[108.217386,16.032591],[108.217352,16.032956]]},"properties":{"h":"residential","w":0.7}},{"type":"Feature","geometry":{"type":"LineString","coordinates":[[108.217386,16.032591],[108.216067,16.032441]]},"properties":{"h":"residential","w":0.7}},{"type":"Feature","geometry":{"type":"LineString","coordinates":[[108.217386,16.032591],[108.217429,16.032289]]},"properties":{"h":"residential","w":0.7}},{"type":"Feature","geometry":{"type":"LineString","coordinates":[[108.217386,16.032591],[108.218645,16.032732]]},"properties":{"h":"residential","w":0.7}},{"type":"Feature","geometry":{"type":"LineString","coordinates":[[108.226509,16.032457],[108.225499,16.032426]]},"properties":{"h":"residential","w":0.7}},{"type":"Feature","geometry":{"type":"LineString","coordinates":[[108.226509,16.032457],[108.226529,16.031945]]},"properties":{"h":"residential","w":0.7}},{"type":"Feature","geometry":{"type":"LineString","coordinates":[[108.226509,16.032457],[108.226525,16.033235]]},"properties":{"h":"residential","w":0.7}},{"type":"Feature","geometry":{"type":"LineString","coordinates":[[108.226509,16.032457],[108.228045,16.032468],[108.228576,16.032566]]},"properties":{"h":"residential","w":0.7}},{"type":"Feature","geometry":{"type":"LineString","coordinates":[[108.224119,16.0316],[108.225511,16.031601]]},"properties":{"h":"residential","w":0.7}},{"type":"Feature","geometry":{"type":"LineString","coordinates":[[108.224119,16.0316],[108.224213,16.03194]]},"properties":{"h":"trunk","w":2.2}},{"type":"Feature","geometry":{"type":"LineString","coordinates":[[108.218385,16.043556],[108.218839,16.043602]]},"properties":{"h":"residential","w":0.7}},{"type":"Feature","geometry":{"type":"LineString","coordinates":[[108.218385,16.043556],[108.218089,16.043524]]},"properties":{"h":"residential","w":0.7}},{"type":"Feature","geometry":{"type":"LineString","coordinates":[[108.218385,16.043556],[108.218245,16.044678]]},"properties":{"h":"residential","w":0.7}},{"type":"Feature","geometry":{"type":"LineString","coordinates":[[108.218385,16.043556],[108.218461,16.043059],[108.218438,16.043036],[108.218182,16.043002]]},"properties":{"h":"residential","w":0.7}},{"type":"Feature","geometry":{"type":"LineString","coordinates":[[108.229566,16.030899],[108.228971,16.03078]]},"properties":{"h":"residential","w":0.7}},{"type":"Feature","geometry":{"type":"LineString","coordinates":[[108.229566,16.030899],[108.230255,16.031038]]},"properties":{"h":"residential","w":0.7}},{"type":"Feature","geometry":{"type":"LineString","coordinates":[[108.229566,16.030899],[108.229785,16.029993]]},"properties":{"h":"tertiary","w":0.8}},{"type":"Feature","geometry":{"type":"LineString","coordinates":[[108.229566,16.030899],[108.229173,16.032693]]},"properties":{"h":"tertiary","w":0.8}},{"type":"Feature","geometry":{"type":"LineString","coordinates":[[108.214852,16.039142],[108.215267,16.039189]]},"properties":{"h":"residential","w":0.7}},{"type":"Feature","geometry":{"type":"LineString","coordinates":[[108.214852,16.039142],[108.214981,16.037911]]},"properties":{"h":"residential","w":0.7}},{"type":"Feature","geometry":{"type":"LineString","coordinates":[[108.214852,16.039142],[108.214418,16.039093]]},"properties":{"h":"residential","w":0.7}},{"type":"Feature","geometry":{"type":"LineString","coordinates":[[108.21489,16.031086],[108.216254,16.031225]]},"properties":{"h":"residential","w":0.7}},{"type":"Feature","geometry":{"type":"LineString","coordinates":[[108.21489,16.031086],[108.214844,16.031403]]},"properties":{"h":"residential","w":0.7}},{"type":"Feature","geometry":{"type":"LineString","coordinates":[[108.218989,16.029982],[108.220491,16.030183]]},"properties":{"h":"residential","w":0.7}},{"type":"Feature","geometry":{"type":"LineString","coordinates":[[108.218989,16.029982],[108.219059,16.029512]]},"properties":{"h":"secondary","w":1.3}},{"type":"Feature","geometry":{"type":"LineString","coordinates":[[108.218989,16.029982],[108.218774,16.031532]]},"properties":{"h":"secondary","w":1.3}},{"type":"Feature","geometry":{"type":"LineString","coordinates":[[108.228576,16.032566],[108.228697,16.031949]]},"properties":{"h":"residential","w":0.7}},{"type":"Feature","geometry":{"type":"LineString","coordinates":[[108.228576,16.032566],[108.229173,16.032693]]},"properties":{"h":"residential","w":0.7}},{"type":"Feature","geometry":{"type":"LineString","coordinates":[[108.228576,16.032566],[108.228045,16.032468],[108.226509,16.032457]]},"properties":{"h":"residential","w":0.7}},{"type":"Feature","geometry":{"type":"LineString","coordinates":[[108.221335,16.034702],[108.220875,16.034633]]},"properties":{"h":"residential","w":0.7}},{"type":"Feature","geometry":{"type":"LineString","coordinates":[[108.221335,16.034702],[108.221781,16.034757]]},"properties":{"h":"residential","w":0.7}},{"type":"Feature","geometry":{"type":"LineString","coordinates":[[108.221335,16.034702],[108.221468,16.033447]]},"properties":{"h":"residential","w":0.7}},{"type":"Feature","geometry":{"type":"LineString","coordinates":[[108.217708,16.036441],[108.217622,16.036406]]},"properties":{"h":"tertiary","w":0.8}},{"type":"Feature","geometry":{"type":"LineString","coordinates":[[108.217708,16.036441],[108.217826,16.035713]]},"properties":{"h":"residential","w":0.7}},{"type":"Feature","geometry":{"type":"LineString","coordinates":[[108.217708,16.036441],[108.218193,16.036665]]},"properties":{"h":"tertiary","w":0.8}},{"type":"Feature","geometry":{"type":"LineString","coordinates":[[108.207881,16.046668],[108.207979,16.046539]]},"properties":{"h":"residential","w":0.7}},{"type":"Feature","geometry":{"type":"LineString","coordinates":[[108.207881,16.046668],[108.207684,16.046836]]},"properties":{"h":"residential","w":0.7}},{"type":"Feature","geometry":{"type":"LineString","coordinates":[[108.207881,16.046668],[108.20841,16.047445]]},"properties":{"h":"residential","w":0.7}},{"type":"Feature","geometry":{"type":"LineString","coordinates":[[108.214563,16.037861],[108.214688,16.036535]]},"properties":{"h":"residential","w":0.7}},{"type":"Feature","geometry":{"type":"LineString","coordinates":[[108.214563,16.037861],[108.214418,16.039093]]},"properties":{"h":"residential","w":0.7}},{"type":"Feature","geometry":{"type":"LineString","coordinates":[[108.214563,16.037861],[108.214053,16.037795]]},"properties":{"h":"residential","w":0.7}},{"type":"Feature","geometry":{"type":"LineString","coordinates":[[108.214563,16.037861],[108.214981,16.037911]]},"properties":{"h":"residential","w":0.7}},{"type":"Feature","geometry":{"type":"LineString","coordinates":[[108.231776,16.032751],[108.231718,16.032706]]},"properties":{"h":"residential","w":0.7}},{"type":"Feature","geometry":{"type":"LineString","coordinates":[[108.231776,16.032751],[108.231797,16.032689]]},"properties":{"h":"residential","w":0.7}},{"type":"Feature","geometry":{"type":"LineString","coordinates":[[108.231776,16.032751],[108.231682,16.033199]]},"properties":{"h":"residential","w":0.7}},{"type":"Feature","geometry":{"type":"LineString","coordinates":[[108.225491,16.033034],[108.225499,16.032426]]},"properties":{"h":"residential","w":0.7}},{"type":"Feature","geometry":{"type":"LineString","coordinates":[[108.225491,16.033034],[108.225484,16.033209]]},"properties":{"h":"tertiary","w":0.8}},{"type":"Feature","geometry":{"type":"LineString","coordinates":[[108.225491,16.033034],[108.226525,16.033235]]},"properties":{"h":"tertiary","w":0.8}},{"type":"Feature","geometry":{"type":"LineString","coordinates":[[108.217598,16.037951],[108.21669,16.037845]]},"properties":{"h":"residential","w":0.7}},{"type":"Feature","geometry":{"type":"LineString","coordinates":[[108.217598,16.037951],[108.217547,16.038361]]},"properties":{"h":"residential","w":0.7}},{"type":"Feature","geometry":{"type":"LineString","coordinates":[[108.217598,16.037951],[108.217665,16.037455]]},"properties":{"h":"residential","w":0.7}},{"type":"Feature","geometry":{"type":"LineString","coordinates":[[108.213526,16.03813],[108.213577,16.037758]]},"properties":{"h":"residential","w":0.7}},{"type":"Feature","geometry":{"type":"LineString","coordinates":[[108.213526,16.03813],[108.213473,16.038547]]},"properties":{"h":"residential","w":0.7}},{"type":"Feature","geometry":{"type":"LineString","coordinates":[[108.213526,16.03813],[108.2131,16.038083]]},"properties":{"h":"residential","w":0.7}},{"type":"Feature","geometry":{"type":"LineString","coordinates":[[108.220732,16.028698],[108.221216,16.028745]]},"properties":{"h":"residential","w":0.7}},{"type":"Feature","geometry":{"type":"LineString","coordinates":[[108.220732,16.028698],[108.220284,16.028652]]},"properties":{"h":"residential","w":0.7}},{"type":"Feature","geometry":{"type":"LineString","coordinates":[[108.220732,16.028698],[108.220566,16.029692]]},"properties":{"h":"residential","w":0.7}},{"type":"Feature","geometry":{"type":"LineString","coordinates":[[108.220732,16.028698],[108.220777,16.028252],[108.220819,16.028177]]},"properties":{"h":"residential","w":0.7}},{"type":"Feature","geometry":{"type":"LineString","coordinates":[[108.216067,16.032441],[108.216027,16.032823]]},"properties":{"h":"residential","w":0.7}},{"type":"Feature","geometry":{"type":"LineString","coordinates":[[108.216067,16.032441],[108.216114,16.032145]]},"properties":{"h":"residential","w":0.7}},{"type":"Feature","geometry":{"type":"LineString","coordinates":[[108.216067,16.032441],[108.217386,16.032591]]},"properties":{"h":"residential","w":0.7}},{"type":"Feature","geometry":{"type":"LineString","coordinates":[[108.216067,16.032441],[108.214745,16.032292]]},"properties":{"h":"residential","w":0.7}},{"type":"Feature","geometry":{"type":"LineString","coordinates":[[108.216883,16.044809],[108.216813,16.044819]]},"properties":{"h":"secondary","w":1.3}},{"type":"Feature","geometry":{"type":"LineString","coordinates":[[108.216883,16.044809],[108.217095,16.044662]]},"properties":{"h":"secondary","w":1.3}},{"type":"Feature","geometry":{"type":"LineString","coordinates":[[108.221781,16.034757],[108.221335,16.034702]]},"properties":{"h":"residential","w":0.7}},{"type":"Feature","geometry":{"type":"LineString","coordinates":[[108.221781,16.034757],[108.222484,16.034816]]},"properties":{"h":"residential","w":0.7}},{"type":"Feature","geometry":{"type":"LineString","coordinates":[[108.221781,16.034757],[108.221716,16.035206]]},"properties":{"h":"residential","w":0.7}},{"type":"Feature","geometry":{"type":"LineString","coordinates":[[108.221781,16.034757],[108.221869,16.034059]]},"properties":{"h":"residential","w":0.7}},{"type":"Feature","geometry":{"type":"LineString","coordinates":[[108.215267,16.039189],[108.215721,16.039254]]},"properties":{"h":"residential","w":0.7}},{"type":"Feature","geometry":{"type":"LineString","coordinates":[[108.215267,16.039189],[108.214852,16.039142]]},"properties":{"h":"residential","w":0.7}},{"type":"Feature","geometry":{"type":"LineString","coordinates":[[108.215267,16.039189],[108.215413,16.037957]]},"properties":{"h":"residential","w":0.7}},{"type":"Feature","geometry":{"type":"LineString","coordinates":[[108.234222,16.034774],[108.234237,16.035091],[108.2342,16.035365]]},"properties":{"h":"tertiary","w":0.8}},{"type":"Feature","geometry":{"type":"LineString","coordinates":[[108.234222,16.034774],[108.234198,16.034647],[108.233644,16.032919]]},"properties":{"h":"tertiary","w":0.8}},{"type":"Feature","geometry":{"type":"LineString","coordinates":[[108.234222,16.034774],[108.233408,16.034619]]},"properties":{"h":"tertiary","w":0.8}},{"type":"Feature","geometry":{"type":"LineString","coordinates":[[108.213838,16.04395],[108.213802,16.044209]]},"properties":{"h":"residential","w":0.7}},{"type":"Feature","geometry":{"type":"LineString","coordinates":[[108.213838,16.04395],[108.213877,16.043643]]},"properties":{"h":"residential","w":0.7}},{"type":"Feature","geometry":{"type":"LineString","coordinates":[[108.213838,16.04395],[108.21408,16.043941]]},"properties":{"h":"residential","w":0.7}},{"type":"Feature","geometry":{"type":"LineString","coordinates":[[108.216323,16.038599],[108.217506,16.038729]]},"properties":{"h":"residential","w":0.7}},{"type":"Feature","geometry":{"type":"LineString","coordinates":[[108.216323,16.038599],[108.21629,16.038947]]},"properties":{"h":"residential","w":0.7}},{"type":"Feature","geometry":{"type":"LineString","coordinates":[[108.216323,16.038599],[108.216365,16.038237]]},"properties":{"h":"residential","w":0.7}},{"type":"Feature","geometry":{"type":"LineString","coordinates":[[108.210417,16.04023],[108.210363,16.039698]]},"properties":{"h":"primary","w":1.8}},{"type":"Feature","geometry":{"type":"LineString","coordinates":[[108.210417,16.04023],[108.209697,16.040129]]},"properties":{"h":"residential","w":0.7}},{"type":"Feature","geometry":{"type":"LineString","coordinates":[[108.217295,16.033406],[108.217352,16.032956]]},"properties":{"h":"residential","w":0.7}},{"type":"Feature","geometry":{"type":"LineString","coordinates":[[108.217295,16.033406],[108.217207,16.034223]]},"properties":{"h":"residential","w":0.7}},{"type":"Feature","geometry":{"type":"LineString","coordinates":[[108.217295,16.033406],[108.21687,16.033372]]},"properties":{"h":"residential","w":0.7}},{"type":"Feature","geometry":{"type":"LineString","coordinates":[[108.222141,16.055495],[108.222251,16.055491]]},"properties":{"h":"residential","w":0.7}},{"type":"Feature","geometry":{"type":"LineString","coordinates":[[108.222141,16.055495],[108.22212,16.055094]]},"properties":{"h":"primary","w":1.8}},{"type":"Feature","geometry":{"type":"LineString","coordinates":[[108.222141,16.055495],[108.221348,16.055533]]},"properties":{"h":"residential","w":0.7}},{"type":"Feature","geometry":{"type":"LineString","coordinates":[[108.227385,16.03114],[108.227362,16.03194]]},"properties":{"h":"residential","w":0.7}},{"type":"Feature","geometry":{"type":"LineString","coordinates":[[108.227385,16.03114],[108.227385,16.030399]]},"properties":{"h":"residential","w":0.7}},{"type":"Feature","geometry":{"type":"LineString","coordinates":[[108.227385,16.03114],[108.227015,16.031135]]},"properties":{"h":"residential","w":0.7}},{"type":"Feature","geometry":{"type":"LineString","coordinates":[[108.227385,16.03114],[108.227738,16.031144]]},"properties":{"h":"residential","w":0.7}},{"type":"Feature","geometry":{"type":"LineString","coordinates":[[108.208541,16.04442],[108.208297,16.044205]]},"properties":{"h":"residential","w":0.7}},{"type":"Feature","geometry":{"type":"LineString","coordinates":[[108.208541,16.04442],[108.208551,16.04443]]},"properties":{"h":"residential","w":0.7}},{"type":"Feature","geometry":{"type":"LineString","coordinates":[[108.208541,16.04442],[108.208755,16.044024]]},"properties":{"h":"residential","w":0.7}},{"type":"Feature","geometry":{"type":"LineString","coordinates":[[108.221204,16.045723],[108.221723,16.0458],[108.22176,16.045853]]},"properties":{"h":"residential","w":0.7}},{"type":"Feature","geometry":{"type":"LineString","coordinates":[[108.221204,16.045723],[108.221282,16.04509]]},"properties":{"h":"secondary","w":1.3}},{"type":"Feature","geometry":{"type":"LineString","coordinates":[[108.221204,16.045723],[108.221138,16.046217],[108.221097,16.046389]]},"properties":{"h":"secondary","w":1.3}},{"type":"Feature","geometry":{"type":"LineString","coordinates":[[108.218753,16.044715],[108.219199,16.044775]]},"properties":{"h":"residential","w":0.7}},{"type":"Feature","geometry":{"type":"LineString","coordinates":[[108.218753,16.044715],[108.218245,16.044678]]},"properties":{"h":"residential","w":0.7}},{"type":"Feature","geometry":{"type":"LineString","coordinates":[[108.218753,16.044715],[108.218839,16.043602]]},"properties":{"h":"residential","w":0.7}},{"type":"Feature","geometry":{"type":"LineString","coordinates":[[108.221767,16.028798],[108.222195,16.028697]]},"properties":{"h":"residential","w":0.7}},{"type":"Feature","geometry":{"type":"LineString","coordinates":[[108.221767,16.028798],[108.221216,16.028745]]},"properties":{"h":"residential","w":0.7}},{"type":"Feature","geometry":{"type":"LineString","coordinates":[[108.221767,16.028798],[108.221964,16.029584]]},"properties":{"h":"residential","w":0.7}},{"type":"Feature","geometry":{"type":"LineString","coordinates":[[108.209697,16.040129],[108.20973,16.039824],[108.20972,16.039575],[108.209495,16.038595]]},"properties":{"h":"residential","w":0.7}},{"type":"Feature","geometry":{"type":"LineString","coordinates":[[108.209697,16.040129],[108.209667,16.040377]]},"properties":{"h":"residential","w":0.7}},{"type":"Feature","geometry":{"type":"LineString","coordinates":[[108.209697,16.040129],[108.209255,16.040059],[108.207625,16.042373]]},"properties":{"h":"residential","w":0.7}},{"type":"Feature","geometry":{"type":"LineString","coordinates":[[108.209697,16.040129],[108.210417,16.04023]]},"properties":{"h":"residential","w":0.7}},{"type":"Feature","geometry":{"type":"LineString","coordinates":[[108.232801,16.032063],[108.232655,16.031489]]},"properties":{"h":"residential","w":0.7}},{"type":"Feature","geometry":{"type":"LineString","coordinates":[[108.232801,16.032063],[108.232492,16.031993]]},"properties":{"h":"residential","w":0.7}},{"type":"Feature","geometry":{"type":"LineString","coordinates":[[108.232801,16.032063],[108.232911,16.03253]]},"properties":{"h":"residential","w":0.7}},{"type":"Feature","geometry":{"type":"LineString","coordinates":[[108.21289,16.036785],[108.213261,16.03671]]},"properties":{"h":"residential","w":0.7}},{"type":"Feature","geometry":{"type":"LineString","coordinates":[[108.21289,16.036785],[108.211779,16.037033]]},"properties":{"h":"residential","w":0.7}},{"type":"Feature","geometry":{"type":"LineString","coordinates":[[108.215413,16.037957],[108.214981,16.037911]]},"properties":{"h":"residential","w":0.7}},{"type":"Feature","geometry":{"type":"LineString","coordinates":[[108.215413,16.037957],[108.215896,16.03819]]},"properties":{"h":"residential","w":0.7}},{"type":"Feature","geometry":{"type":"LineString","coordinates":[[108.215413,16.037957],[108.215951,16.037096]]},"properties":{"h":"residential","w":0.7}},{"type":"Feature","geometry":{"type":"LineString","coordinates":[[108.215413,16.037957],[108.215267,16.039189]]},"properties":{"h":"residential","w":0.7}},{"type":"Feature","geometry":{"type":"LineString","coordinates":[[108.220495,16.038163],[108.220546,16.037868]]},"properties":{"h":"residential","w":0.7}},{"type":"Feature","geometry":{"type":"LineString","coordinates":[[108.220495,16.038163],[108.220098,16.038049]]},"properties":{"h":"residential","w":0.7}},{"type":"Feature","geometry":{"type":"LineString","coordinates":[[108.220495,16.038163],[108.22043,16.038636],[108.219981,16.038558],[108.220013,16.038412]]},"properties":{"h":"residential","w":0.7}},{"type":"Feature","geometry":{"type":"LineString","coordinates":[[108.209868,16.042008],[108.209484,16.042661]]},"properties":{"h":"residential","w":0.7}},{"type":"Feature","geometry":{"type":"LineString","coordinates":[[108.209868,16.042008],[108.210222,16.042041]]},"properties":{"h":"residential","w":0.7}},{"type":"Feature","geometry":{"type":"LineString","coordinates":[[108.209868,16.042008],[108.209446,16.041709]]},"properties":{"h":"residential","w":0.7}},{"type":"Feature","geometry":{"type":"LineString","coordinates":[[108.221869,16.034059],[108.222118,16.034095]]},"properties":{"h":"residential","w":0.7}},{"type":"Feature","geometry":{"type":"LineString","coordinates":[[108.221869,16.034059],[108.221781,16.034757]]},"properties":{"h":"residential","w":0.7}},{"type":"Feature","geometry":{"type":"LineString","coordinates":[[108.221869,16.034059],[108.221917,16.033513],[108.221877,16.033474],[108.221468,16.033447]]},"properties":{"h":"residential","w":0.7}},{"type":"Feature","geometry":{"type":"LineString","coordinates":[[108.226525,16.033235],[108.226509,16.032457]]},"properties":{"h":"residential","w":0.7}},{"type":"Feature","geometry":{"type":"LineString","coordinates":[[108.226525,16.033235],[108.228944,16.033754]]},"properties":{"h":"tertiary","w":0.8}},{"type":"Feature","geometry":{"type":"LineString","coordinates":[[108.227029,16.030263],[108.227015,16.031135]]},"properties":{"h":"residential","w":0.7}},{"type":"Feature","geometry":{"type":"LineString","coordinates":[[108.227029,16.030263],[108.227385,16.030399]]},"properties":{"h":"residential","w":0.7}},{"type":"Feature","geometry":{"type":"LineString","coordinates":[[108.227029,16.030263],[108.226574,16.03009]]},"properties":{"h":"residential","w":0.7}},{"type":"Feature","geometry":{"type":"LineString","coordinates":[[108.218487,16.039569],[108.218883,16.03962]]},"properties":{"h":"residential","w":0.7}},{"type":"Feature","geometry":{"type":"LineString","coordinates":[[108.218487,16.039569],[108.218617,16.038486]]},"properties":{"h":"residential","w":0.7}},{"type":"Feature","geometry":{"type":"LineString","coordinates":[[108.218487,16.039569],[108.217874,16.039496]]},"properties":{"h":"residential","w":0.7}},{"type":"Feature","geometry":{"type":"LineString","coordinates":[[108.218259,16.045325],[108.218205,16.045058],[108.218245,16.044678]]},"properties":{"h":"residential","w":0.7}},{"type":"Feature","geometry":{"type":"LineString","coordinates":[[108.218259,16.045325],[108.217799,16.045115]]},"properties":{"h":"secondary","w":1.3}},{"type":"Feature","geometry":{"type":"LineString","coordinates":[[108.218259,16.045325],[108.218438,16.045413]]},"properties":{"h":"secondary","w":1.3}},{"type":"Feature","geometry":{"type":"LineString","coordinates":[[108.227735,16.031945],[108.227739,16.031535]]},"properties":{"h":"residential","w":0.7}},{"type":"Feature","geometry":{"type":"LineString","coordinates":[[108.227735,16.031945],[108.228697,16.031949]]},"properties":{"h":"residential","w":0.7}},{"type":"Feature","geometry":{"type":"LineString","coordinates":[[108.227735,16.031945],[108.227362,16.03194]]},"properties":{"h":"residential","w":0.7}},{"type":"Feature","geometry":{"type":"LineString","coordinates":[[108.20895,16.0414],[108.209204,16.041046]]},"properties":{"h":"residential","w":0.7}},{"type":"Feature","geometry":{"type":"LineString","coordinates":[[108.20895,16.0414],[108.208021,16.042721],[108.207902,16.042932],[108.207894,16.042988],[108.207911,16.04304],[108.208316,16.043282]]},"properties":{"h":"residential","w":0.7}},{"type":"Feature","geometry":{"type":"LineString","coordinates":[[108.20895,16.0414],[108.209446,16.041709]]},"properties":{"h":"residential","w":0.7}},{"type":"Feature","geometry":{"type":"LineString","coordinates":[[108.220761,16.035524],[108.220269,16.03545]]},"properties":{"h":"residential","w":0.7}},{"type":"Feature","geometry":{"type":"LineString","coordinates":[[108.220761,16.035524],[108.220825,16.035081]]},"properties":{"h":"residential","w":0.7}},{"type":"Feature","geometry":{"type":"LineString","coordinates":[[108.220761,16.035524],[108.221655,16.035656]]},"properties":{"h":"residential","w":0.7}},{"type":"Feature","geometry":{"type":"LineString","coordinates":[[108.229965,16.032355],[108.230055,16.031963]]},"properties":{"h":"residential","w":0.7}},{"type":"Feature","geometry":{"type":"LineString","coordinates":[[108.229965,16.032355],[108.229848,16.032812]]},"properties":{"h":"residential","w":0.7}},{"type":"Feature","geometry":{"type":"LineString","coordinates":[[108.229965,16.032355],[108.231718,16.032706]]},"properties":{"h":"residential","w":0.7}},{"type":"Feature","geometry":{"type":"LineString","coordinates":[[108.217826,16.035713],[108.217856,16.035346]]},"properties":{"h":"residential","w":0.7}},{"type":"Feature","geometry":{"type":"LineString","coordinates":[[108.217826,16.035713],[108.217049,16.035636]]},"properties":{"h":"residential","w":0.7}},{"type":"Feature","geometry":{"type":"LineString","coordinates":[[108.217826,16.035713],[108.217708,16.036441]]},"properties":{"h":"residential","w":0.7}},{"type":"Feature","geometry":{"type":"LineString","coordinates":[[108.217733,16.032988],[108.218097,16.033039]]},"properties":{"h":"residential","w":0.7}},{"type":"Feature","geometry":{"type":"LineString","coordinates":[[108.217733,16.032988],[108.217352,16.032956]]},"properties":{"h":"residential","w":0.7}},{"type":"Feature","geometry":{"type":"LineString","coordinates":[[108.217733,16.032988],[108.217589,16.034258]]},"properties":{"h":"residential","w":0.7}},{"type":"Feature","geometry":{"type":"LineString","coordinates":[[108.222572,16.03417],[108.222118,16.034095]]},"properties":{"h":"residential","w":0.7}},{"type":"Feature","geometry":{"type":"LineString","coordinates":[[108.222572,16.03417],[108.222697,16.033248]]},"properties":{"h":"secondary","w":1.3}},{"type":"Feature","geometry":{"type":"LineString","coordinates":[[108.222572,16.03417],[108.222484,16.034816]]},"properties":{"h":"secondary","w":1.3}},{"type":"Feature","geometry":{"type":"LineString","coordinates":[[108.218245,16.044678],[108.218753,16.044715]]},"properties":{"h":"residential","w":0.7}},{"type":"Feature","geometry":{"type":"LineString","coordinates":[[108.218245,16.044678],[108.218205,16.045058],[108.218259,16.045325]]},"properties":{"h":"residential","w":0.7}},{"type":"Feature","geometry":{"type":"LineString","coordinates":[[108.218245,16.044678],[108.218385,16.043556]]},"properties":{"h":"residential","w":0.7}},{"type":"Feature","geometry":{"type":"LineString","coordinates":[[108.214745,16.032292],[108.214699,16.032666]]},"properties":{"h":"tertiary","w":0.8}},{"type":"Feature","geometry":{"type":"LineString","coordinates":[[108.214745,16.032292],[108.216067,16.032441]]},"properties":{"h":"residential","w":0.7}},{"type":"Feature","geometry":{"type":"LineString","coordinates":[[108.214745,16.032292],[108.214787,16.031984]]},"properties":{"h":"tertiary","w":0.8}},{"type":"Feature","geometry":{"type":"LineString","coordinates":[[108.219012,16.038522],[108.219079,16.037852],[108.219226,16.036923]]},"properties":{"h":"residential","w":0.7}},{"type":"Feature","geometry":{"type":"LineString","coordinates":[[108.219012,16.038522],[108.218932,16.039298]]},"properties":{"h":"residential","w":0.7}},{"type":"Feature","geometry":{"type":"LineString","coordinates":[[108.219012,16.038522],[108.218617,16.038486]]},"properties":{"h":"residential","w":0.7}},{"type":"Feature","geometry":{"type":"LineString","coordinates":[[108.21747,16.039068],[108.217506,16.038729]]},"properties":{"h":"residential","w":0.7}},{"type":"Feature","geometry":{"type":"LineString","coordinates":[[108.21747,16.039068],[108.217423,16.039445]]},"properties":{"h":"residential","w":0.7}},{"type":"Feature","geometry":{"type":"LineString","coordinates":[[108.21747,16.039068],[108.21629,16.038947]]},"properties":{"h":"residential","w":0.7}},{"type":"Feature","geometry":{"type":"LineString","coordinates":[[108.211363,16.043705],[108.211414,16.043314]]},"properties":{"h":"residential","w":0.7}},{"type":"Feature","geometry":{"type":"LineString","coordinates":[[108.211363,16.043705],[108.212765,16.043879]]},"properties":{"h":"residential","w":0.7}},{"type":"Feature","geometry":{"type":"LineString","coordinates":[[108.211363,16.043705],[108.211297,16.044153]]},"properties":{"h":"residential","w":0.7}},{"type":"Feature","geometry":{"type":"LineString","coordinates":[[108.220875,16.034633],[108.221335,16.034702]]},"properties":{"h":"residential","w":0.7}},{"type":"Feature","geometry":{"type":"LineString","coordinates":[[108.220875,16.034633],[108.221038,16.033384]]},"properties":{"h":"residential","w":0.7}},{"type":"Feature","geometry":{"type":"LineString","coordinates":[[108.220875,16.034633],[108.220825,16.035081]]},"properties":{"h":"residential","w":0.7}},{"type":"Feature","geometry":{"type":"LineString","coordinates":[[108.220875,16.034633],[108.220397,16.034575]]},"properties":{"h":"residential","w":0.7}},{"type":"Feature","geometry":{"type":"LineString","coordinates":[[108.21488,16.035439],[108.215062,16.033991]]},"properties":{"h":"residential","w":0.7}},{"type":"Feature","geometry":{"type":"LineString","coordinates":[[108.21488,16.035439],[108.215566,16.035517]]},"properties":{"h":"residential","w":0.7}},{"type":"Feature","geometry":{"type":"LineString","coordinates":[[108.216472,16.03332],[108.216373,16.034134]]},"properties":{"h":"residential","w":0.7}},{"type":"Feature","geometry":{"type":"LineString","coordinates":[[108.216472,16.03332],[108.21687,16.033372]]},"properties":{"h":"residential","w":0.7}},{"type":"Feature","geometry":{"type":"LineString","coordinates":[[108.216472,16.03332],[108.215973,16.033261]]},"properties":{"h":"residential","w":0.7}},{"type":"Feature","geometry":{"type":"LineString","coordinates":[[108.223651,16.055418],[108.223794,16.057389]]},"properties":{"h":"primary","w":1.8}},{"type":"Feature","geometry":{"type":"LineString","coordinates":[[108.223651,16.055418],[108.222847,16.055463]]},"properties":{"h":"residential","w":0.7}},{"type":"Feature","geometry":{"type":"LineString","coordinates":[[108.211861,16.037499],[108.210929,16.03772]]},"properties":{"h":"residential","w":0.7}},{"type":"Feature","geometry":{"type":"LineString","coordinates":[[108.211861,16.037499],[108.211779,16.037033]]},"properties":{"h":"residential","w":0.7}},{"type":"Feature","geometry":{"type":"LineString","coordinates":[[108.211861,16.037499],[108.21189,16.037622]]},"properties":{"h":"residential","w":0.7}},{"type":"Feature","geometry":{"type":"LineString","coordinates":[[108.211414,16.043314],[108.211467,16.042891]]},"properties":{"h":"residential","w":0.7}},{"type":"Feature","geometry":{"type":"LineString","coordinates":[[108.211414,16.043314],[108.211363,16.043705]]},"properties":{"h":"residential","w":0.7}},{"type":"Feature","geometry":{"type":"LineString","coordinates":[[108.211414,16.043314],[108.212823,16.043479]]},"properties":{"h":"residential","w":0.7}},{"type":"Feature","geometry":{"type":"LineString","coordinates":[[108.225499,16.032426],[108.225508,16.031945]]},"properties":{"h":"residential","w":0.7}},{"type":"Feature","geometry":{"type":"LineString","coordinates":[[108.225499,16.032426],[108.225491,16.033034]]},"properties":{"h":"residential","w":0.7}},{"type":"Feature","geometry":{"type":"LineString","coordinates":[[108.225499,16.032426],[108.226509,16.032457]]},"properties":{"h":"residential","w":0.7}},{"type":"Feature","geometry":{"type":"LineString","coordinates":[[108.215973,16.033261],[108.215882,16.034076]]},"properties":{"h":"residential","w":0.7}},{"type":"Feature","geometry":{"type":"LineString","coordinates":[[108.215973,16.033261],[108.216027,16.032823]]},"properties":{"h":"residential","w":0.7}},{"type":"Feature","geometry":{"type":"LineString","coordinates":[[108.215973,16.033261],[108.216472,16.03332]]},"properties":{"h":"residential","w":0.7}},{"type":"Feature","geometry":{"type":"LineString","coordinates":[[108.221556,16.053714],[108.221509,16.053562],[108.22151,16.05343],[108.221624,16.052308]]},"properties":{"h":"residential","w":0.7}},{"type":"Feature","geometry":{"type":"LineString","coordinates":[[108.221556,16.053714],[108.221882,16.053536]]},"properties":{"h":"residential","w":0.7}},{"type":"Feature","geometry":{"type":"LineString","coordinates":[[108.221556,16.053714],[108.220987,16.054024]]},"properties":{"h":"residential","w":0.7}},{"type":"Feature","geometry":{"type":"LineString","coordinates":[[108.225513,16.030057],[108.2255,16.03109]]},"properties":{"h":"residential","w":0.7}},{"type":"Feature","geometry":{"type":"LineString","coordinates":[[108.225513,16.030057],[108.225527,16.029626],[108.225824,16.028869]]},"properties":{"h":"residential","w":0.7}},{"type":"Feature","geometry":{"type":"LineString","coordinates":[[108.225513,16.030057],[108.226558,16.030214]]},"properties":{"h":"residential","w":0.7}},{"type":"Feature","geometry":{"type":"LineString","coordinates":[[108.225513,16.030057],[108.22525,16.03001],[108.224846,16.03002]]},"properties":{"h":"residential","w":0.7}},{"type":"Feature","geometry":{"type":"LineString","coordinates":[[108.231882,16.032313],[108.230055,16.031963]]},"properties":{"h":"residential","w":0.7}},{"type":"Feature","geometry":{"type":"LineString","coordinates":[[108.231882,16.032313],[108.232911,16.03253]]},"properties":{"h":"residential","w":0.7}},{"type":"Feature","geometry":{"type":"LineString","coordinates":[[108.231882,16.032313],[108.231973,16.031876]]},"properties":{"h":"residential","w":0.7}},{"type":"Feature","geometry":{"type":"LineString","coordinates":[[108.231882,16.032313],[108.231797,16.032689]]},"properties":{"h":"residential","w":0.7}},{"type":"Feature","geometry":{"type":"LineString","coordinates":[[108.217665,16.037455],[108.217139,16.037139]]},"properties":{"h":"residential","w":0.7}},{"type":"Feature","geometry":{"type":"LineString","coordinates":[[108.217665,16.037455],[108.218093,16.0375]]},"properties":{"h":"residential","w":0.7}},{"type":"Feature","geometry":{"type":"LineString","coordinates":[[108.217665,16.037455],[108.217598,16.037951]]},"properties":{"h":"residential","w":0.7}},{"type":"Feature","geometry":{"type":"LineString","coordinates":[[108.227002,16.031939],[108.227015,16.031135]]},"properties":{"h":"residential","w":0.7}},{"type":"Feature","geometry":{"type":"LineString","coordinates":[[108.227002,16.031939],[108.227362,16.03194]]},"properties":{"h":"residential","w":0.7}},{"type":"Feature","geometry":{"type":"LineString","coordinates":[[108.227002,16.031939],[108.226529,16.031945]]},"properties":{"h":"residential","w":0.7}},{"type":"Feature","geometry":{"type":"LineString","coordinates":[[108.209446,16.041709],[108.209503,16.041605],[108.209532,16.041212]]},"properties":{"h":"residential","w":0.7}},{"type":"Feature","geometry":{"type":"LineString","coordinates":[[108.209446,16.041709],[108.208973,16.042375]]},"properties":{"h":"residential","w":0.7}},{"type":"Feature","geometry":{"type":"LineString","coordinates":[[108.209446,16.041709],[108.209868,16.042008]]},"properties":{"h":"residential","w":0.7}},{"type":"Feature","geometry":{"type":"LineString","coordinates":[[108.209446,16.041709],[108.20895,16.0414]]},"properties":{"h":"residential","w":0.7}},{"type":"Feature","geometry":{"type":"LineString","coordinates":[[108.222097,16.046494],[108.221998,16.047382]]},"properties":{"h":"residential","w":0.7}},{"type":"Feature","geometry":{"type":"LineString","coordinates":[[108.222097,16.046494],[108.221771,16.046457]]},"properties":{"h":"secondary","w":1.3}},{"type":"Feature","geometry":{"type":"LineString","coordinates":[[108.222097,16.046494],[108.222587,16.046555]]},"properties":{"h":"secondary","w":1.3}},{"type":"Feature","geometry":{"type":"LineString","coordinates":[[108.222097,16.046494],[108.222245,16.04523]]},"properties":{"h":"residential","w":0.7}},{"type":"Feature","geometry":{"type":"LineString","coordinates":[[108.226532,16.031615],[108.226539,16.031138]]},"properties":{"h":"residential","w":0.7}},{"type":"Feature","geometry":{"type":"LineString","coordinates":[[108.226532,16.031615],[108.225511,16.031601]]},"properties":{"h":"residential","w":0.7}},{"type":"Feature","geometry":{"type":"LineString","coordinates":[[108.226532,16.031615],[108.226529,16.031945]]},"properties":{"h":"residential","w":0.7}},{"type":"Feature","geometry":{"type":"LineString","coordinates":[[108.214053,16.037795],[108.213577,16.037758]]},"properties":{"h":"residential","w":0.7}},{"type":"Feature","geometry":{"type":"LineString","coordinates":[[108.214053,16.037795],[108.214563,16.037861]]},"properties":{"h":"residential","w":0.7}},{"type":"Feature","geometry":{"type":"LineString","coordinates":[[108.214053,16.037795],[108.214207,16.036487]]},"properties":{"h":"tertiary","w":0.8}},{"type":"Feature","geometry":{"type":"LineString","coordinates":[[108.214053,16.037795],[108.213854,16.039033]]},"properties":{"h":"tertiary","w":0.8}},{"type":"Feature","geometry":{"type":"LineString","coordinates":[[108.219472,16.036985],[108.219875,16.037083]]},"properties":{"h":"tertiary","w":0.8}},{"type":"Feature","geometry":{"type":"LineString","coordinates":[[108.219472,16.036985],[108.219226,16.036923]]},"properties":{"h":"tertiary","w":0.8}},{"type":"Feature","geometry":{"type":"LineString","coordinates":[[108.219472,16.036985],[108.219767,16.035789]]},"properties":{"h":"residential","w":0.7}},{"type":"Feature","geometry":{"type":"LineString","coordinates":[[108.220273,16.031692],[108.22079,16.031772]]},"properties":{"h":"residential","w":0.7}},{"type":"Feature","geometry":{"type":"LineString","coordinates":[[108.220273,16.031692],[108.220388,16.030945]]},"properties":{"h":"residential","w":0.7}},{"type":"Feature","geometry":{"type":"LineString","coordinates":[[108.220273,16.031692],[108.218774,16.031532]]},"properties":{"h":"residential","w":0.7}},{"type":"Feature","geometry":{"type":"LineString","coordinates":[[108.220273,16.031692],[108.22015,16.032486]]},"properties":{"h":"residential","w":0.7}},{"type":"Feature","geometry":{"type":"LineString","coordinates":[[108.219297,16.043658],[108.21933,16.043243]]},"properties":{"h":"residential","w":0.7}},{"type":"Feature","geometry":{"type":"LineString","coordinates":[[108.219297,16.043658],[108.219799,16.043713]]},"properties":{"h":"residential","w":0.7}},{"type":"Feature","geometry":{"type":"LineString","coordinates":[[108.219297,16.043658],[108.218839,16.043602]]},"properties":{"h":"residential","w":0.7}},{"type":"Feature","geometry":{"type":"LineString","coordinates":[[108.219297,16.043658],[108.219231,16.044339]]},"properties":{"h":"residential","w":0.7}},{"type":"Feature","geometry":{"type":"LineString","coordinates":[[108.228944,16.033754],[108.228915,16.033912]]},"properties":{"h":"tertiary","w":0.8}},{"type":"Feature","geometry":{"type":"LineString","coordinates":[[108.228944,16.033754],[108.229057,16.033209]]},"properties":{"h":"tertiary","w":0.8}},{"type":"Feature","geometry":{"type":"LineString","coordinates":[[108.228944,16.033754],[108.231428,16.034233]]},"properties":{"h":"tertiary","w":0.8}},{"type":"Feature","geometry":{"type":"LineString","coordinates":[[108.214224,16.040677],[108.215504,16.040817]]},"properties":{"h":"residential","w":0.7}},{"type":"Feature","geometry":{"type":"LineString","coordinates":[[108.214224,16.040677],[108.213688,16.040619]]},"properties":{"h":"residential","w":0.7}},{"type":"Feature","geometry":{"type":"LineString","coordinates":[[108.214224,16.040677],[108.214032,16.042319]]},"properties":{"h":"residential","w":0.7}},{"type":"Feature","geometry":{"type":"LineString","coordinates":[[108.231682,16.033199],[108.233123,16.033528]]},"properties":{"h":"residential","w":0.7}},{"type":"Feature","geometry":{"type":"LineString","coordinates":[[108.231682,16.033199],[108.231776,16.032751]]},"properties":{"h":"residential","w":0.7}},{"type":"Feature","geometry":{"type":"LineString","coordinates":[[108.231682,16.033199],[108.231587,16.033653]]},"properties":{"h":"residential","w":0.7}},{"type":"Feature","geometry":{"type":"LineString","coordinates":[[108.231682,16.033199],[108.229848,16.032812]]},"properties":{"h":"residential","w":0.7}},{"type":"Feature","geometry":{"type":"LineString","coordinates":[[108.221655,16.035656],[108.221716,16.035206]]},"properties":{"h":"residential","w":0.7}},{"type":"Feature","geometry":{"type":"LineString","coordinates":[[108.221655,16.035656],[108.220761,16.035524]]},"properties":{"h":"residential","w":0.7}},{"type":"Feature","geometry":{"type":"LineString","coordinates":[[108.221655,16.035656],[108.222359,16.035755]]},"properties":{"h":"residential","w":0.7}},{"type":"Feature","geometry":{"type":"LineString","coordinates":[[108.221216,16.028745],[108.220732,16.028698]]},"properties":{"h":"residential","w":0.7}},{"type":"Feature","geometry":{"type":"LineString","coordinates":[[108.221216,16.028745],[108.221076,16.029744]]},"properties":{"h":"residential","w":0.7}},{"type":"Feature","geometry":{"type":"LineString","coordinates":[[108.221216,16.028745],[108.221767,16.028798]]},"properties":{"h":"residential","w":0.7}},{"type":"Feature","geometry":{"type":"LineString","coordinates":[[108.219098,16.033942],[108.220005,16.034049]]},"properties":{"h":"residential","w":0.7}},{"type":"Feature","geometry":{"type":"LineString","coordinates":[[108.219098,16.033942],[108.219031,16.034418]]},"properties":{"h":"residential","w":0.7}},{"type":"Feature","geometry":{"type":"LineString","coordinates":[[108.219098,16.033942],[108.219137,16.033573]]},"properties":{"h":"residential","w":0.7}},{"type":"Feature","geometry":{"type":"LineString","coordinates":[[108.226539,16.031138],[108.226532,16.031615]]},"properties":{"h":"residential","w":0.7}},{"type":"Feature","geometry":{"type":"LineString","coordinates":[[108.226539,16.031138],[108.226558,16.030214]]},"properties":{"h":"residential","w":0.7}},{"type":"Feature","geometry":{"type":"LineString","coordinates":[[108.226539,16.031138],[108.225501,16.031154]]},"properties":{"h":"residential","w":0.7}},{"type":"Feature","geometry":{"type":"LineString","coordinates":[[108.226539,16.031138],[108.227015,16.031135]]},"properties":{"h":"residential","w":0.7}},{"type":"Feature","geometry":{"type":"LineString","coordinates":[[108.223999,16.031286],[108.224119,16.0316]]},"properties":{"h":"trunk","w":2.2}},{"type":"Feature","geometry":{"type":"LineString","coordinates":[[108.223999,16.031286],[108.225503,16.031298]]},"properties":{"h":"residential","w":0.7}},{"type":"Feature","geometry":{"type":"LineString","coordinates":[[108.209495,16.038595],[108.209253,16.037608]]},"properties":{"h":"residential","w":0.7}},{"type":"Feature","geometry":{"type":"LineString","coordinates":[[108.209495,16.038595],[108.20972,16.039575],[108.20973,16.039824],[108.209697,16.040129]]},"properties":{"h":"residential","w":0.7}},{"type":"Feature","geometry":{"type":"LineString","coordinates":[[108.209495,16.038595],[108.210283,16.038397]]},"properties":{"h":"residential","w":0.7}},{"type":"Feature","geometry":{"type":"LineString","coordinates":[[108.217429,16.032289],[108.217439,16.032178]]},"properties":{"h":"residential","w":0.7}},{"type":"Feature","geometry":{"type":"LineString","coordinates":[[108.217429,16.032289],[108.217386,16.032591]]},"properties":{"h":"residential","w":0.7}},{"type":"Feature","geometry":{"type":"LineString","coordinates":[[108.217429,16.032289],[108.216114,16.032145]]},"properties":{"h":"primary","w":1.8}},{"type":"Feature","geometry":{"type":"LineString","coordinates":[[108.217049,16.035636],[108.217086,16.035271]]},"properties":{"h":"residential","w":0.7}},{"type":"Feature","geometry":{"type":"LineString","coordinates":[[108.217049,16.035636],[108.216625,16.035595]]},"properties":{"h":"residential","w":0.7}},{"type":"Feature","geometry":{"type":"LineString","coordinates":[[108.217049,16.035636],[108.217826,16.035713]]},"properties":{"h":"residential","w":0.7}},{"type":"Feature","geometry":{"type":"LineString","coordinates":[[108.218645,16.032732],[108.220604,16.032959]]},"properties":{"h":"residential","w":0.7}},{"type":"Feature","geometry":{"type":"LineString","coordinates":[[108.218645,16.032732],[108.217386,16.032591]]},"properties":{"h":"residential","w":0.7}},{"type":"Feature","geometry":{"type":"LineString","coordinates":[[108.218645,16.032732],[108.218683,16.032427]]},"properties":{"h":"secondary","w":1.3}},{"type":"Feature","geometry":{"type":"LineString","coordinates":[[108.218645,16.032732],[108.218604,16.033098]]},"properties":{"h":"secondary","w":1.3}},{"type":"Feature","geometry":{"type":"LineString","coordinates":[[108.225511,16.031601],[108.224119,16.0316]]},"properties":{"h":"residential","w":0.7}},{"type":"Feature","geometry":{"type":"LineString","coordinates":[[108.225511,16.031601],[108.225503,16.031298]]},"properties":{"h":"residential","w":0.7}},{"type":"Feature","geometry":{"type":"LineString","coordinates":[[108.225511,16.031601],[108.225508,16.031945]]},"properties":{"h":"residential","w":0.7}},{"type":"Feature","geometry":{"type":"LineString","coordinates":[[108.225511,16.031601],[108.226532,16.031615]]},"properties":{"h":"residential","w":0.7}},{"type":"Feature","geometry":{"type":"LineString","coordinates":[[108.211779,16.037033],[108.21289,16.036785]]},"properties":{"h":"residential","w":0.7}},{"type":"Feature","geometry":{"type":"LineString","coordinates":[[108.211779,16.037033],[108.210808,16.037255]]},"properties":{"h":"residential","w":0.7}},{"type":"Feature","geometry":{"type":"LineString","coordinates":[[108.211779,16.037033],[108.211861,16.037499]]},"properties":{"h":"residential","w":0.7}},{"type":"Feature","geometry":{"type":"LineString","coordinates":[[108.222805,16.032018],[108.222799,16.031723]]},"properties":{"h":"secondary","w":1.3}},{"type":"Feature","geometry":{"type":"LineString","coordinates":[[108.222805,16.032018],[108.222788,16.032463]]},"properties":{"h":"secondary","w":1.3}},{"type":"Feature","geometry":{"type":"LineString","coordinates":[[108.222805,16.032018],[108.222404,16.031976]]},"properties":{"h":"residential","w":0.7}},{"type":"Feature","geometry":{"type":"LineString","coordinates":[[108.211594,16.044198],[108.21127,16.044761]]},"properties":{"h":"residential","w":0.7}},{"type":"Feature","geometry":{"type":"LineString","coordinates":[[108.211594,16.044198],[108.213251,16.044404]]},"properties":{"h":"secondary","w":1.3}},{"type":"Feature","geometry":{"type":"LineString","coordinates":[[108.211594,16.044198],[108.211297,16.044153]]},"properties":{"h":"secondary","w":1.3}},{"type":"Feature","geometry":{"type":"LineString","coordinates":[[108.230255,16.031038],[108.230349,16.030563]]},"properties":{"h":"residential","w":0.7}},{"type":"Feature","geometry":{"type":"LineString","coordinates":[[108.230255,16.031038],[108.230156,16.031511]]},"properties":{"h":"residential","w":0.7}},{"type":"Feature","geometry":{"type":"LineString","coordinates":[[108.230255,16.031038],[108.232059,16.031431]]},"properties":{"h":"residential","w":0.7}},{"type":"Feature","geometry":{"type":"LineString","coordinates":[[108.230255,16.031038],[108.229566,16.030899]]},"properties":{"h":"residential","w":0.7}},{"type":"Feature","geometry":{"type":"LineString","coordinates":[[108.206325,16.045752],[108.206406,16.045685]]},"properties":{"h":"residential","w":0.7}},{"type":"Feature","geometry":{"type":"LineString","coordinates":[[108.228697,16.031949],[108.228794,16.031564]]},"properties":{"h":"residential","w":0.7}},{"type":"Feature","geometry":{"type":"LineString","coordinates":[[108.228697,16.031949],[108.228576,16.032566]]},"properties":{"h":"residential","w":0.7}},{"type":"Feature","geometry":{"type":"LineString","coordinates":[[108.228697,16.031949],[108.227735,16.031945]]},"properties":{"h":"residential","w":0.7}},{"type":"Feature","geometry":{"type":"LineString","coordinates":[[108.232156,16.030956],[108.230349,16.030563]]},"properties":{"h":"residential","w":0.7}},{"type":"Feature","geometry":{"type":"LineString","coordinates":[[108.232156,16.030956],[108.232059,16.031431]]},"properties":{"h":"residential","w":0.7}},{"type":"Feature","geometry":{"type":"LineString","coordinates":[[108.232156,16.030956],[108.23246,16.031036],[108.232535,16.031111],[108.2326,16.031256],[108.232655,16.031489]]},"properties":{"h":"residential","w":0.7}},{"type":"Feature","geometry":{"type":"LineString","coordinates":[[108.232156,16.030956],[108.232255,16.030416]]},"properties":{"h":"residential","w":0.7}},{"type":"Feature","geometry":{"type":"LineString","coordinates":[[108.220491,16.030183],[108.220388,16.030945]]},"properties":{"h":"residential","w":0.7}},{"type":"Feature","geometry":{"type":"LineString","coordinates":[[108.220491,16.030183],[108.220839,16.030219]]},"properties":{"h":"residential","w":0.7}},{"type":"Feature","geometry":{"type":"LineString","coordinates":[[108.220491,16.030183],[108.218989,16.029982]]},"properties":{"h":"residential","w":0.7}},{"type":"Feature","geometry":{"type":"LineString","coordinates":[[108.220491,16.030183],[108.220566,16.029692]]},"properties":{"h":"residential","w":0.7}},{"type":"Feature","geometry":{"type":"LineString","coordinates":[[108.213304,16.043946],[108.212765,16.043879]]},"properties":{"h":"residential","w":0.7}},{"type":"Feature","geometry":{"type":"LineString","coordinates":[[108.213304,16.043946],[108.213397,16.043139]]},"properties":{"h":"tertiary","w":0.8}},{"type":"Feature","geometry":{"type":"LineString","coordinates":[[108.213304,16.043946],[108.213251,16.044404]]},"properties":{"h":"tertiary","w":0.8}},{"type":"Feature","geometry":{"type":"LineString","coordinates":[[108.221038,16.033384],[108.221468,16.033447]]},"properties":{"h":"residential","w":0.7}},{"type":"Feature","geometry":{"type":"LineString","coordinates":[[108.221038,16.033384],[108.220564,16.033325]]},"properties":{"h":"residential","w":0.7}},{"type":"Feature","geometry":{"type":"LineString","coordinates":[[108.221038,16.033384],[108.220875,16.034633]]},"properties":{"h":"residential","w":0.7}},{"type":"Feature","geometry":{"type":"LineString","coordinates":[[108.219166,16.033168],[108.220105,16.033257]]},"properties":{"h":"residential","w":0.7}},{"type":"Feature","geometry":{"type":"LineString","coordinates":[[108.219166,16.033168],[108.219137,16.033573]]},"properties":{"h":"residential","w":0.7}},{"type":"Feature","geometry":{"type":"LineString","coordinates":[[108.219166,16.033168],[108.218604,16.033098]]},"properties":{"h":"residential","w":0.7}},{"type":"Feature","geometry":{"type":"LineString","coordinates":[[108.216373,16.034134],[108.215882,16.034076]]},"properties":{"h":"residential","w":0.7}},{"type":"Feature","geometry":{"type":"LineString","coordinates":[[108.216373,16.034134],[108.216578,16.034157]]},"properties":{"h":"residential","w":0.7}},{"type":"Feature","geometry":{"type":"LineString","coordinates":[[108.216373,16.034134],[108.216472,16.03332]]},"properties":{"h":"residential","w":0.7}},{"type":"Feature","geometry":{"type":"LineString","coordinates":[[108.217423,16.039445],[108.216243,16.039328]]},"properties":{"h":"residential","w":0.7}},{"type":"Feature","geometry":{"type":"LineString","coordinates":[[108.217423,16.039445],[108.21747,16.039068]]},"properties":{"h":"residential","w":0.7}},{"type":"Feature","geometry":{"type":"LineString","coordinates":[[108.217423,16.039445],[108.217874,16.039496]]},"properties":{"h":"residential","w":0.7}},{"type":"Feature","geometry":{"type":"LineString","coordinates":[[108.230156,16.031511],[108.230255,16.031038]]},"properties":{"h":"residential","w":0.7}},{"type":"Feature","geometry":{"type":"LineString","coordinates":[[108.230156,16.031511],[108.230055,16.031963]]},"properties":{"h":"residential","w":0.7}},{"type":"Feature","geometry":{"type":"LineString","coordinates":[[108.230156,16.031511],[108.231973,16.031876]]},"properties":{"h":"residential","w":0.7}},{"type":"Feature","geometry":{"type":"LineString","coordinates":[[108.2255,16.03109],[108.225501,16.031154]]},"properties":{"h":"residential","w":0.7}},{"type":"Feature","geometry":{"type":"LineString","coordinates":[[108.2255,16.03109],[108.225513,16.030057]]},"properties":{"h":"residential","w":0.7}},{"type":"Feature","geometry":{"type":"LineString","coordinates":[[108.2255,16.03109],[108.224135,16.03108],[108.223939,16.031135]]},"properties":{"h":"residential","w":0.7}},{"type":"Feature","geometry":{"type":"LineString","coordinates":[[108.228794,16.031564],[108.228971,16.03078]]},"properties":{"h":"residential","w":0.7}},{"type":"Feature","geometry":{"type":"LineString","coordinates":[[108.228794,16.031564],[108.228697,16.031949]]},"properties":{"h":"residential","w":0.7}},{"type":"Feature","geometry":{"type":"LineString","coordinates":[[108.228794,16.031564],[108.228352,16.031543]]},"properties":{"h":"residential","w":0.7}},{"type":"Feature","geometry":{"type":"LineString","coordinates":[[108.214418,16.039093],[108.214563,16.037861]]},"properties":{"h":"residential","w":0.7}},{"type":"Feature","geometry":{"type":"LineString","coordinates":[[108.214418,16.039093],[108.214852,16.039142]]},"properties":{"h":"residential","w":0.7}},{"type":"Feature","geometry":{"type":"LineString","coordinates":[[108.214418,16.039093],[108.213854,16.039033]]},"properties":{"h":"residential","w":0.7}},{"type":"Feature","geometry":{"type":"LineString","coordinates":[[108.218323,16.03556],[108.218888,16.035653]]},"properties":{"h":"residential","w":0.7}},{"type":"Feature","geometry":{"type":"LineString","coordinates":[[108.218323,16.03556],[108.218454,16.034352]]},"properties":{"h":"secondary","w":1.3}},{"type":"Feature","geometry":{"type":"LineString","coordinates":[[108.218323,16.03556],[108.218193,16.036665]]},"properties":{"h":"secondary","w":1.3}},{"type":"Feature","geometry":{"type":"LineString","coordinates":[[108.230055,16.031963],[108.230156,16.031511]]},"properties":{"h":"residential","w":0.7}},{"type":"Feature","geometry":{"type":"LineString","coordinates":[[108.230055,16.031963],[108.229965,16.032355]]},"properties":{"h":"residential","w":0.7}},{"type":"Feature","geometry":{"type":"LineString","coordinates":[[108.230055,16.031963],[108.231882,16.032313]]},"properties":{"h":"residential","w":0.7}},{"type":"Feature","geometry":{"type":"LineString","coordinates":[[108.220825,16.035081],[108.220875,16.034633]]},"properties":{"h":"residential","w":0.7}},{"type":"Feature","geometry":{"type":"LineString","coordinates":[[108.220825,16.035081],[108.220761,16.035524]]},"properties":{"h":"residential","w":0.7}},{"type":"Feature","geometry":{"type":"LineString","coordinates":[[108.220825,16.035081],[108.221716,16.035206]]},"properties":{"h":"residential","w":0.7}},{"type":"Feature","geometry":{"type":"LineString","coordinates":[[108.220655,16.032554],[108.220642,16.032673]]},"properties":{"h":"residential","w":0.7}},{"type":"Feature","geometry":{"type":"LineString","coordinates":[[108.220655,16.032554],[108.222768,16.032779]]},"properties":{"h":"primary","w":1.8}},{"type":"Feature","geometry":{"type":"LineString","coordinates":[[108.227738,16.031144],[108.22775,16.030546]]},"properties":{"h":"residential","w":0.7}},{"type":"Feature","geometry":{"type":"LineString","coordinates":[[108.227738,16.031144],[108.227739,16.031535]]},"properties":{"h":"residential","w":0.7}},{"type":"Feature","geometry":{"type":"LineString","coordinates":[[108.227738,16.031144],[108.227385,16.03114]]},"properties":{"h":"residential","w":0.7}},{"type":"Feature","geometry":{"type":"LineString","coordinates":[[108.227738,16.031144],[108.228414,16.031152]]},"properties":{"h":"residential","w":0.7}},{"type":"Feature","geometry":{"type":"LineString","coordinates":[[108.215173,16.032726],[108.215596,16.03277]]},"properties":{"h":"residential","w":0.7}},{"type":"Feature","geometry":{"type":"LineString","coordinates":[[108.215173,16.032726],[108.215062,16.033991]]},"properties":{"h":"residential","w":0.7}},{"type":"Feature","geometry":{"type":"LineString","coordinates":[[108.215173,16.032726],[108.214699,16.032666]]},"properties":{"h":"residential","w":0.7}},{"type":"Feature","geometry":{"type":"LineString","coordinates":[[108.229848,16.032812],[108.229965,16.032355]]},"properties":{"h":"residential","w":0.7}},{"type":"Feature","geometry":{"type":"LineString","coordinates":[[108.229848,16.032812],[108.231682,16.033199]]},"properties":{"h":"residential","w":0.7}},{"type":"Feature","geometry":{"type":"LineString","coordinates":[[108.229848,16.032812],[108.229173,16.032693]]},"properties":{"h":"residential","w":0.7}},{"type":"Feature","geometry":{"type":"LineString","coordinates":[[108.214981,16.037911],[108.215099,16.037015]]},"properties":{"h":"residential","w":0.7}},{"type":"Feature","geometry":{"type":"LineString","coordinates":[[108.214981,16.037911],[108.214852,16.039142]]},"properties":{"h":"residential","w":0.7}},{"type":"Feature","geometry":{"type":"LineString","coordinates":[[108.214981,16.037911],[108.214563,16.037861]]},"properties":{"h":"residential","w":0.7}},{"type":"Feature","geometry":{"type":"LineString","coordinates":[[108.214981,16.037911],[108.215413,16.037957]]},"properties":{"h":"residential","w":0.7}},{"type":"Feature","geometry":{"type":"LineString","coordinates":[[108.217428,16.043462],[108.218089,16.043524]]},"properties":{"h":"residential","w":0.7}},{"type":"Feature","geometry":{"type":"LineString","coordinates":[[108.217428,16.043462],[108.217494,16.042927]]},"properties":{"h":"secondary","w":1.3}},{"type":"Feature","geometry":{"type":"LineString","coordinates":[[108.217428,16.043462],[108.217318,16.044131]]},"properties":{"h":"secondary","w":1.3}},{"type":"Feature","geometry":{"type":"LineString","coordinates":[[108.226529,16.031945],[108.226509,16.032457]]},"properties":{"h":"residential","w":0.7}},{"type":"Feature","geometry":{"type":"LineString","coordinates":[[108.226529,16.031945],[108.225508,16.031945]]},"properties":{"h":"residential","w":0.7}},{"type":"Feature","geometry":{"type":"LineString","coordinates":[[108.226529,16.031945],[108.226532,16.031615]]},"properties":{"h":"residential","w":0.7}},{"type":"Feature","geometry":{"type":"LineString","coordinates":[[108.226529,16.031945],[108.227002,16.031939]]},"properties":{"h":"residential","w":0.7}},{"type":"Feature","geometry":{"type":"LineString","coordinates":[[108.233408,16.034619],[108.233236,16.033989]]},"properties":{"h":"residential","w":0.7}},{"type":"Feature","geometry":{"type":"LineString","coordinates":[[108.233408,16.034619],[108.234222,16.034774]]},"properties":{"h":"tertiary","w":0.8}},{"type":"Feature","geometry":{"type":"LineString","coordinates":[[108.233408,16.034619],[108.231428,16.034233]]},"properties":{"h":"tertiary","w":0.8}},{"type":"Feature","geometry":{"type":"LineString","coordinates":[[108.227015,16.031135],[108.227029,16.030263]]},"properties":{"h":"residential","w":0.7}},{"type":"Feature","geometry":{"type":"LineString","coordinates":[[108.227015,16.031135],[108.227002,16.031939]]},"properties":{"h":"residential","w":0.7}},{"type":"Feature","geometry":{"type":"LineString","coordinates":[[108.227015,16.031135],[108.226539,16.031138]]},"properties":{"h":"residential","w":0.7}},{"type":"Feature","geometry":{"type":"LineString","coordinates":[[108.227015,16.031135],[108.227385,16.03114]]},"properties":{"h":"residential","w":0.7}},{"type":"Feature","geometry":{"type":"LineString","coordinates":[[108.22046,16.044492],[108.220011,16.044438]]},"properties":{"h":"residential","w":0.7}},{"type":"Feature","geometry":{"type":"LineString","coordinates":[[108.22046,16.044492],[108.220401,16.04494]]},"properties":{"h":"residential","w":0.7}},{"type":"Feature","geometry":{"type":"LineString","coordinates":[[108.22046,16.044492],[108.220534,16.043816]]},"properties":{"h":"residential","w":0.7}},{"type":"Feature","geometry":{"type":"LineString","coordinates":[[108.217506,16.038729],[108.216323,16.038599]]},"properties":{"h":"residential","w":0.7}},{"type":"Feature","geometry":{"type":"LineString","coordinates":[[108.217506,16.038729],[108.21747,16.039068]]},"properties":{"h":"residential","w":0.7}},{"type":"Feature","geometry":{"type":"LineString","coordinates":[[108.217506,16.038729],[108.217547,16.038361]]},"properties":{"h":"residential","w":0.7}},{"type":"Feature","geometry":{"type":"LineString","coordinates":[[108.219031,16.034418],[108.219951,16.034524]]},"properties":{"h":"residential","w":0.7}},{"type":"Feature","geometry":{"type":"LineString","coordinates":[[108.219031,16.034418],[108.218978,16.034881]]},"properties":{"h":"residential","w":0.7}},{"type":"Feature","geometry":{"type":"LineString","coordinates":[[108.219031,16.034418],[108.219098,16.033942]]},"properties":{"h":"residential","w":0.7}},{"type":"Feature","geometry":{"type":"LineString","coordinates":[[108.219031,16.034418],[108.218454,16.034352]]},"properties":{"h":"residential","w":0.7}},{"type":"Feature","geometry":{"type":"LineString","coordinates":[[108.219226,16.036923],[108.219472,16.036985]]},"properties":{"h":"tertiary","w":0.8}},{"type":"Feature","geometry":{"type":"LineString","coordinates":[[108.219226,16.036923],[108.218786,16.036813]]},"properties":{"h":"tertiary","w":0.8}},{"type":"Feature","geometry":{"type":"LineString","coordinates":[[108.219226,16.036923],[108.219079,16.037852],[108.219012,16.038522]]},"properties":{"h":"residential","w":0.7}},{"type":"Feature","geometry":{"type":"LineString","coordinates":[[108.222119,16.051947],[108.221662,16.051913],[108.221624,16.052308]]},"properties":{"h":"residential","w":0.7}},{"type":"Feature","geometry":{"type":"LineString","coordinates":[[108.222119,16.051947],[108.222096,16.051618],[108.222191,16.050055],[108.22217,16.049824],[108.22213,16.049706]]},"properties":{"h":"primary","w":1.8}},{"type":"Feature","geometry":{"type":"LineString","coordinates":[[108.222119,16.051947],[108.222162,16.051628],[108.222327,16.049012],[108.222527,16.047397],[108.222534,16.047024]]},"properties":{"h":"primary","w":1.8}},{"type":"Feature","geometry":{"type":"LineString","coordinates":[[108.228535,16.030695],[108.228414,16.031152]]},"properties":{"h":"residential","w":0.7}},{"type":"Feature","geometry":{"type":"LineString","coordinates":[[108.228535,16.030695],[108.228971,16.03078]]},"properties":{"h":"residential","w":0.7}},{"type":"Feature","geometry":{"type":"LineString","coordinates":[[108.228535,16.030695],[108.22775,16.030546]]},"properties":{"h":"residential","w":0.7}},{"type":"Feature","geometry":{"type":"LineString","coordinates":[[108.209253,16.037608],[108.209495,16.038595]]},"properties":{"h":"residential","w":0.7}},{"type":"Feature","geometry":{"type":"LineString","coordinates":[[108.209253,16.037608],[108.208225,16.037836],[108.208117,16.03778],[108.207988,16.037338]]},"properties":{"h":"residential","w":0.7}},{"type":"Feature","geometry":{"type":"LineString","coordinates":[[108.221007,16.030237],[108.221076,16.029744]]},"properties":{"h":"residential","w":0.7}},{"type":"Feature","geometry":{"type":"LineString","coordinates":[[108.221007,16.030237],[108.220839,16.030219]]},"properties":{"h":"residential","w":0.7}},{"type":"Feature","geometry":{"type":"LineString","coordinates":[[108.221007,16.030237],[108.221632,16.030295],[108.221936,16.030301]]},"properties":{"h":"residential","w":0.7}},{"type":"Feature","geometry":{"type":"LineString","coordinates":[[108.210808,16.037255],[108.211779,16.037033]]},"properties":{"h":"residential","w":0.7}},{"type":"Feature","geometry":{"type":"LineString","coordinates":[[108.210808,16.037255],[108.210929,16.03772]]},"properties":{"h":"residential","w":0.7}},{"type":"Feature","geometry":{"type":"LineString","coordinates":[[108.218839,16.043602],[108.218952,16.042891],[108.219354,16.042954]]},"properties":{"h":"residential","w":0.7}},{"type":"Feature","geometry":{"type":"LineString","coordinates":[[108.218839,16.043602],[108.218753,16.044715]]},"properties":{"h":"residential","w":0.7}},{"type":"Feature","geometry":{"type":"LineString","coordinates":[[108.218839,16.043602],[108.219297,16.043658]]},"properties":{"h":"residential","w":0.7}},{"type":"Feature","geometry":{"type":"LineString","coordinates":[[108.218839,16.043602],[108.218385,16.043556]]},"properties":{"h":"residential","w":0.7}},{"type":"Feature","geometry":{"type":"LineString","coordinates":[[108.220604,16.032959],[108.221103,16.033015],[108.22148,16.03309],[108.221507,16.033153],[108.221468,16.033447]]},"properties":{"h":"residential","w":0.7}},{"type":"Feature","geometry":{"type":"LineString","coordinates":[[108.220604,16.032959],[108.218645,16.032732]]},"properties":{"h":"residential","w":0.7}},{"type":"Feature","geometry":{"type":"LineString","coordinates":[[108.220604,16.032959],[108.220642,16.032673]]},"properties":{"h":"residential","w":0.7}},{"type":"Feature","geometry":{"type":"LineString","coordinates":[[108.220604,16.032959],[108.220564,16.033325]]},"properties":{"h":"residential","w":0.7}},{"type":"Feature","geometry":{"type":"LineString","coordinates":[[108.221097,16.046389],[108.220878,16.046366],[108.220658,16.046309],[108.220536,16.046247],[108.220247,16.045985]]},"properties":{"h":"secondary","w":1.3}},{"type":"Feature","geometry":{"type":"LineString","coordinates":[[108.221097,16.046389],[108.221669,16.046445]]},"properties":{"h":"secondary","w":1.3}},{"type":"Feature","geometry":{"type":"LineString","coordinates":[[108.221097,16.046389],[108.22103,16.046813]]},"properties":{"h":"secondary","w":1.3}},{"type":"Feature","geometry":{"type":"LineString","coordinates":[[108.221097,16.046389],[108.221138,16.046217],[108.221204,16.045723]]},"properties":{"h":"secondary","w":1.3}},{"type":"Feature","geometry":{"type":"LineString","coordinates":[[108.227914,16.030079],[108.228037,16.029662]]},"properties":{"h":"residential","w":0.7}},{"type":"Feature","geometry":{"type":"LineString","coordinates":[[108.227914,16.030079],[108.22775,16.030546]]},"properties":{"h":"residential","w":0.7}},{"type":"Feature","geometry":{"type":"LineString","coordinates":[[108.227914,16.030079],[108.226748,16.029647]]},"properties":{"h":"residential","w":0.7}},{"type":"Feature","geometry":{"type":"LineString","coordinates":[[108.227914,16.030079],[108.229056,16.03034]]},"properties":{"h":"residential","w":0.7}},{"type":"Feature","geometry":{"type":"LineString","coordinates":[[108.218617,16.038486],[108.218786,16.036813]]},"properties":{"h":"residential","w":0.7}},{"type":"Feature","geometry":{"type":"LineString","coordinates":[[108.218617,16.038486],[108.218487,16.039569]]},"properties":{"h":"residential","w":0.7}},{"type":"Feature","geometry":{"type":"LineString","coordinates":[[108.218617,16.038486],[108.217992,16.038418]]},"properties":{"h":"residential","w":0.7}},{"type":"Feature","geometry":{"type":"LineString","coordinates":[[108.218617,16.038486],[108.219012,16.038522]]},"properties":{"h":"residential","w":0.7}},{"type":"Feature","geometry":{"type":"LineString","coordinates":[[108.215896,16.03819],[108.215413,16.037957]]},"properties":{"h":"residential","w":0.7}},{"type":"Feature","geometry":{"type":"LineString","coordinates":[[108.215896,16.03819],[108.216365,16.038237]]},"properties":{"h":"residential","w":0.7}},{"type":"Feature","geometry":{"type":"LineString","coordinates":[[108.215896,16.03819],[108.216133,16.03778]]},"properties":{"h":"tertiary","w":0.8}},{"type":"Feature","geometry":{"type":"LineString","coordinates":[[108.215896,16.03819],[108.215721,16.039254]]},"properties":{"h":"tertiary","w":0.8}},{"type":"Feature","geometry":{"type":"LineString","coordinates":[[108.218774,16.031532],[108.220273,16.031692]]},"properties":{"h":"residential","w":0.7}},{"type":"Feature","geometry":{"type":"LineString","coordinates":[[108.218774,16.031532],[108.216254,16.031225]]},"properties":{"h":"residential","w":0.7}},{"type":"Feature","geometry":{"type":"LineString","coordinates":[[108.218774,16.031532],[108.218989,16.029982]]},"properties":{"h":"secondary","w":1.3}},{"type":"Feature","geometry":{"type":"LineString","coordinates":[[108.218774,16.031532],[108.218696,16.032303]]},"properties":{"h":"secondary","w":1.3}},{"type":"Feature","geometry":{"type":"LineString","coordinates":[[108.210374,16.046011],[108.21127,16.044761]]},"properties":{"h":"residential","w":0.7}},{"type":"Feature","geometry":{"type":"LineString","coordinates":[[108.210374,16.046011],[108.210035,16.045723]]},"properties":{"h":"secondary","w":1.3}},{"type":"Feature","geometry":{"type":"LineString","coordinates":[[108.210374,16.046011],[108.210564,16.046181]]},"properties":{"h":"secondary","w":1.3}},{"type":"Feature","geometry":{"type":"LineString","coordinates":[[108.206576,16.045546],[108.206406,16.045685]]},"properties":{"h":"residential","w":0.7}},{"type":"Feature","geometry":{"type":"LineString","coordinates":[[108.206576,16.045546],[108.206772,16.045744]]},"properties":{"h":"residential","w":0.7}},{"type":"Feature","geometry":{"type":"LineString","coordinates":[[108.206576,16.045546],[108.206831,16.045316],[108.207097,16.045124],[108.207323,16.044976],[108.207561,16.04485],[108.207763,16.04471],[108.208297,16.044205]]},"properties":{"h":"residential","w":0.7}},{"type":"Feature","geometry":{"type":"LineString","coordinates":[[108.230349,16.030563],[108.232156,16.030956]]},"properties":{"h":"residential","w":0.7}},{"type":"Feature","geometry":{"type":"LineString","coordinates":[[108.230349,16.030563],[108.23043,16.030107]]},"properties":{"h":"residential","w":0.7}},{"type":"Feature","geometry":{"type":"LineString","coordinates":[[108.230349,16.030563],[108.230255,16.031038]]},"properties":{"h":"residential","w":0.7}},{"type":"Feature","geometry":{"type":"LineString","coordinates":[[108.216365,16.038237],[108.215896,16.03819]]},"properties":{"h":"residential","w":0.7}},{"type":"Feature","geometry":{"type":"LineString","coordinates":[[108.216365,16.038237],[108.217547,16.038361]]},"properties":{"h":"residential","w":0.7}},{"type":"Feature","geometry":{"type":"LineString","coordinates":[[108.216365,16.038237],[108.216323,16.038599]]},"properties":{"h":"residential","w":0.7}},{"type":"Feature","geometry":{"type":"LineString","coordinates":[[108.228414,16.031152],[108.228535,16.030695]]},"properties":{"h":"residential","w":0.7}},{"type":"Feature","geometry":{"type":"LineString","coordinates":[[108.228414,16.031152],[108.228352,16.031543]]},"properties":{"h":"residential","w":0.7}},{"type":"Feature","geometry":{"type":"LineString","coordinates":[[108.228414,16.031152],[108.227738,16.031144]]},"properties":{"h":"residential","w":0.7}},{"type":"Feature","geometry":{"type":"LineString","coordinates":[[108.212,16.038366],[108.213473,16.038547]]},"properties":{"h":"residential","w":0.7}},{"type":"Feature","geometry":{"type":"LineString","coordinates":[[108.212,16.038366],[108.212011,16.038213],[108.211957,16.038001]]},"properties":{"h":"residential","w":0.7}},{"type":"Feature","geometry":{"type":"LineString","coordinates":[[108.212,16.038366],[108.211945,16.03883]]},"properties":{"h":"residential","w":0.7}},{"type":"Feature","geometry":{"type":"LineString","coordinates":[[108.219059,16.029512],[108.219726,16.029592]]},"properties":{"h":"residential","w":0.7}},{"type":"Feature","geometry":{"type":"LineString","coordinates":[[108.219059,16.029512],[108.21918,16.02854]]},"properties":{"h":"secondary","w":1.3}},{"type":"Feature","geometry":{"type":"LineString","coordinates":[[108.219059,16.029512],[108.218989,16.029982]]},"properties":{"h":"secondary","w":1.3}},{"type":"Feature","geometry":{"type":"LineString","coordinates":[[108.218097,16.033039],[108.217733,16.032988]]},"properties":{"h":"residential","w":0.7}},{"type":"Feature","geometry":{"type":"LineString","coordinates":[[108.218097,16.033039],[108.217974,16.034303]]},"properties":{"h":"residential","w":0.7}},{"type":"Feature","geometry":{"type":"LineString","coordinates":[[108.218097,16.033039],[108.218604,16.033098]]},"properties":{"h":"residential","w":0.7}},{"type":"Feature","geometry":{"type":"LineString","coordinates":[[108.223474,16.035044],[108.223423,16.03547]]},"properties":{"h":"residential","w":0.7}},{"type":"Feature","geometry":{"type":"LineString","coordinates":[[108.223474,16.035044],[108.223939,16.035074]]},"properties":{"h":"residential","w":0.7}},{"type":"Feature","geometry":{"type":"LineString","coordinates":[[108.223474,16.035044],[108.22354,16.034769],[108.223579,16.034475]]},"properties":{"h":"residential","w":0.7}},{"type":"Feature","geometry":{"type":"LineString","coordinates":[[108.231973,16.031876],[108.230156,16.031511]]},"properties":{"h":"residential","w":0.7}},{"type":"Feature","geometry":{"type":"LineString","coordinates":[[108.231973,16.031876],[108.232492,16.031993]]},"properties":{"h":"residential","w":0.7}},{"type":"Feature","geometry":{"type":"LineString","coordinates":[[108.231973,16.031876],[108.232059,16.031431]]},"properties":{"h":"residential","w":0.7}},{"type":"Feature","geometry":{"type":"LineString","coordinates":[[108.231973,16.031876],[108.231882,16.032313]]},"properties":{"h":"residential","w":0.7}},{"type":"Feature","geometry":{"type":"LineString","coordinates":[[108.213261,16.03671],[108.213159,16.037568]]},"properties":{"h":"residential","w":0.7}},{"type":"Feature","geometry":{"type":"LineString","coordinates":[[108.213261,16.03671],[108.213734,16.036599]]},"properties":{"h":"residential","w":0.7}},{"type":"Feature","geometry":{"type":"LineString","coordinates":[[108.213261,16.03671],[108.21289,16.036785]]},"properties":{"h":"residential","w":0.7}},{"type":"Feature","geometry":{"type":"LineString","coordinates":[[108.227739,16.031535],[108.227735,16.031945]]},"properties":{"h":"residential","w":0.7}},{"type":"Feature","geometry":{"type":"LineString","coordinates":[[108.227739,16.031535],[108.228352,16.031543]]},"properties":{"h":"residential","w":0.7}},{"type":"Feature","geometry":{"type":"LineString","coordinates":[[108.227739,16.031535],[108.227738,16.031144]]},"properties":{"h":"residential","w":0.7}},{"type":"Feature","geometry":{"type":"LineString","coordinates":[[108.222351,16.044362],[108.222245,16.04523]]},"properties":{"h":"residential","w":0.7}},{"type":"Feature","geometry":{"type":"LineString","coordinates":[[108.222351,16.044362],[108.222451,16.043612]]},"properties":{"h":"residential","w":0.7}},{"type":"Feature","geometry":{"type":"LineString","coordinates":[[108.222351,16.044362],[108.221397,16.044246]]},"properties":{"h":"residential","w":0.7}},{"type":"Feature","geometry":{"type":"LineString","coordinates":[[108.222351,16.044362],[108.222857,16.044406]]},"properties":{"h":"residential","w":0.7}},{"type":"Feature","geometry":{"type":"LineString","coordinates":[[108.220401,16.04494],[108.219199,16.044775]]},"properties":{"h":"residential","w":0.7}},{"type":"Feature","geometry":{"type":"LineString","coordinates":[[108.220401,16.04494],[108.220247,16.045985]]},"properties":{"h":"residential","w":0.7}},{"type":"Feature","geometry":{"type":"LineString","coordinates":[[108.220401,16.04494],[108.22046,16.044492]]},"properties":{"h":"residential","w":0.7}},{"type":"Feature","geometry":{"type":"LineString","coordinates":[[108.217992,16.038418],[108.217547,16.038361]]},"properties":{"h":"residential","w":0.7}},{"type":"Feature","geometry":{"type":"LineString","coordinates":[[108.217992,16.038418],[108.218617,16.038486]]},"properties":{"h":"residential","w":0.7}},{"type":"Feature","geometry":{"type":"LineString","coordinates":[[108.217992,16.038418],[108.218093,16.0375]]},"properties":{"h":"secondary","w":1.3}},{"type":"Feature","geometry":{"type":"LineString","coordinates":[[108.217992,16.038418],[108.217874,16.039496]]},"properties":{"h":"secondary","w":1.3}},{"type":"Feature","geometry":{"type":"LineString","coordinates":[[108.226574,16.03009],[108.227029,16.030263]]},"properties":{"h":"residential","w":0.7}},{"type":"Feature","geometry":{"type":"LineString","coordinates":[[108.226574,16.03009],[108.226748,16.029647]]},"properties":{"h":"residential","w":0.7}},{"type":"Feature","geometry":{"type":"LineString","coordinates":[[108.226574,16.03009],[108.226558,16.030214]]},"properties":{"h":"residential","w":0.7}},{"type":"Feature","geometry":{"type":"LineString","coordinates":[[108.212823,16.043479],[108.21288,16.043069]]},"properties":{"h":"residential","w":0.7}},{"type":"Feature","geometry":{"type":"LineString","coordinates":[[108.212823,16.043479],[108.212765,16.043879]]},"properties":{"h":"residential","w":0.7}},{"type":"Feature","geometry":{"type":"LineString","coordinates":[[108.212823,16.043479],[108.211414,16.043314]]},"properties":{"h":"residential","w":0.7}},{"type":"Feature","geometry":{"type":"LineString","coordinates":[[108.219231,16.044339],[108.220011,16.044438]]},"properties":{"h":"residential","w":0.7}},{"type":"Feature","geometry":{"type":"LineString","coordinates":[[108.219231,16.044339],[108.219297,16.043658]]},"properties":{"h":"residential","w":0.7}},{"type":"Feature","geometry":{"type":"LineString","coordinates":[[108.219231,16.044339],[108.219199,16.044775]]},"properties":{"h":"residential","w":0.7}},{"type":"Feature","geometry":{"type":"LineString","coordinates":[[108.218883,16.03962],[108.218487,16.039569]]},"properties":{"h":"residential","w":0.7}},{"type":"Feature","geometry":{"type":"LineString","coordinates":[[108.218883,16.03962],[108.218932,16.039298]]},"properties":{"h":"residential","w":0.7}},{"type":"Feature","geometry":{"type":"LineString","coordinates":[[108.218883,16.03962],[108.219754,16.039736]]},"properties":{"h":"residential","w":0.7}},{"type":"Feature","geometry":{"type":"LineString","coordinates":[[108.219799,16.043713],[108.219856,16.043287]]},"properties":{"h":"residential","w":0.7}},{"type":"Feature","geometry":{"type":"LineString","coordinates":[[108.219799,16.043713],[108.220534,16.043816]]},"properties":{"h":"residential","w":0.7}},{"type":"Feature","geometry":{"type":"LineString","coordinates":[[108.219799,16.043713],[108.219297,16.043658]]},"properties":{"h":"residential","w":0.7}},{"type":"Feature","geometry":{"type":"LineString","coordinates":[[108.222497,16.057804],[108.222596,16.057753]]},"properties":{"h":"residential","w":0.7}},{"type":"Feature","geometry":{"type":"LineString","coordinates":[[108.222497,16.057804],[108.222297,16.057159],[108.222167,16.056422]]},"properties":{"h":"primary","w":1.8}},{"type":"Feature","geometry":{"type":"LineString","coordinates":[[108.222497,16.057804],[108.221882,16.057962]]},"properties":{"h":"residential","w":0.7}},{"type":"Feature","geometry":{"type":"LineString","coordinates":[[108.216784,16.03418],[108.216578,16.034157]]},"properties":{"h":"residential","w":0.7}},{"type":"Feature","geometry":{"type":"LineString","coordinates":[[108.216784,16.03418],[108.217207,16.034223]]},"properties":{"h":"residential","w":0.7}},{"type":"Feature","geometry":{"type":"LineString","coordinates":[[108.216784,16.03418],[108.21687,16.033372]]},"properties":{"h":"residential","w":0.7}},{"type":"Feature","geometry":{"type":"LineString","coordinates":[[108.216784,16.03418],[108.216703,16.03487]]},"properties":{"h":"residential","w":0.7}},{"type":"Feature","geometry":{"type":"LineString","coordinates":[[108.215212,16.054808],[108.215136,16.05524],[108.215091,16.055389]]},"properties":{"h":"residential","w":0.7}},{"type":"Feature","geometry":{"type":"LineString","coordinates":[[108.21337,16.051907],[108.213486,16.051924]]},"properties":{"h":"residential","w":0.7}},{"type":"Feature","geometry":{"type":"LineString","coordinates":[[108.215256,16.052211],[108.215306,16.052069],[108.215346,16.051817]]},"properties":{"h":"residential","w":0.7}},{"type":"Feature","geometry":{"type":"LineString","coordinates":[[108.215256,16.052211],[108.214665,16.052125],[108.214308,16.052049]]},"properties":{"h":"residential","w":0.7}},{"type":"Feature","geometry":{"type":"LineString","coordinates":[[108.215256,16.052211],[108.215437,16.052218],[108.215632,16.052254]]},"properties":{"h":"residential","w":0.7}},{"type":"Feature","geometry":{"type":"LineString","coordinates":[[108.220586,16.043378],[108.220534,16.043816]]},"properties":{"h":"residential","w":0.7}},{"type":"Feature","geometry":{"type":"LineString","coordinates":[[108.220586,16.043378],[108.220646,16.043002],[108.22063,16.042966],[108.219919,16.042876]]},"properties":{"h":"residential","w":0.7}},{"type":"Feature","geometry":{"type":"LineString","coordinates":[[108.220586,16.043378],[108.219856,16.043287]]},"properties":{"h":"residential","w":0.7}},{"type":"Feature","geometry":{"type":"LineString","coordinates":[[108.22005,16.033694],[108.220105,16.033257]]},"properties":{"h":"residential","w":0.7}},{"type":"Feature","geometry":{"type":"LineString","coordinates":[[108.22005,16.033694],[108.220005,16.034049]]},"properties":{"h":"residential","w":0.7}},{"type":"Feature","geometry":{"type":"LineString","coordinates":[[108.22005,16.033694],[108.219137,16.033573]]},"properties":{"h":"residential","w":0.7}},{"type":"Feature","geometry":{"type":"LineString","coordinates":[[108.219856,16.043287],[108.219799,16.043713]]},"properties":{"h":"residential","w":0.7}},{"type":"Feature","geometry":{"type":"LineString","coordinates":[[108.219856,16.043287],[108.219919,16.042876]]},"properties":{"h":"residential","w":0.7}},{"type":"Feature","geometry":{"type":"LineString","coordinates":[[108.219856,16.043287],[108.21933,16.043243]]},"properties":{"h":"residential","w":0.7}},{"type":"Feature","geometry":{"type":"LineString","coordinates":[[108.219856,16.043287],[108.220586,16.043378]]},"properties":{"h":"residential","w":0.7}},{"type":"Feature","geometry":{"type":"LineString","coordinates":[[108.217907,16.034776],[108.217974,16.034303]]},"properties":{"h":"residential","w":0.7}},{"type":"Feature","geometry":{"type":"LineString","coordinates":[[108.217907,16.034776],[108.217856,16.035346]]},"properties":{"h":"residential","w":0.7}},{"type":"Feature","geometry":{"type":"LineString","coordinates":[[108.217907,16.034776],[108.217537,16.034747]]},"properties":{"h":"residential","w":0.7}},{"type":"Feature","geometry":{"type":"LineString","coordinates":[[108.221624,16.058071],[108.221882,16.057962]]},"properties":{"h":"residential","w":0.7}},{"type":"Feature","geometry":{"type":"LineString","coordinates":[[108.219919,16.042876],[108.22063,16.042966],[108.220646,16.043002],[108.220586,16.043378]]},"properties":{"h":"residential","w":0.7}},{"type":"Feature","geometry":{"type":"LineString","coordinates":[[108.219919,16.042876],[108.219367,16.042815],[108.219354,16.042954]]},"properties":{"h":"residential","w":0.7}},{"type":"Feature","geometry":{"type":"LineString","coordinates":[[108.219919,16.042876],[108.220051,16.041584]]},"properties":{"h":"residential","w":0.7}},{"type":"Feature","geometry":{"type":"LineString","coordinates":[[108.219919,16.042876],[108.219856,16.043287]]},"properties":{"h":"residential","w":0.7}},{"type":"Feature","geometry":{"type":"LineString","coordinates":[[108.21453,16.056347],[108.214602,16.056376]]},"properties":{"h":"residential","w":0.7}},{"type":"Feature","geometry":{"type":"LineString","coordinates":[[108.21453,16.056347],[108.214616,16.055846]]},"properties":{"h":"residential","w":0.7}},{"type":"Feature","geometry":{"type":"LineString","coordinates":[[108.21453,16.056347],[108.214159,16.056187],[108.213956,16.056122],[108.213709,16.056096],[108.213529,16.05604]]},"properties":{"h":"residential","w":0.7}},{"type":"Feature","geometry":{"type":"LineString","coordinates":[[108.217157,16.0347],[108.217207,16.034223]]},"properties":{"h":"residential","w":0.7}},{"type":"Feature","geometry":{"type":"LineString","coordinates":[[108.217157,16.0347],[108.217086,16.035271]]},"properties":{"h":"residential","w":0.7}},{"type":"Feature","geometry":{"type":"LineString","coordinates":[[108.217157,16.0347],[108.217537,16.034747]]},"properties":{"h":"residential","w":0.7}},{"type":"Feature","geometry":{"type":"LineString","coordinates":[[108.214056,16.055553],[108.214433,16.055643]]},"properties":{"h":"residential","w":0.7}},{"type":"Feature","geometry":{"type":"LineString","coordinates":[[108.215811,16.056428],[108.215401,16.056537],[108.21527,16.056548]]},"properties":{"h":"residential","w":0.7}},{"type":"Feature","geometry":{"type":"LineString","coordinates":[[108.215811,16.056428],[108.217133,16.056488]]},"properties":{"h":"residential","w":0.7}},{"type":"Feature","geometry":{"type":"LineString","coordinates":[[108.215811,16.056428],[108.215804,16.057198],[108.215757,16.058078]]},"properties":{"h":"residential","w":0.7}},{"type":"Feature","geometry":{"type":"LineString","coordinates":[[108.221882,16.057962],[108.221624,16.058071]]},"properties":{"h":"residential","w":0.7}},{"type":"Feature","geometry":{"type":"LineString","coordinates":[[108.221882,16.057962],[108.221383,16.056466]]},"properties":{"h":"residential","w":0.7}},{"type":"Feature","geometry":{"type":"LineString","coordinates":[[108.221882,16.057962],[108.222497,16.057804]]},"properties":{"h":"residential","w":0.7}},{"type":"Feature","geometry":{"type":"LineString","coordinates":[[108.216625,16.035595],[108.216703,16.03487]]},"properties":{"h":"residential","w":0.7}},{"type":"Feature","geometry":{"type":"LineString","coordinates":[[108.216625,16.035595],[108.215566,16.035517]]},"properties":{"h":"residential","w":0.7}},{"type":"Feature","geometry":{"type":"LineString","coordinates":[[108.216625,16.035595],[108.217049,16.035636]]},"properties":{"h":"residential","w":0.7}},{"type":"Feature","geometry":{"type":"LineString","coordinates":[[108.215914,16.050929],[108.215658,16.051119],[108.215346,16.051817]]},"properties":{"h":"residential","w":0.7}},{"type":"Feature","geometry":{"type":"LineString","coordinates":[[108.215914,16.050929],[108.215051,16.050172]]},"properties":{"h":"secondary","w":1.3}},{"type":"Feature","geometry":{"type":"LineString","coordinates":[[108.215914,16.050929],[108.21602,16.051023]]},"properties":{"h":"secondary","w":1.3}},{"type":"Feature","geometry":{"type":"LineString","coordinates":[[108.219137,16.033573],[108.219098,16.033942]]},"properties":{"h":"residential","w":0.7}},{"type":"Feature","geometry":{"type":"LineString","coordinates":[[108.219137,16.033573],[108.219166,16.033168]]},"properties":{"h":"residential","w":0.7}},{"type":"Feature","geometry":{"type":"LineString","coordinates":[[108.219137,16.033573],[108.22005,16.033694]]},"properties":{"h":"residential","w":0.7}},{"type":"Feature","geometry":{"type":"LineString","coordinates":[[108.214642,16.055694],[108.214433,16.055643]]},"properties":{"h":"residential","w":0.7}},{"type":"Feature","geometry":{"type":"LineString","coordinates":[[108.214642,16.055694],[108.2149,16.055757]]},"properties":{"h":"residential","w":0.7}},{"type":"Feature","geometry":{"type":"LineString","coordinates":[[108.214642,16.055694],[108.214616,16.055846]]},"properties":{"h":"residential","w":0.7}},{"type":"Feature","geometry":{"type":"LineString","coordinates":[[108.216103,16.053859],[108.216167,16.053653],[108.216213,16.053638],[108.216282,16.0529]]},"properties":{"h":"residential","w":0.7}},{"type":"Feature","geometry":{"type":"LineString","coordinates":[[108.216103,16.053859],[108.215931,16.054884]]},"properties":{"h":"residential","w":0.7}},{"type":"Feature","geometry":{"type":"LineString","coordinates":[[108.216103,16.053859],[108.215781,16.053802],[108.215655,16.053809]]},"properties":{"h":"residential","w":0.7}},{"type":"Feature","geometry":{"type":"LineString","coordinates":[[108.21933,16.043243],[108.219354,16.042954]]},"properties":{"h":"residential","w":0.7}},{"type":"Feature","geometry":{"type":"LineString","coordinates":[[108.21933,16.043243],[108.219297,16.043658]]},"properties":{"h":"residential","w":0.7}},{"type":"Feature","geometry":{"type":"LineString","coordinates":[[108.21933,16.043243],[108.219856,16.043287]]},"properties":{"h":"residential","w":0.7}},{"type":"Feature","geometry":{"type":"LineString","coordinates":[[108.215931,16.054884],[108.216103,16.053859]]},"properties":{"h":"residential","w":0.7}},{"type":"Feature","geometry":{"type":"LineString","coordinates":[[108.216263,16.049657],[108.216322,16.048793]]},"properties":{"h":"tertiary","w":0.8}},{"type":"Feature","geometry":{"type":"LineString","coordinates":[[108.216263,16.049657],[108.216202,16.050451],[108.216153,16.050795],[108.216071,16.051068]]},"properties":{"h":"tertiary","w":0.8}},{"type":"Feature","geometry":{"type":"LineString","coordinates":[[108.216263,16.049657],[108.2168,16.049699],[108.216832,16.049674]]},"properties":{"h":"residential","w":0.7}},{"type":"Feature","geometry":{"type":"LineString","coordinates":[[108.225936,16.037864],[108.226013,16.037871]]},"properties":{"h":"tertiary","w":0.8}},{"type":"Feature","geometry":{"type":"LineString","coordinates":[[108.224435,16.044568],[108.224555,16.044616]]},"properties":{"h":"secondary_link","w":0.8}},{"type":"Feature","geometry":{"type":"LineString","coordinates":[[108.224435,16.044568],[108.224528,16.043798]]},"properties":{"h":"secondary","w":1.3}},{"type":"Feature","geometry":{"type":"LineString","coordinates":[[108.224435,16.044568],[108.22346,16.044469]]},"properties":{"h":"residential","w":0.7}},{"type":"Feature","geometry":{"type":"LineString","coordinates":[[108.224251,16.046116],[108.224375,16.046134]]},"properties":{"h":"secondary_link","w":0.8}},{"type":"Feature","geometry":{"type":"LineString","coordinates":[[108.224251,16.046116],[108.224346,16.045346]]},"properties":{"h":"secondary","w":1.3}},{"type":"Feature","geometry":{"type":"LineString","coordinates":[[108.223155,16.045207],[108.224346,16.045346]]},"properties":{"h":"residential","w":0.7}},{"type":"Feature","geometry":{"type":"LineString","coordinates":[[108.224346,16.045346],[108.22447,16.045362]]},"properties":{"h":"secondary_link","w":0.8}},{"type":"Feature","geometry":{"type":"LineString","coordinates":[[108.224346,16.045346],[108.224435,16.044568]]},"properties":{"h":"secondary","w":1.3}},{"type":"Feature","geometry":{"type":"LineString","coordinates":[[108.224346,16.045346],[108.223155,16.045207]]},"properties":{"h":"residential","w":0.7}},{"type":"Feature","geometry":{"type":"LineString","coordinates":[[108.225909,16.038131],[108.225936,16.037864]]},"properties":{"h":"tertiary","w":0.8}},{"type":"Feature","geometry":{"type":"LineString","coordinates":[[108.225909,16.038131],[108.225192,16.038042]]},"properties":{"h":"tertiary","w":0.8}},{"type":"Feature","geometry":{"type":"LineString","coordinates":[[108.224427,16.037712],[108.225221,16.037792]]},"properties":{"h":"tertiary","w":0.8}},{"type":"Feature","geometry":{"type":"LineString","coordinates":[[108.224528,16.043798],[108.224653,16.043813]]},"properties":{"h":"secondary_link","w":0.8}},{"type":"Feature","geometry":{"type":"LineString","coordinates":[[108.224528,16.043798],[108.224609,16.043098]]},"properties":{"h":"secondary","w":1.3}},{"type":"Feature","geometry":{"type":"LineString","coordinates":[[108.227923,16.038382],[108.22796,16.038068]]},"properties":{"h":"unclassified","w":0.7}},{"type":"Feature","geometry":{"type":"LineString","coordinates":[[108.227923,16.038382],[108.225977,16.038139]]},"properties":{"h":"tertiary","w":0.8}},{"type":"Feature","geometry":{"type":"LineString","coordinates":[[108.224609,16.043098],[108.224734,16.043111]]},"properties":{"h":"secondary_link","w":0.8}},{"type":"Feature","geometry":{"type":"LineString","coordinates":[[108.224609,16.043098],[108.224689,16.042527]]},"properties":{"h":"secondary","w":1.3}},{"type":"Feature","geometry":{"type":"LineString","coordinates":[[108.22346,16.044469],[108.223002,16.044418]]},"properties":{"h":"residential","w":0.7}},{"type":"Feature","geometry":{"type":"LineString","coordinates":[[108.22346,16.044469],[108.224435,16.044568]]},"properties":{"h":"residential","w":0.7}},{"type":"Feature","geometry":{"type":"LineString","coordinates":[[108.22346,16.044469],[108.222961,16.044748]]},"properties":{"h":"primary_link","w":1.0}},{"type":"Feature","geometry":{"type":"LineString","coordinates":[[108.206215,16.052314],[108.206125,16.052907]]},"properties":{"h":"residential","w":0.7}},{"type":"Feature","geometry":{"type":"LineString","coordinates":[[108.20467,16.053609],[108.205565,16.053733]]},"properties":{"h":"residential","w":0.7}},{"type":"Feature","geometry":{"type":"LineString","coordinates":[[108.20467,16.053609],[108.204735,16.053234]]},"properties":{"h":"residential","w":0.7}},{"type":"Feature","geometry":{"type":"LineString","coordinates":[[108.20467,16.053609],[108.204617,16.05392]]},"properties":{"h":"residential","w":0.7}},{"type":"Feature","geometry":{"type":"LineString","coordinates":[[108.205598,16.053367],[108.204735,16.053234]]},"properties":{"h":"residential","w":0.7}},{"type":"Feature","geometry":{"type":"LineString","coordinates":[[108.205598,16.053367],[108.205624,16.053176]]},"properties":{"h":"residential","w":0.7}},{"type":"Feature","geometry":{"type":"LineString","coordinates":[[108.205598,16.053367],[108.205589,16.053443]]},"properties":{"h":"residential","w":0.7}},{"type":"Feature","geometry":{"type":"LineString","coordinates":[[108.205885,16.052276],[108.205808,16.052731]]},"properties":{"h":"residential","w":0.7}},{"type":"Feature","geometry":{"type":"LineString","coordinates":[[108.204735,16.053234],[108.204763,16.053052]]},"properties":{"h":"residential","w":0.7}},{"type":"Feature","geometry":{"type":"LineString","coordinates":[[108.204735,16.053234],[108.20467,16.053609]]},"properties":{"h":"residential","w":0.7}},{"type":"Feature","geometry":{"type":"LineString","coordinates":[[108.204735,16.053234],[108.205598,16.053367]]},"properties":{"h":"residential","w":0.7}},{"type":"Feature","geometry":{"type":"LineString","coordinates":[[108.205656,16.052941],[108.205687,16.052714]]},"properties":{"h":"residential","w":0.7}},{"type":"Feature","geometry":{"type":"LineString","coordinates":[[108.205656,16.052941],[108.205624,16.053176]]},"properties":{"h":"residential","w":0.7}},{"type":"Feature","geometry":{"type":"LineString","coordinates":[[108.205656,16.052941],[108.204798,16.052804],[108.204763,16.053052]]},"properties":{"h":"residential","w":0.7}},{"type":"Feature","geometry":{"type":"LineString","coordinates":[[108.205808,16.052731],[108.205687,16.052714]]},"properties":{"h":"residential","w":0.7}},{"type":"Feature","geometry":{"type":"LineString","coordinates":[[108.205808,16.052731],[108.205885,16.052276]]},"properties":{"h":"residential","w":0.7}},{"type":"Feature","geometry":{"type":"LineString","coordinates":[[108.205808,16.052731],[108.205783,16.052855],[108.206125,16.052907]]},"properties":{"h":"residential","w":0.7}},{"type":"Feature","geometry":{"type":"LineString","coordinates":[[108.213223,16.058162],[108.213139,16.057581],[108.213023,16.057077]]},"properties":{"h":"tertiary","w":0.8}},{"type":"Feature","geometry":{"type":"LineString","coordinates":[[108.213223,16.058162],[108.213268,16.05846]]},"properties":{"h":"tertiary","w":0.8}},{"type":"Feature","geometry":{"type":"LineString","coordinates":[[108.213722,16.053604],[108.214144,16.053614],[108.21449,16.053593],[108.214516,16.05382],[108.214541,16.053833],[108.214973,16.053881],[108.215415,16.053852],[108.215431,16.053518],[108.215568,16.052717]]},"properties":{"h":"residential","w":0.7}},{"type":"Feature","geometry":{"type":"LineString","coordinates":[[108.213722,16.053604],[108.213329,16.053575],[108.212782,16.053929],[108.211869,16.054462]]},"properties":{"h":"residential","w":0.7}},{"type":"Feature","geometry":{"type":"LineString","coordinates":[[108.213722,16.053604],[108.213719,16.053955],[108.213736,16.05397],[108.214015,16.053969]]},"properties":{"h":"residential","w":0.7}},{"type":"Feature","geometry":{"type":"LineString","coordinates":[[108.205532,16.054063],[108.205565,16.053733]]},"properties":{"h":"residential","w":0.7}},{"type":"Feature","geometry":{"type":"LineString","coordinates":[[108.205532,16.054063],[108.20545,16.054814]]},"properties":{"h":"residential","w":0.7}},{"type":"Feature","geometry":{"type":"LineString","coordinates":[[108.205532,16.054063],[108.205171,16.053999]]},"properties":{"h":"residential","w":0.7}},{"type":"Feature","geometry":{"type":"LineString","coordinates":[[108.204617,16.05392],[108.20467,16.053609]]},"properties":{"h":"residential","w":0.7}},{"type":"Feature","geometry":{"type":"LineString","coordinates":[[108.204617,16.05392],[108.204555,16.05431]]},"properties":{"h":"residential","w":0.7}},{"type":"Feature","geometry":{"type":"LineString","coordinates":[[108.204617,16.05392],[108.205171,16.053999]]},"properties":{"h":"residential","w":0.7}},{"type":"Feature","geometry":{"type":"LineString","coordinates":[[108.20545,16.054814],[108.205057,16.054773]]},"properties":{"h":"residential","w":0.7}},{"type":"Feature","geometry":{"type":"LineString","coordinates":[[108.20545,16.054814],[108.205532,16.054063]]},"properties":{"h":"residential","w":0.7}},{"type":"Feature","geometry":{"type":"LineString","coordinates":[[108.20545,16.054814],[108.205382,16.055202]]},"properties":{"h":"residential","w":0.7}},{"type":"Feature","geometry":{"type":"LineString","coordinates":[[108.207454,16.055442],[108.206639,16.055379],[108.206595,16.05543],[108.206521,16.056159]]},"properties":{"h":"residential","w":0.7}},{"type":"Feature","geometry":{"type":"LineString","coordinates":[[108.205565,16.053733],[108.20467,16.053609]]},"properties":{"h":"residential","w":0.7}},{"type":"Feature","geometry":{"type":"LineString","coordinates":[[108.205565,16.053733],[108.205589,16.053443]]},"properties":{"h":"residential","w":0.7}},{"type":"Feature","geometry":{"type":"LineString","coordinates":[[108.205565,16.053733],[108.205532,16.054063]]},"properties":{"h":"residential","w":0.7}},{"type":"Feature","geometry":{"type":"LineString","coordinates":[[108.204763,16.053052],[108.204735,16.053234]]},"properties":{"h":"residential","w":0.7}},{"type":"Feature","geometry":{"type":"LineString","coordinates":[[108.204763,16.053052],[108.205624,16.053176]]},"properties":{"h":"residential","w":0.7}},{"type":"Feature","geometry":{"type":"LineString","coordinates":[[108.204763,16.053052],[108.204798,16.052804],[108.205656,16.052941]]},"properties":{"h":"residential","w":0.7}},{"type":"Feature","geometry":{"type":"LineString","coordinates":[[108.205624,16.053176],[108.205656,16.052941]]},"properties":{"h":"residential","w":0.7}},{"type":"Feature","geometry":{"type":"LineString","coordinates":[[108.205624,16.053176],[108.205598,16.053367]]},"properties":{"h":"residential","w":0.7}},{"type":"Feature","geometry":{"type":"LineString","coordinates":[[108.205624,16.053176],[108.204763,16.053052]]},"properties":{"h":"residential","w":0.7}},{"type":"Feature","geometry":{"type":"LineString","coordinates":[[108.205624,16.053176],[108.206078,16.05322],[108.206125,16.052907]]},"properties":{"h":"residential","w":0.7}},{"type":"Feature","geometry":{"type":"LineString","coordinates":[[108.215079,16.067456],[108.214792,16.065942],[108.214571,16.065463]]},"properties":{"h":"residential","w":0.7}},{"type":"Feature","geometry":{"type":"LineString","coordinates":[[108.215079,16.067456],[108.215847,16.067601]]},"properties":{"h":"tertiary","w":0.8}},{"type":"Feature","geometry":{"type":"LineString","coordinates":[[108.214462,16.086043],[108.214338,16.086109]]},"properties":{"h":"primary_link","w":1.0}},{"type":"Feature","geometry":{"type":"LineString","coordinates":[[108.214462,16.086043],[108.21469,16.086511]]},"properties":{"h":"primary","w":1.8}},{"type":"Feature","geometry":{"type":"LineString","coordinates":[[108.213864,16.084738],[108.213726,16.084801]]},"properties":{"h":"primary_link","w":1.0}},{"type":"Feature","geometry":{"type":"LineString","coordinates":[[108.213864,16.084738],[108.214462,16.086043]]},"properties":{"h":"primary","w":1.8}},{"type":"Feature","geometry":{"type":"LineString","coordinates":[[108.208478,16.077429],[108.208754,16.077173]]},"properties":{"h":"residential","w":0.7}},{"type":"Feature","geometry":{"type":"LineString","coordinates":[[108.208478,16.077429],[108.208371,16.077532]]},"properties":{"h":"residential","w":0.7}},{"type":"Feature","geometry":{"type":"LineString","coordinates":[[108.208478,16.077429],[108.209614,16.07861],[108.210574,16.079759]]},"properties":{"h":"primary","w":1.8}},{"type":"Feature","geometry":{"type":"LineString","coordinates":[[108.213413,16.083781],[108.213441,16.083841]]},"properties":{"h":"primary","w":1.8}},{"type":"Feature","geometry":{"type":"LineString","coordinates":[[108.213413,16.083781],[108.213401,16.083402],[108.213358,16.083075],[108.213308,16.082859],[108.213106,16.08236]]},"properties":{"h":"residential","w":0.7}},{"type":"Feature","geometry":{"type":"LineString","coordinates":[[108.210996,16.080276],[108.210868,16.080354]]},"properties":{"h":"secondary","w":1.3}},{"type":"Feature","geometry":{"type":"LineString","coordinates":[[108.210996,16.080276],[108.211459,16.079909],[108.211525,16.079811]]},"properties":{"h":"secondary","w":1.3}},{"type":"Feature","geometry":{"type":"LineString","coordinates":[[108.210996,16.080276],[108.212153,16.08172]]},"properties":{"h":"primary","w":1.8}},{"type":"Feature","geometry":{"type":"LineString","coordinates":[[108.208371,16.077532],[108.208478,16.077429]]},"properties":{"h":"residential","w":0.7}},{"type":"Feature","geometry":{"type":"LineString","coordinates":[[108.212045,16.081802],[108.212153,16.08172]]},"properties":{"h":"primary_link","w":1.0}},{"type":"Feature","geometry":{"type":"LineString","coordinates":[[108.212045,16.081802],[108.210868,16.080354]]},"properties":{"h":"primary","w":1.8}},{"type":"Feature","geometry":{"type":"LineString","coordinates":[[108.21553,16.048564],[108.215511,16.048676]]},"properties":{"h":"residential","w":0.7}},{"type":"Feature","geometry":{"type":"LineString","coordinates":[[108.21553,16.048564],[108.216626,16.048713]]},"properties":{"h":"primary","w":1.8}},{"type":"Feature","geometry":{"type":"LineString","coordinates":[[108.21553,16.048564],[108.215914,16.046084],[108.215923,16.045906]]},"properties":{"h":"residential","w":0.7}},{"type":"Feature","geometry":{"type":"LineString","coordinates":[[108.209592,16.048148],[108.210031,16.048006],[108.210271,16.047963],[108.210752,16.047981],[108.212598,16.048216]]},"properties":{"h":"residential","w":0.7}},{"type":"Feature","geometry":{"type":"LineString","coordinates":[[108.209592,16.048148],[108.209362,16.049699]]},"properties":{"h":"primary","w":1.8}},{"type":"Feature","geometry":{"type":"LineString","coordinates":[[108.22076,16.073981],[108.22063,16.07495]]},"properties":{"h":"tertiary","w":0.8}},{"type":"Feature","geometry":{"type":"LineString","coordinates":[[108.22076,16.073981],[108.221624,16.074069],[108.221553,16.074475]]},"properties":{"h":"residential","w":0.7}},{"type":"Feature","geometry":{"type":"LineString","coordinates":[[108.223675,16.074306],[108.222701,16.074163]]},"properties":{"h":"residential","w":0.7}},{"type":"Feature","geometry":{"type":"LineString","coordinates":[[108.223675,16.074306],[108.223772,16.073404]]},"properties":{"h":"primary","w":1.8}},{"type":"Feature","geometry":{"type":"LineString","coordinates":[[108.208831,16.050422],[108.208861,16.05034],[108.208912,16.050268],[108.208975,16.050217],[108.209127,16.050164]]},"properties":{"h":"primary","w":1.8}},{"type":"Feature","geometry":{"type":"LineString","coordinates":[[108.208831,16.050422],[108.208818,16.049874],[108.208832,16.049774]]},"properties":{"h":"residential","w":0.7}},{"type":"Feature","geometry":{"type":"LineString","coordinates":[[108.209493,16.050561],[108.209418,16.050703],[108.209355,16.050757]]},"properties":{"h":"primary","w":1.8}},{"type":"Feature","geometry":{"type":"LineString","coordinates":[[108.2093,16.050787],[108.209193,16.051291]]},"properties":{"h":"primary","w":1.8}},{"type":"Feature","geometry":{"type":"LineString","coordinates":[[108.2093,16.050787],[108.209215,16.050811],[108.20904,16.050792]]},"properties":{"h":"primary","w":1.8}},{"type":"Feature","geometry":{"type":"LineString","coordinates":[[108.223823,16.03118],[108.223939,16.031135]]},"properties":{"h":"residential","w":0.7}},{"type":"Feature","geometry":{"type":"LineString","coordinates":[[108.223823,16.03118],[108.222339,16.027765],[108.222141,16.027379],[108.221957,16.027094],[108.221758,16.026857]]},"properties":{"h":"trunk","w":2.2}},{"type":"Feature","geometry":{"type":"LineString","coordinates":[[108.223823,16.03118],[108.223485,16.031307],[108.222785,16.031369]]},"properties":{"h":"residential","w":0.7}},{"type":"Feature","geometry":{"type":"LineString","coordinates":[[108.222237,16.05195],[108.222223,16.052225]]},"properties":{"h":"primary","w":1.8}},{"type":"Feature","geometry":{"type":"LineString","coordinates":[[108.222251,16.055491],[108.222141,16.055495]]},"properties":{"h":"residential","w":0.7}},{"type":"Feature","geometry":{"type":"LineString","coordinates":[[108.222251,16.055491],[108.222276,16.056415]]},"properties":{"h":"primary","w":1.8}},{"type":"Feature","geometry":{"type":"LineString","coordinates":[[108.222251,16.055491],[108.222847,16.055463]]},"properties":{"h":"residential","w":0.7}},{"type":"Feature","geometry":{"type":"LineString","coordinates":[[108.222276,16.056415],[108.222167,16.056422]]},"properties":{"h":"residential","w":0.7}},{"type":"Feature","geometry":{"type":"LineString","coordinates":[[108.222276,16.056415],[108.222352,16.05698],[108.222484,16.057457],[108.222596,16.057753]]},"properties":{"h":"primary","w":1.8}},{"type":"Feature","geometry":{"type":"LineString","coordinates":[[108.222596,16.057753],[108.222497,16.057804]]},"properties":{"h":"residential","w":0.7}},{"type":"Feature","geometry":{"type":"LineString","coordinates":[[108.222596,16.057753],[108.222831,16.058264],[108.223718,16.05966]]},"properties":{"h":"primary","w":1.8}},{"type":"Feature","geometry":{"type":"LineString","coordinates":[[108.222596,16.057753],[108.222766,16.057677],[108.223143,16.057561]]},"properties":{"h":"residential","w":0.7}},{"type":"Feature","geometry":{"type":"LineString","coordinates":[[108.224964,16.072088],[108.224277,16.075647]]},"properties":{"h":"primary","w":1.8}},{"type":"Feature","geometry":{"type":"LineString","coordinates":[[108.221727,16.050027],[108.221697,16.050275]]},"properties":{"h":"residential","w":0.7}},{"type":"Feature","geometry":{"type":"LineString","coordinates":[[108.220647,16.050155],[108.221697,16.050275]]},"properties":{"h":"residential","w":0.7}},{"type":"Feature","geometry":{"type":"LineString","coordinates":[[108.220647,16.050155],[108.220722,16.04938]]},"properties":{"h":"secondary","w":1.3}},{"type":"Feature","geometry":{"type":"LineString","coordinates":[[108.220647,16.050155],[108.220472,16.0518]]},"properties":{"h":"secondary","w":1.3}},{"type":"Feature","geometry":{"type":"LineString","coordinates":[[108.221697,16.050275],[108.221727,16.050027]]},"properties":{"h":"residential","w":0.7}},{"type":"Feature","geometry":{"type":"LineString","coordinates":[[108.221697,16.050275],[108.220647,16.050155]]},"properties":{"h":"residential","w":0.7}},{"type":"Feature","geometry":{"type":"LineString","coordinates":[[108.221697,16.050275],[108.221654,16.050643]]},"properties":{"h":"residential","w":0.7}},{"type":"Feature","geometry":{"type":"LineString","coordinates":[[108.221654,16.050643],[108.221697,16.050275]]},"properties":{"h":"residential","w":0.7}},{"type":"Feature","geometry":{"type":"LineString","coordinates":[[108.207446,16.056173],[108.207574,16.056206],[108.207661,16.056302]]},"properties":{"h":"primary","w":1.8}},{"type":"Feature","geometry":{"type":"LineString","coordinates":[[108.207446,16.056173],[108.207827,16.055933]]},"properties":{"h":"primary","w":1.8}},{"type":"Feature","geometry":{"type":"LineString","coordinates":[[108.207661,16.056302],[108.208209,16.056426]]},"properties":{"h":"tertiary","w":0.8}},{"type":"Feature","geometry":{"type":"LineString","coordinates":[[108.223957,16.060974],[108.224002,16.061128]]},"properties":{"h":"primary","w":1.8}},{"type":"Feature","geometry":{"type":"LineString","coordinates":[[108.223957,16.060974],[108.224258,16.060979]]},"properties":{"h":"primary","w":1.8}},{"type":"Feature","geometry":{"type":"LineString","coordinates":[[108.222266,16.025798],[108.221921,16.026087],[108.221914,16.026122],[108.221939,16.026167],[108.222771,16.027119],[108.222995,16.027332],[108.223581,16.027771],[108.223631,16.027773],[108.223721,16.027687]]},"properties":{"h":"residential","w":0.7}},{"type":"Feature","geometry":{"type":"LineString","coordinates":[[108.222266,16.025798],[108.222996,16.026678],[108.223171,16.02684],[108.223941,16.027461]]},"properties":{"h":"tertiary","w":0.8}},{"type":"Feature","geometry":{"type":"LineString","coordinates":[[108.222266,16.025798],[108.221922,16.025394]]},"properties":{"h":"tertiary","w":0.8}},{"type":"Feature","geometry":{"type":"LineString","coordinates":[[108.223941,16.027461],[108.223721,16.027687]]},"properties":{"h":"residential","w":0.7}},{"type":"Feature","geometry":{"type":"LineString","coordinates":[[108.223941,16.027461],[108.22486,16.028263]]},"properties":{"h":"tertiary","w":0.8}},{"type":"Feature","geometry":{"type":"LineString","coordinates":[[108.223941,16.027461],[108.223171,16.02684],[108.222996,16.026678],[108.222266,16.025798]]},"properties":{"h":"tertiary","w":0.8}},{"type":"Feature","geometry":{"type":"LineString","coordinates":[[108.224659,16.028483],[108.22486,16.028263]]},"properties":{"h":"residential","w":0.7}},{"type":"Feature","geometry":{"type":"LineString","coordinates":[[108.224659,16.028483],[108.224788,16.028589]]},"properties":{"h":"residential","w":0.7}},{"type":"Feature","geometry":{"type":"LineString","coordinates":[[108.224659,16.028483],[108.223721,16.027687]]},"properties":{"h":"residential","w":0.7}},{"type":"Feature","geometry":{"type":"LineString","coordinates":[[108.22486,16.028263],[108.224659,16.028483]]},"properties":{"h":"residential","w":0.7}},{"type":"Feature","geometry":{"type":"LineString","coordinates":[[108.22486,16.028263],[108.225315,16.028628],[108.225824,16.028869]]},"properties":{"h":"tertiary","w":0.8}},{"type":"Feature","geometry":{"type":"LineString","coordinates":[[108.22486,16.028263],[108.223941,16.027461]]},"properties":{"h":"tertiary","w":0.8}},{"type":"Feature","geometry":{"type":"LineString","coordinates":[[108.223277,16.032327],[108.223271,16.032149]]},"properties":{"h":"residential","w":0.7}},{"type":"Feature","geometry":{"type":"LineString","coordinates":[[108.223277,16.032327],[108.223273,16.032483],[108.222788,16.032463]]},"properties":{"h":"residential","w":0.7}},{"type":"Feature","geometry":{"type":"LineString","coordinates":[[108.223277,16.032327],[108.223809,16.032322]]},"properties":{"h":"residential","w":0.7}},{"type":"Feature","geometry":{"type":"LineString","coordinates":[[108.223271,16.032149],[108.223277,16.032327]]},"properties":{"h":"residential","w":0.7}},{"type":"Feature","geometry":{"type":"LineString","coordinates":[[108.222799,16.031723],[108.222805,16.032018]]},"properties":{"h":"secondary","w":1.3}},{"type":"Feature","geometry":{"type":"LineString","coordinates":[[108.222799,16.031723],[108.222785,16.031369]]},"properties":{"h":"secondary","w":1.3}},{"type":"Feature","geometry":{"type":"LineString","coordinates":[[108.222799,16.031723],[108.223548,16.031896],[108.224072,16.031916]]},"properties":{"h":"residential","w":0.7}},{"type":"Feature","geometry":{"type":"LineString","coordinates":[[108.222784,16.03134],[108.222756,16.03083]]},"properties":{"h":"secondary","w":1.3}},{"type":"Feature","geometry":{"type":"LineString","coordinates":[[108.222784,16.03134],[108.222785,16.031369]]},"properties":{"h":"secondary","w":1.3}},{"type":"Feature","geometry":{"type":"LineString","coordinates":[[108.222784,16.03134],[108.220829,16.031022]]},"properties":{"h":"residential","w":0.7}},{"type":"Feature","geometry":{"type":"LineString","coordinates":[[108.222045,16.028212],[108.221701,16.028284],[108.220819,16.028177]]},"properties":{"h":"residential","w":0.7}},{"type":"Feature","geometry":{"type":"LineString","coordinates":[[108.222045,16.028212],[108.221807,16.027234]]},"properties":{"h":"secondary","w":1.3}},{"type":"Feature","geometry":{"type":"LineString","coordinates":[[108.222045,16.028212],[108.222195,16.028697]]},"properties":{"h":"secondary","w":1.3}},{"type":"Feature","geometry":{"type":"LineString","coordinates":[[108.220819,16.028177],[108.220828,16.028156]]},"properties":{"h":"residential","w":0.7}},{"type":"Feature","geometry":{"type":"LineString","coordinates":[[108.220819,16.028177],[108.220777,16.028252],[108.220732,16.028698]]},"properties":{"h":"residential","w":0.7}},{"type":"Feature","geometry":{"type":"LineString","coordinates":[[108.220819,16.028177],[108.221701,16.028284],[108.222045,16.028212]]},"properties":{"h":"residential","w":0.7}},{"type":"Feature","geometry":{"type":"LineString","coordinates":[[108.220839,16.030219],[108.221007,16.030237]]},"properties":{"h":"residential","w":0.7}},{"type":"Feature","geometry":{"type":"LineString","coordinates":[[108.220839,16.030219],[108.220734,16.030965]]},"properties":{"h":"residential","w":0.7}},{"type":"Feature","geometry":{"type":"LineString","coordinates":[[108.220839,16.030219],[108.220491,16.030183]]},"properties":{"h":"residential","w":0.7}},{"type":"Feature","geometry":{"type":"LineString","coordinates":[[108.220734,16.030965],[108.220839,16.030219]]},"properties":{"h":"residential","w":0.7}},{"type":"Feature","geometry":{"type":"LineString","coordinates":[[108.220734,16.030965],[108.220388,16.030945]]},"properties":{"h":"residential","w":0.7}},{"type":"Feature","geometry":{"type":"LineString","coordinates":[[108.220734,16.030965],[108.220831,16.030988],[108.220829,16.031022]]},"properties":{"h":"residential","w":0.7}},{"type":"Feature","geometry":{"type":"LineString","coordinates":[[108.22079,16.031772],[108.221254,16.031833]]},"properties":{"h":"residential","w":0.7}},{"type":"Feature","geometry":{"type":"LineString","coordinates":[[108.22079,16.031772],[108.220273,16.031692]]},"properties":{"h":"residential","w":0.7}},{"type":"Feature","geometry":{"type":"LineString","coordinates":[[108.22079,16.031772],[108.220829,16.031022]]},"properties":{"h":"residential","w":0.7}},{"type":"Feature","geometry":{"type":"LineString","coordinates":[[108.220388,16.030945],[108.220491,16.030183]]},"properties":{"h":"residential","w":0.7}},{"type":"Feature","geometry":{"type":"LineString","coordinates":[[108.220388,16.030945],[108.220273,16.031692]]},"properties":{"h":"residential","w":0.7}},{"type":"Feature","geometry":{"type":"LineString","coordinates":[[108.220388,16.030945],[108.220734,16.030965]]},"properties":{"h":"residential","w":0.7}},{"type":"Feature","geometry":{"type":"LineString","coordinates":[[108.222756,16.03083],[108.222245,16.030829]]},"properties":{"h":"residential","w":0.7}},{"type":"Feature","geometry":{"type":"LineString","coordinates":[[108.222756,16.03083],[108.222715,16.030452]]},"properties":{"h":"secondary","w":1.3}},{"type":"Feature","geometry":{"type":"LineString","coordinates":[[108.222756,16.03083],[108.222784,16.03134]]},"properties":{"h":"secondary","w":1.3}},{"type":"Feature","geometry":{"type":"LineString","coordinates":[[108.222245,16.030829],[108.222756,16.03083]]},"properties":{"h":"residential","w":0.7}},{"type":"Feature","geometry":{"type":"LineString","coordinates":[[108.222245,16.030829],[108.222261,16.030618]]},"properties":{"h":"residential","w":0.7}},{"type":"Feature","geometry":{"type":"LineString","coordinates":[[108.222245,16.030829],[108.221909,16.03078],[108.221944,16.030563],[108.221936,16.030301]]},"properties":{"h":"residential","w":0.7}},{"type":"Feature","geometry":{"type":"LineString","coordinates":[[108.222261,16.030618],[108.222245,16.030829]]},"properties":{"h":"residential","w":0.7}},{"type":"Feature","geometry":{"type":"LineString","coordinates":[[108.215802,16.088021],[108.216225,16.088044]]},"properties":{"h":"residential","w":0.7}},{"type":"Feature","geometry":{"type":"LineString","coordinates":[[108.215802,16.088021],[108.215628,16.088801],[108.215654,16.089271],[108.215554,16.090154]]},"properties":{"h":"residential","w":0.7}},{"type":"Feature","geometry":{"type":"LineString","coordinates":[[108.215802,16.088021],[108.215852,16.087492],[108.215835,16.08729]]},"properties":{"h":"residential","w":0.7}},{"type":"Feature","geometry":{"type":"LineString","coordinates":[[108.216217,16.088392],[108.217116,16.088432]]},"properties":{"h":"residential","w":0.7}},{"type":"Feature","geometry":{"type":"LineString","coordinates":[[108.216217,16.088392],[108.216204,16.088725]]},"properties":{"h":"residential","w":0.7}},{"type":"Feature","geometry":{"type":"LineString","coordinates":[[108.216217,16.088392],[108.216225,16.088044]]},"properties":{"h":"residential","w":0.7}},{"type":"Feature","geometry":{"type":"LineString","coordinates":[[108.216204,16.088725],[108.216187,16.089095]]},"properties":{"h":"residential","w":0.7}},{"type":"Feature","geometry":{"type":"LineString","coordinates":[[108.216204,16.088725],[108.216217,16.088392]]},"properties":{"h":"residential","w":0.7}},{"type":"Feature","geometry":{"type":"LineString","coordinates":[[108.216204,16.088725],[108.217094,16.088773]]},"properties":{"h":"residential","w":0.7}},{"type":"Feature","geometry":{"type":"LineString","coordinates":[[108.216834,16.087319],[108.216988,16.087706]]},"properties":{"h":"residential","w":0.7}},{"type":"Feature","geometry":{"type":"LineString","coordinates":[[108.216834,16.087319],[108.216336,16.087597],[108.216264,16.087696],[108.216243,16.087756],[108.216225,16.088044]]},"properties":{"h":"residential","w":0.7}},{"type":"Feature","geometry":{"type":"LineString","coordinates":[[108.216834,16.087319],[108.216614,16.086901]]},"properties":{"h":"residential","w":0.7}},{"type":"Feature","geometry":{"type":"LineString","coordinates":[[108.216225,16.088044],[108.215802,16.088021]]},"properties":{"h":"residential","w":0.7}},{"type":"Feature","geometry":{"type":"LineString","coordinates":[[108.216225,16.088044],[108.217128,16.088093]]},"properties":{"h":"residential","w":0.7}},{"type":"Feature","geometry":{"type":"LineString","coordinates":[[108.216225,16.088044],[108.216217,16.088392]]},"properties":{"h":"residential","w":0.7}},{"type":"Feature","geometry":{"type":"LineString","coordinates":[[108.216225,16.088044],[108.216243,16.087756],[108.216264,16.087696],[108.216336,16.087597],[108.216834,16.087319]]},"properties":{"h":"residential","w":0.7}},{"type":"Feature","geometry":{"type":"LineString","coordinates":[[108.219202,16.089601],[108.219028,16.089928]]},"properties":{"h":"residential","w":0.7}},{"type":"Feature","geometry":{"type":"LineString","coordinates":[[108.219202,16.089601],[108.217058,16.08951]]},"properties":{"h":"residential","w":0.7}},{"type":"Feature","geometry":{"type":"LineString","coordinates":[[108.219202,16.089601],[108.220165,16.087733],[108.220188,16.087657]]},"properties":{"h":"residential","w":0.7}},{"type":"Feature","geometry":{"type":"LineString","coordinates":[[108.220188,16.087657],[108.220165,16.087733],[108.219202,16.089601]]},"properties":{"h":"residential","w":0.7}},{"type":"Feature","geometry":{"type":"LineString","coordinates":[[108.220188,16.087657],[108.22007,16.087066]]},"properties":{"h":"residential","w":0.7}},{"type":"Feature","geometry":{"type":"LineString","coordinates":[[108.220188,16.087657],[108.220908,16.088006]]},"properties":{"h":"residential","w":0.7}},{"type":"Feature","geometry":{"type":"LineString","coordinates":[[108.21883,16.090329],[108.219028,16.089928]]},"properties":{"h":"residential","w":0.7}},{"type":"Feature","geometry":{"type":"LineString","coordinates":[[108.21883,16.090329],[108.218976,16.090379],[108.219526,16.090647]]},"properties":{"h":"tertiary","w":0.8}},{"type":"Feature","geometry":{"type":"LineString","coordinates":[[108.21883,16.090329],[108.218214,16.09028],[108.217037,16.090236]]},"properties":{"h":"tertiary","w":0.8}},{"type":"Feature","geometry":{"type":"LineString","coordinates":[[108.219754,16.087133],[108.219817,16.087401],[108.219794,16.087514],[108.219292,16.088408]]},"properties":{"h":"residential","w":0.7}},{"type":"Feature","geometry":{"type":"LineString","coordinates":[[108.219754,16.087133],[108.21951,16.087184],[108.219391,16.087256],[108.21908,16.087775]]},"properties":{"h":"residential","w":0.7}},{"type":"Feature","geometry":{"type":"LineString","coordinates":[[108.219754,16.087133],[108.22007,16.087066]]},"properties":{"h":"residential","w":0.7}},{"type":"Feature","geometry":{"type":"LineString","coordinates":[[108.216187,16.089095],[108.216204,16.088725]]},"properties":{"h":"residential","w":0.7}},{"type":"Feature","geometry":{"type":"LineString","coordinates":[[108.216187,16.089095],[108.216171,16.089392],[108.216229,16.089467],[108.21633,16.089485],[108.217058,16.08951]]},"properties":{"h":"residential","w":0.7}},{"type":"Feature","geometry":{"type":"LineString","coordinates":[[108.216187,16.089095],[108.217069,16.089151]]},"properties":{"h":"residential","w":0.7}},{"type":"Feature","geometry":{"type":"LineString","coordinates":[[108.219028,16.089928],[108.21883,16.090329]]},"properties":{"h":"residential","w":0.7}},{"type":"Feature","geometry":{"type":"LineString","coordinates":[[108.219028,16.089928],[108.219202,16.089601]]},"properties":{"h":"residential","w":0.7}},{"type":"Feature","geometry":{"type":"LineString","coordinates":[[108.219028,16.089928],[108.217047,16.089849]]},"properties":{"h":"residential","w":0.7}},{"type":"Feature","geometry":{"type":"LineString","coordinates":[[108.216476,16.089823],[108.217047,16.089849]]},"properties":{"h":"residential","w":0.7}},{"type":"Feature","geometry":{"type":"LineString","coordinates":[[108.216988,16.087706],[108.217633,16.08771]]},"properties":{"h":"residential","w":0.7}},{"type":"Feature","geometry":{"type":"LineString","coordinates":[[108.216988,16.087706],[108.216834,16.087319]]},"properties":{"h":"residential","w":0.7}},{"type":"Feature","geometry":{"type":"LineString","coordinates":[[108.216988,16.087706],[108.217128,16.088093]]},"properties":{"h":"residential","w":0.7}},{"type":"Feature","geometry":{"type":"LineString","coordinates":[[108.21908,16.087775],[108.217633,16.08771]]},"properties":{"h":"residential","w":0.7}},{"type":"Feature","geometry":{"type":"LineString","coordinates":[[108.21908,16.087775],[108.218856,16.088164]]},"properties":{"h":"residential","w":0.7}},{"type":"Feature","geometry":{"type":"LineString","coordinates":[[108.21908,16.087775],[108.219391,16.087256],[108.21951,16.087184],[108.219754,16.087133]]},"properties":{"h":"residential","w":0.7}},{"type":"Feature","geometry":{"type":"LineString","coordinates":[[108.217633,16.08771],[108.21908,16.087775]]},"properties":{"h":"residential","w":0.7}},{"type":"Feature","geometry":{"type":"LineString","coordinates":[[108.217633,16.08771],[108.216988,16.087706]]},"properties":{"h":"residential","w":0.7}},{"type":"Feature","geometry":{"type":"LineString","coordinates":[[108.217633,16.08771],[108.21763,16.08751]]},"properties":{"h":"residential","w":0.7}},{"type":"Feature","geometry":{"type":"LineString","coordinates":[[108.21996,16.086582],[108.219917,16.086411]]},"properties":{"h":"residential","w":0.7}},{"type":"Feature","geometry":{"type":"LineString","coordinates":[[108.21996,16.086582],[108.22007,16.087066]]},"properties":{"h":"residential","w":0.7}},{"type":"Feature","geometry":{"type":"LineString","coordinates":[[108.21996,16.086582],[108.220827,16.086345],[108.220947,16.086354],[108.221027,16.086386]]},"properties":{"h":"residential","w":0.7}},{"type":"Feature","geometry":{"type":"LineString","coordinates":[[108.221601,16.086672],[108.221027,16.086386]]},"properties":{"h":"residential","w":0.7}},{"type":"Feature","geometry":{"type":"LineString","coordinates":[[108.221601,16.086672],[108.220908,16.088006]]},"properties":{"h":"tertiary","w":0.8}},{"type":"Feature","geometry":{"type":"LineString","coordinates":[[108.21712,16.06069],[108.217145,16.060776],[108.217128,16.060834]]},"properties":{"h":"primary","w":1.8}},{"type":"Feature","geometry":{"type":"LineString","coordinates":[[108.21712,16.06069],[108.217359,16.060731],[108.218295,16.060787]]},"properties":{"h":"primary","w":1.8}},{"type":"Feature","geometry":{"type":"LineString","coordinates":[[108.223149,16.061101],[108.223142,16.060955]]},"properties":{"h":"primary","w":1.8}},{"type":"Feature","geometry":{"type":"LineString","coordinates":[[108.223149,16.061101],[108.222094,16.061049]]},"properties":{"h":"primary","w":1.8}},{"type":"Feature","geometry":{"type":"LineString","coordinates":[[108.224002,16.061128],[108.224065,16.061328]]},"properties":{"h":"primary","w":1.8}},{"type":"Feature","geometry":{"type":"LineString","coordinates":[[108.224002,16.061128],[108.223804,16.061121]]},"properties":{"h":"primary","w":1.8}},{"type":"Feature","geometry":{"type":"LineString","coordinates":[[108.223803,16.060971],[108.223957,16.060974]]},"properties":{"h":"primary","w":1.8}},{"type":"Feature","geometry":{"type":"LineString","coordinates":[[108.223803,16.060971],[108.223812,16.060429]]},"properties":{"h":"primary","w":1.8}},{"type":"Feature","geometry":{"type":"LineString","coordinates":[[108.218295,16.060787],[108.218304,16.060899]]},"properties":{"h":"residential","w":0.7}},{"type":"Feature","geometry":{"type":"LineString","coordinates":[[108.218295,16.060787],[108.218226,16.05961]]},"properties":{"h":"residential","w":0.7}},{"type":"Feature","geometry":{"type":"LineString","coordinates":[[108.218295,16.060787],[108.219522,16.060858]]},"properties":{"h":"primary","w":1.8}},{"type":"Feature","geometry":{"type":"LineString","coordinates":[[108.219522,16.060858],[108.221822,16.060935],[108.223142,16.060955]]},"properties":{"h":"primary","w":1.8}},{"type":"Feature","geometry":{"type":"LineString","coordinates":[[108.219522,16.060858],[108.219378,16.05991],[108.218903,16.057297]]},"properties":{"h":"tertiary","w":0.8}},{"type":"Feature","geometry":{"type":"LineString","coordinates":[[108.223142,16.060955],[108.223082,16.060617],[108.223037,16.060522],[108.222663,16.060156],[108.221419,16.05915],[108.221297,16.059001],[108.220948,16.058284]]},"properties":{"h":"secondary","w":1.3}},{"type":"Feature","geometry":{"type":"LineString","coordinates":[[108.223142,16.060955],[108.223803,16.060971]]},"properties":{"h":"primary","w":1.8}},{"type":"Feature","geometry":{"type":"LineString","coordinates":[[108.223142,16.060955],[108.223185,16.06092],[108.223351,16.060865],[108.223602,16.06084],[108.223703,16.060792],[108.223737,16.060733],[108.223812,16.060429]]},"properties":{"h":"primary_link","w":1.0}},{"type":"Feature","geometry":{"type":"LineString","coordinates":[[108.223385,16.076514],[108.222453,16.076411]]},"properties":{"h":"residential","w":0.7}},{"type":"Feature","geometry":{"type":"LineString","coordinates":[[108.223385,16.076514],[108.224123,16.07658]]},"properties":{"h":"residential","w":0.7}},{"type":"Feature","geometry":{"type":"LineString","coordinates":[[108.223385,16.076514],[108.223496,16.075514]]},"properties":{"h":"primary","w":1.8}},{"type":"Feature","geometry":{"type":"LineString","coordinates":[[108.224123,16.07658],[108.223385,16.076514]]},"properties":{"h":"residential","w":0.7}},{"type":"Feature","geometry":{"type":"LineString","coordinates":[[108.224123,16.07658],[108.223992,16.077794]]},"properties":{"h":"primary","w":1.8}},{"type":"Feature","geometry":{"type":"LineString","coordinates":[[108.223718,16.05966],[108.223584,16.059742]]},"properties":{"h":"primary_link","w":1.0}},{"type":"Feature","geometry":{"type":"LineString","coordinates":[[108.223718,16.05966],[108.223886,16.059945],[108.223942,16.060092]]},"properties":{"h":"primary","w":1.8}},{"type":"Feature","geometry":{"type":"LineString","coordinates":[[108.221778,16.061036],[108.221505,16.061107]]},"properties":{"h":"residential","w":0.7}},{"type":"Feature","geometry":{"type":"LineString","coordinates":[[108.221778,16.061036],[108.219545,16.060972]]},"properties":{"h":"primary","w":1.8}},{"type":"Feature","geometry":{"type":"LineString","coordinates":[[108.22379,16.049688],[108.223725,16.049493]]},"properties":{"h":"primary","w":1.8}},{"type":"Feature","geometry":{"type":"LineString","coordinates":[[108.22379,16.049688],[108.223164,16.049628]]},"properties":{"h":"primary","w":1.8}},{"type":"Feature","geometry":{"type":"LineString","coordinates":[[108.22379,16.049688],[108.223761,16.050438]]},"properties":{"h":"primary","w":1.8}},{"type":"Feature","geometry":{"type":"LineString","coordinates":[[108.204757,16.050606],[108.204748,16.050717]]},"properties":{"h":"tertiary","w":0.8}},{"type":"Feature","geometry":{"type":"LineString","coordinates":[[108.204757,16.050606],[108.205671,16.050722]]},"properties":{"h":"tertiary","w":0.8}},{"type":"Feature","geometry":{"type":"LineString","coordinates":[[108.204748,16.050717],[108.204757,16.050606]]},"properties":{"h":"tertiary","w":0.8}},{"type":"Feature","geometry":{"type":"LineString","coordinates":[[108.204748,16.050717],[108.204548,16.051974],[108.20419,16.054572]]},"properties":{"h":"tertiary","w":0.8}},{"type":"Feature","geometry":{"type":"LineString","coordinates":[[108.20904,16.050792],[108.20897,16.050757]]},"properties":{"h":"primary","w":1.8}},{"type":"Feature","geometry":{"type":"LineString","coordinates":[[108.208556,16.050965],[108.208442,16.051007]]},"properties":{"h":"tertiary","w":0.8}},{"type":"Feature","geometry":{"type":"LineString","coordinates":[[108.203083,16.054426],[108.203245,16.054435]]},"properties":{"h":"tertiary","w":0.8}},{"type":"Feature","geometry":{"type":"LineString","coordinates":[[108.203083,16.054426],[108.202194,16.05431],[108.202126,16.054352]]},"properties":{"h":"tertiary","w":0.8}},{"type":"Feature","geometry":{"type":"LineString","coordinates":[[108.203083,16.054426],[108.203444,16.051956],[108.203465,16.051678],[108.203492,16.051524],[108.20356,16.051332],[108.203661,16.051148],[108.203752,16.051043],[108.203836,16.05096],[108.204039,16.050812],[108.204494,16.050614],[108.20459,16.050599],[108.204757,16.050606]]},"properties":{"h":"tertiary","w":0.8}},{"type":"Feature","geometry":{"type":"LineString","coordinates":[[108.203245,16.054435],[108.203083,16.054426]]},"properties":{"h":"tertiary","w":0.8}},{"type":"Feature","geometry":{"type":"LineString","coordinates":[[108.203245,16.054435],[108.20419,16.054572]]},"properties":{"h":"tertiary","w":0.8}},{"type":"Feature","geometry":{"type":"LineString","coordinates":[[108.203245,16.054435],[108.203356,16.053781],[108.203621,16.051846],[108.20371,16.051435],[108.203872,16.051185],[108.204041,16.051028],[108.204333,16.050868],[108.204748,16.050717]]},"properties":{"h":"tertiary","w":0.8}},{"type":"Feature","geometry":{"type":"LineString","coordinates":[[108.203785,16.055686],[108.20384,16.055722]]},"properties":{"h":"tertiary","w":0.8}},{"type":"Feature","geometry":{"type":"LineString","coordinates":[[108.203785,16.055686],[108.203482,16.055411],[108.20334,16.055236],[108.203225,16.054978],[108.203176,16.054695],[108.203184,16.054348],[108.203233,16.053935],[108.203573,16.051645],[108.203619,16.051465],[108.203701,16.051276],[108.203793,16.051129],[108.203922,16.051004],[108.20416,16.050846],[108.204479,16.050717],[108.204559,16.050698],[108.204748,16.050717]]},"properties":{"h":"tertiary","w":0.8}},{"type":"Feature","geometry":{"type":"LineString","coordinates":[[108.203785,16.055686],[108.203681,16.055678],[108.20363,16.055654],[108.203162,16.055349]]},"properties":{"h":"tertiary","w":0.8}},{"type":"Feature","geometry":{"type":"LineString","coordinates":[[108.203698,16.057777],[108.20378,16.057829]]},"properties":{"h":"tertiary","w":0.8}},{"type":"Feature","geometry":{"type":"LineString","coordinates":[[108.20378,16.057829],[108.2038,16.057862]]},"properties":{"h":"tertiary","w":0.8}},{"type":"Feature","geometry":{"type":"LineString","coordinates":[[108.203534,16.057837],[108.203563,16.057772],[108.20384,16.055722]]},"properties":{"h":"tertiary","w":0.8}},{"type":"Feature","geometry":{"type":"LineString","coordinates":[[108.203534,16.057837],[108.203606,16.057782],[108.203698,16.057777]]},"properties":{"h":"tertiary","w":0.8}},{"type":"Feature","geometry":{"type":"LineString","coordinates":[[108.2038,16.057862],[108.203908,16.057951],[108.204431,16.058132]]},"properties":{"h":"tertiary","w":0.8}},{"type":"Feature","geometry":{"type":"LineString","coordinates":[[108.2038,16.057862],[108.203812,16.05791],[108.203783,16.058005],[108.203698,16.058061]]},"properties":{"h":"tertiary","w":0.8}},{"type":"Feature","geometry":{"type":"LineString","coordinates":[[108.203577,16.058042],[108.203511,16.057948],[108.203534,16.057837]]},"properties":{"h":"tertiary","w":0.8}},{"type":"Feature","geometry":{"type":"LineString","coordinates":[[108.203577,16.058042],[108.202993,16.057963],[108.202921,16.057932],[108.202862,16.05788],[108.202823,16.057814],[108.202807,16.057739],[108.202821,16.057634]]},"properties":{"h":"tertiary","w":0.8}},{"type":"Feature","geometry":{"type":"LineString","coordinates":[[108.203615,16.058059],[108.203577,16.058042]]},"properties":{"h":"tertiary","w":0.8}},{"type":"Feature","geometry":{"type":"LineString","coordinates":[[108.203615,16.058059],[108.20332,16.058241],[108.203226,16.058262],[108.203091,16.058257],[108.202981,16.058227],[108.202888,16.05817],[108.202773,16.058038],[108.202726,16.057898],[108.20271,16.057749],[108.203052,16.055471],[108.203123,16.05534],[108.203268,16.05523],[108.203351,16.055198],[108.203591,16.055192],[108.203685,16.055225],[108.203793,16.055297],[108.203847,16.055358],[108.203902,16.055436],[108.203937,16.055533],[108.203929,16.055778],[108.203643,16.057631],[108.203644,16.057691],[108.203698,16.057777]]},"properties":{"h":"tertiary","w":0.8}},{"type":"Feature","geometry":{"type":"LineString","coordinates":[[108.203698,16.058061],[108.203646,16.058064]]},"properties":{"h":"tertiary","w":0.8}},{"type":"Feature","geometry":{"type":"LineString","coordinates":[[108.205432,16.058571],[108.204377,16.058241]]},"properties":{"h":"tertiary","w":0.8}},{"type":"Feature","geometry":{"type":"LineString","coordinates":[[108.205432,16.058571],[108.20484,16.059937]]},"properties":{"h":"residential","w":0.7}},{"type":"Feature","geometry":{"type":"LineString","coordinates":[[108.210727,16.039282],[108.21078,16.039326]]},"properties":{"h":"primary","w":1.8}},{"type":"Feature","geometry":{"type":"LineString","coordinates":[[108.21078,16.039326],[108.211489,16.039504],[108.211794,16.039547]]},"properties":{"h":"tertiary","w":0.8}},{"type":"Feature","geometry":{"type":"LineString","coordinates":[[108.21078,16.039326],[108.21085,16.039448],[108.210857,16.039541],[108.21083,16.039631],[108.210762,16.03972]]},"properties":{"h":"primary","w":1.8}},{"type":"Feature","geometry":{"type":"LineString","coordinates":[[108.210363,16.039698],[108.210293,16.039542],[108.210299,16.039452],[108.210335,16.039375]]},"properties":{"h":"primary","w":1.8}},{"type":"Feature","geometry":{"type":"LineString","coordinates":[[108.210762,16.03972],[108.210616,16.039782],[108.210527,16.039781],[108.210443,16.039753],[108.210363,16.039698]]},"properties":{"h":"primary","w":1.8}},{"type":"Feature","geometry":{"type":"LineString","coordinates":[[108.210762,16.03972],[108.210569,16.040459],[108.210547,16.040703]]},"properties":{"h":"primary","w":1.8}},{"type":"Feature","geometry":{"type":"LineString","coordinates":[[108.215547,16.040193],[108.215561,16.040361],[108.215504,16.040817]]},"properties":{"h":"residential","w":0.7}},{"type":"Feature","geometry":{"type":"LineString","coordinates":[[108.215547,16.040193],[108.215494,16.040176]]},"properties":{"h":"tertiary","w":0.8}},{"type":"Feature","geometry":{"type":"LineString","coordinates":[[108.217795,16.040206],[108.217874,16.039496]]},"properties":{"h":"secondary","w":1.3}},{"type":"Feature","geometry":{"type":"LineString","coordinates":[[108.217795,16.040206],[108.217882,16.040241]]},"properties":{"h":"secondary","w":1.3}},{"type":"Feature","geometry":{"type":"LineString","coordinates":[[108.217713,16.040229],[108.217795,16.040206]]},"properties":{"h":"secondary","w":1.3}},{"type":"Feature","geometry":{"type":"LineString","coordinates":[[108.217882,16.040241],[108.21988,16.040469]]},"properties":{"h":"tertiary","w":0.8}},{"type":"Feature","geometry":{"type":"LineString","coordinates":[[108.217882,16.040241],[108.217922,16.040302],[108.217923,16.040374],[108.217855,16.040458]]},"properties":{"h":"secondary","w":1.3}},{"type":"Feature","geometry":{"type":"LineString","coordinates":[[108.217692,16.040436],[108.217653,16.040367],[108.217651,16.040327],[108.217682,16.040255],[108.217713,16.040229]]},"properties":{"h":"secondary","w":1.3}},{"type":"Feature","geometry":{"type":"LineString","coordinates":[[108.217692,16.040436],[108.215704,16.040214],[108.21561,16.04018]]},"properties":{"h":"tertiary","w":0.8}},{"type":"Feature","geometry":{"type":"LineString","coordinates":[[108.21988,16.040469],[108.219857,16.040665]]},"properties":{"h":"tertiary_link","w":0.6}},{"type":"Feature","geometry":{"type":"LineString","coordinates":[[108.21988,16.040469],[108.220947,16.040569]]},"properties":{"h":"tertiary","w":0.8}},{"type":"Feature","geometry":{"type":"LineString","coordinates":[[108.217855,16.040458],[108.217786,16.040476]]},"properties":{"h":"secondary","w":1.3}},{"type":"Feature","geometry":{"type":"LineString","coordinates":[[108.217786,16.040476],[108.217712,16.041058]]},"properties":{"h":"secondary","w":1.3}},{"type":"Feature","geometry":{"type":"LineString","coordinates":[[108.217786,16.040476],[108.217692,16.040436]]},"properties":{"h":"secondary","w":1.3}},{"type":"Feature","geometry":{"type":"LineString","coordinates":[[108.210547,16.040703],[108.211149,16.04079]]},"properties":{"h":"residential","w":0.7}},{"type":"Feature","geometry":{"type":"LineString","coordinates":[[108.210547,16.040703],[108.210352,16.042057]]},"properties":{"h":"primary","w":1.8}},{"type":"Feature","geometry":{"type":"LineString","coordinates":[[108.220937,16.04077],[108.220867,16.041401]]},"properties":{"h":"residential","w":0.7}},{"type":"Feature","geometry":{"type":"LineString","coordinates":[[108.220937,16.04077],[108.219857,16.040665]]},"properties":{"h":"tertiary","w":0.8}},{"type":"Feature","geometry":{"type":"LineString","coordinates":[[108.221787,16.04085],[108.221808,16.040645]]},"properties":{"h":"secondary","w":1.3}},{"type":"Feature","geometry":{"type":"LineString","coordinates":[[108.221787,16.04085],[108.220937,16.04077]]},"properties":{"h":"tertiary","w":0.8}},{"type":"Feature","geometry":{"type":"LineString","coordinates":[[108.221787,16.04085],[108.221702,16.041655]]},"properties":{"h":"secondary","w":1.3}},{"type":"Feature","geometry":{"type":"LineString","coordinates":[[108.210222,16.042041],[108.210352,16.042057]]},"properties":{"h":"residential","w":0.7}},{"type":"Feature","geometry":{"type":"LineString","coordinates":[[108.210222,16.042041],[108.209868,16.042008]]},"properties":{"h":"residential","w":0.7}},{"type":"Feature","geometry":{"type":"LineString","coordinates":[[108.210222,16.042041],[108.21042,16.040446],[108.210417,16.04023]]},"properties":{"h":"primary","w":1.8}},{"type":"Feature","geometry":{"type":"LineString","coordinates":[[108.210352,16.042057],[108.210222,16.042041]]},"properties":{"h":"residential","w":0.7}},{"type":"Feature","geometry":{"type":"LineString","coordinates":[[108.210352,16.042057],[108.210978,16.04211]]},"properties":{"h":"residential","w":0.7}},{"type":"Feature","geometry":{"type":"LineString","coordinates":[[108.210352,16.042057],[108.210079,16.044012]]},"properties":{"h":"primary","w":1.8}},{"type":"Feature","geometry":{"type":"LineString","coordinates":[[108.223112,16.042341],[108.222618,16.042274]]},"properties":{"h":"residential","w":0.7}},{"type":"Feature","geometry":{"type":"LineString","coordinates":[[108.223112,16.042341],[108.223168,16.041786]]},"properties":{"h":"primary","w":1.8}},{"type":"Feature","geometry":{"type":"LineString","coordinates":[[108.217249,16.044457],[108.217319,16.044695]]},"properties":{"h":"secondary","w":1.3}},{"type":"Feature","geometry":{"type":"LineString","coordinates":[[108.217249,16.044457],[108.217318,16.044131]]},"properties":{"h":"secondary","w":1.3}},{"type":"Feature","geometry":{"type":"LineString","coordinates":[[108.209776,16.045488],[108.209924,16.045621]]},"properties":{"h":"secondary","w":1.3}},{"type":"Feature","geometry":{"type":"LineString","coordinates":[[108.209776,16.045488],[108.209801,16.045289]]},"properties":{"h":"primary","w":1.8}},{"type":"Feature","geometry":{"type":"LineString","coordinates":[[108.209776,16.045488],[108.209647,16.045385]]},"properties":{"h":"residential","w":0.7}},{"type":"Feature","geometry":{"type":"LineString","coordinates":[[108.212829,16.048234],[108.212945,16.048335]]},"properties":{"h":"secondary","w":1.3}},{"type":"Feature","geometry":{"type":"LineString","coordinates":[[108.212829,16.048234],[108.213139,16.048243],[108.213494,16.048285],[108.21553,16.048564]]},"properties":{"h":"primary","w":1.8}},{"type":"Feature","geometry":{"type":"LineString","coordinates":[[108.212829,16.048234],[108.212599,16.048031]]},"properties":{"h":"secondary","w":1.3}},{"type":"Feature","geometry":{"type":"LineString","coordinates":[[108.209447,16.04826],[108.209502,16.047837]]},"properties":{"h":"primary","w":1.8}},{"type":"Feature","geometry":{"type":"LineString","coordinates":[[108.209447,16.04826],[108.209165,16.048551],[108.209057,16.048687],[108.209022,16.048768]]},"properties":{"h":"residential","w":0.7}},{"type":"Feature","geometry":{"type":"LineString","coordinates":[[108.212945,16.048335],[108.212829,16.048234]]},"properties":{"h":"secondary","w":1.3}},{"type":"Feature","geometry":{"type":"LineString","coordinates":[[108.212945,16.048335],[108.213335,16.048666]]},"properties":{"h":"secondary","w":1.3}},{"type":"Feature","geometry":{"type":"LineString","coordinates":[[108.212945,16.048335],[108.212886,16.048439],[108.212878,16.048494],[108.213045,16.049541]]},"properties":{"h":"residential","w":0.7}},{"type":"Feature","geometry":{"type":"LineString","coordinates":[[108.212945,16.048335],[108.212722,16.048373],[108.212523,16.04848],[108.209857,16.050129],[108.209602,16.050326],[108.209512,16.05047],[108.209493,16.050561]]},"properties":{"h":"primary","w":1.8}},{"type":"Feature","geometry":{"type":"LineString","coordinates":[[108.213335,16.048666],[108.212945,16.048335]]},"properties":{"h":"secondary","w":1.3}},{"type":"Feature","geometry":{"type":"LineString","coordinates":[[108.213335,16.048666],[108.214391,16.049609]]},"properties":{"h":"secondary","w":1.3}},{"type":"Feature","geometry":{"type":"LineString","coordinates":[[108.208826,16.049551],[108.208832,16.049774]]},"properties":{"h":"residential","w":0.7}},{"type":"Feature","geometry":{"type":"LineString","coordinates":[[108.208826,16.049551],[108.208826,16.049434],[108.208863,16.049244],[108.209022,16.048768]]},"properties":{"h":"residential","w":0.7}},{"type":"Feature","geometry":{"type":"LineString","coordinates":[[108.208826,16.049551],[108.208682,16.049368],[108.208598,16.04939],[108.208491,16.049223],[108.208378,16.049278],[108.208236,16.049055]]},"properties":{"h":"residential","w":0.7}},{"type":"Feature","geometry":{"type":"LineString","coordinates":[[108.208832,16.049774],[108.208826,16.049551]]},"properties":{"h":"residential","w":0.7}},{"type":"Feature","geometry":{"type":"LineString","coordinates":[[108.208832,16.049774],[108.208907,16.049865]]},"properties":{"h":"residential","w":0.7}},{"type":"Feature","geometry":{"type":"LineString","coordinates":[[108.209362,16.049699],[108.209397,16.049864],[108.209506,16.049984],[108.209662,16.05004],[108.209835,16.050013]]},"properties":{"h":"primary_link","w":1.0}},{"type":"Feature","geometry":{"type":"LineString","coordinates":[[108.209362,16.049699],[108.209332,16.050206]]},"properties":{"h":"primary","w":1.8}},{"type":"Feature","geometry":{"type":"LineString","coordinates":[[108.209253,16.049646],[108.209447,16.04826]]},"properties":{"h":"primary","w":1.8}},{"type":"Feature","geometry":{"type":"LineString","coordinates":[[108.209127,16.050164],[108.209253,16.049646]]},"properties":{"h":"primary","w":1.8}},{"type":"Feature","geometry":{"type":"LineString","coordinates":[[108.209127,16.050164],[108.209257,16.050176],[108.209332,16.050206]]},"properties":{"h":"primary","w":1.8}},{"type":"Feature","geometry":{"type":"LineString","coordinates":[[108.209355,16.050757],[108.209638,16.051228]]},"properties":{"h":"secondary","w":1.3}},{"type":"Feature","geometry":{"type":"LineString","coordinates":[[108.209355,16.050757],[108.2093,16.050787]]},"properties":{"h":"primary","w":1.8}},{"type":"Feature","geometry":{"type":"LineString","coordinates":[[108.209638,16.051228],[108.209355,16.050757]]},"properties":{"h":"secondary","w":1.3}},{"type":"Feature","geometry":{"type":"LineString","coordinates":[[108.209638,16.051228],[108.209445,16.051157],[108.209326,16.051177],[108.209246,16.05122],[108.209193,16.051291]]},"properties":{"h":"primary_link","w":1.0}},{"type":"Feature","geometry":{"type":"LineString","coordinates":[[108.209638,16.051228],[108.210472,16.052442]]},"properties":{"h":"secondary","w":1.3}},{"type":"Feature","geometry":{"type":"LineString","coordinates":[[108.208893,16.05258],[108.209009,16.052591]]},"properties":{"h":"residential","w":0.7}},{"type":"Feature","geometry":{"type":"LineString","coordinates":[[108.208893,16.05258],[108.208457,16.052513]]},"properties":{"h":"residential","w":0.7}},{"type":"Feature","geometry":{"type":"LineString","coordinates":[[108.208893,16.05258],[108.208987,16.0518]]},"properties":{"h":"primary","w":1.8}},{"type":"Feature","geometry":{"type":"LineString","coordinates":[[108.219857,16.040665],[108.21988,16.040469]]},"properties":{"h":"tertiary_link","w":0.6}},{"type":"Feature","geometry":{"type":"LineString","coordinates":[[108.219857,16.040665],[108.217855,16.040458]]},"properties":{"h":"tertiary","w":0.8}},{"type":"Feature","geometry":{"type":"LineString","coordinates":[[108.218479,16.041141],[108.220091,16.041317]]},"properties":{"h":"residential","w":0.7}},{"type":"Feature","geometry":{"type":"LineString","coordinates":[[108.218479,16.041141],[108.218431,16.041398]]},"properties":{"h":"residential","w":0.7}},{"type":"Feature","geometry":{"type":"LineString","coordinates":[[108.218479,16.041141],[108.217712,16.041058]]},"properties":{"h":"residential","w":0.7}},{"type":"Feature","geometry":{"type":"LineString","coordinates":[[108.218431,16.041398],[108.218479,16.041141]]},"properties":{"h":"residential","w":0.7}},{"type":"Feature","geometry":{"type":"LineString","coordinates":[[108.218431,16.041398],[108.218268,16.042239],[108.218182,16.043002]]},"properties":{"h":"residential","w":0.7}},{"type":"Feature","geometry":{"type":"LineString","coordinates":[[108.218431,16.041398],[108.220051,16.041584]]},"properties":{"h":"residential","w":0.7}},{"type":"Feature","geometry":{"type":"LineString","coordinates":[[108.217494,16.042927],[108.218182,16.043002]]},"properties":{"h":"residential","w":0.7}},{"type":"Feature","geometry":{"type":"LineString","coordinates":[[108.217494,16.042927],[108.21758,16.042166]]},"properties":{"h":"secondary","w":1.3}},{"type":"Feature","geometry":{"type":"LineString","coordinates":[[108.217494,16.042927],[108.217428,16.043462]]},"properties":{"h":"secondary","w":1.3}},{"type":"Feature","geometry":{"type":"LineString","coordinates":[[108.219354,16.042954],[108.21933,16.043243]]},"properties":{"h":"residential","w":0.7}},{"type":"Feature","geometry":{"type":"LineString","coordinates":[[108.219354,16.042954],[108.219367,16.042815],[108.219919,16.042876]]},"properties":{"h":"residential","w":0.7}},{"type":"Feature","geometry":{"type":"LineString","coordinates":[[108.219354,16.042954],[108.218952,16.042891],[108.218839,16.043602]]},"properties":{"h":"residential","w":0.7}},{"type":"Feature","geometry":{"type":"LineString","coordinates":[[108.218182,16.043002],[108.218438,16.043036],[108.218461,16.043059],[108.218385,16.043556]]},"properties":{"h":"residential","w":0.7}},{"type":"Feature","geometry":{"type":"LineString","coordinates":[[108.218182,16.043002],[108.217494,16.042927]]},"properties":{"h":"residential","w":0.7}},{"type":"Feature","geometry":{"type":"LineString","coordinates":[[108.218182,16.043002],[108.218268,16.042239],[108.218431,16.041398]]},"properties":{"h":"residential","w":0.7}},{"type":"Feature","geometry":{"type":"LineString","coordinates":[[108.218089,16.043524],[108.218385,16.043556]]},"properties":{"h":"residential","w":0.7}},{"type":"Feature","geometry":{"type":"LineString","coordinates":[[108.218089,16.043524],[108.217428,16.043462]]},"properties":{"h":"residential","w":0.7}},{"type":"Feature","geometry":{"type":"LineString","coordinates":[[108.218089,16.043524],[108.217989,16.044099],[108.217962,16.044178],[108.217919,16.044193]]},"properties":{"h":"residential","w":0.7}},{"type":"Feature","geometry":{"type":"LineString","coordinates":[[108.220061,16.044039],[108.220011,16.044438]]},"properties":{"h":"residential","w":0.7}},{"type":"Feature","geometry":{"type":"LineString","coordinates":[[108.217318,16.044131],[108.217428,16.043462]]},"properties":{"h":"secondary","w":1.3}},{"type":"Feature","geometry":{"type":"LineString","coordinates":[[108.217318,16.044131],[108.217249,16.044457]]},"properties":{"h":"secondary","w":1.3}},{"type":"Feature","geometry":{"type":"LineString","coordinates":[[108.217318,16.044131],[108.217919,16.044193]]},"properties":{"h":"residential","w":0.7}},{"type":"Feature","geometry":{"type":"LineString","coordinates":[[108.220011,16.044438],[108.219231,16.044339]]},"properties":{"h":"residential","w":0.7}},{"type":"Feature","geometry":{"type":"LineString","coordinates":[[108.220011,16.044438],[108.220061,16.044039]]},"properties":{"h":"residential","w":0.7}},{"type":"Feature","geometry":{"type":"LineString","coordinates":[[108.220011,16.044438],[108.22046,16.044492]]},"properties":{"h":"residential","w":0.7}},{"type":"Feature","geometry":{"type":"LineString","coordinates":[[108.216912,16.060662],[108.217006,16.060632]]},"properties":{"h":"primary","w":1.8}},{"type":"Feature","geometry":{"type":"LineString","coordinates":[[108.215596,16.03277],[108.216027,16.032823]]},"properties":{"h":"residential","w":0.7}},{"type":"Feature","geometry":{"type":"LineString","coordinates":[[108.215596,16.03277],[108.215173,16.032726]]},"properties":{"h":"residential","w":0.7}},{"type":"Feature","geometry":{"type":"LineString","coordinates":[[108.215596,16.03277],[108.215482,16.034031]]},"properties":{"h":"residential","w":0.7}},{"type":"Feature","geometry":{"type":"LineString","coordinates":[[108.21687,16.033372],[108.217295,16.033406]]},"properties":{"h":"residential","w":0.7}},{"type":"Feature","geometry":{"type":"LineString","coordinates":[[108.21687,16.033372],[108.216472,16.03332]]},"properties":{"h":"residential","w":0.7}},{"type":"Feature","geometry":{"type":"LineString","coordinates":[[108.21687,16.033372],[108.216784,16.03418]]},"properties":{"h":"residential","w":0.7}},{"type":"Feature","geometry":{"type":"LineString","coordinates":[[108.215482,16.034031],[108.215062,16.033991]]},"properties":{"h":"residential","w":0.7}},{"type":"Feature","geometry":{"type":"LineString","coordinates":[[108.215482,16.034031],[108.215882,16.034076]]},"properties":{"h":"residential","w":0.7}},{"type":"Feature","geometry":{"type":"LineString","coordinates":[[108.215482,16.034031],[108.215596,16.03277]]},"properties":{"h":"residential","w":0.7}},{"type":"Feature","geometry":{"type":"LineString","coordinates":[[108.218978,16.034881],[108.218888,16.035653]]},"properties":{"h":"residential","w":0.7}},{"type":"Feature","geometry":{"type":"LineString","coordinates":[[108.218978,16.034881],[108.219031,16.034418]]},"properties":{"h":"residential","w":0.7}},{"type":"Feature","geometry":{"type":"LineString","coordinates":[[108.218978,16.034881],[108.219431,16.034917]]},"properties":{"h":"residential","w":0.7}},{"type":"Feature","geometry":{"type":"LineString","coordinates":[[108.219431,16.034917],[108.21932,16.035723]]},"properties":{"h":"residential","w":0.7}},{"type":"Feature","geometry":{"type":"LineString","coordinates":[[108.219431,16.034917],[108.219898,16.034954]]},"properties":{"h":"residential","w":0.7}},{"type":"Feature","geometry":{"type":"LineString","coordinates":[[108.219431,16.034917],[108.218978,16.034881]]},"properties":{"h":"residential","w":0.7}},{"type":"Feature","geometry":{"type":"LineString","coordinates":[[108.219898,16.034954],[108.219951,16.034524]]},"properties":{"h":"residential","w":0.7}},{"type":"Feature","geometry":{"type":"LineString","coordinates":[[108.219898,16.034954],[108.219767,16.035789]]},"properties":{"h":"residential","w":0.7}},{"type":"Feature","geometry":{"type":"LineString","coordinates":[[108.219898,16.034954],[108.219431,16.034917]]},"properties":{"h":"residential","w":0.7}},{"type":"Feature","geometry":{"type":"LineString","coordinates":[[108.220269,16.03545],[108.220761,16.035524]]},"properties":{"h":"residential","w":0.7}},{"type":"Feature","geometry":{"type":"LineString","coordinates":[[108.220269,16.03545],[108.220397,16.034575]]},"properties":{"h":"residential","w":0.7}},{"type":"Feature","geometry":{"type":"LineString","coordinates":[[108.220269,16.03545],[108.220097,16.036157]]},"properties":{"h":"residential","w":0.7}},{"type":"Feature","geometry":{"type":"LineString","coordinates":[[108.215566,16.035517],[108.215508,16.036011]]},"properties":{"h":"residential","w":0.7}},{"type":"Feature","geometry":{"type":"LineString","coordinates":[[108.215566,16.035517],[108.216625,16.035595]]},"properties":{"h":"residential","w":0.7}},{"type":"Feature","geometry":{"type":"LineString","coordinates":[[108.215566,16.035517],[108.215604,16.03523]]},"properties":{"h":"residential","w":0.7}},{"type":"Feature","geometry":{"type":"LineString","coordinates":[[108.215566,16.035517],[108.21488,16.035439]]},"properties":{"h":"residential","w":0.7}},{"type":"Feature","geometry":{"type":"LineString","coordinates":[[108.218888,16.035653],[108.21932,16.035723]]},"properties":{"h":"residential","w":0.7}},{"type":"Feature","geometry":{"type":"LineString","coordinates":[[108.218888,16.035653],[108.218978,16.034881]]},"properties":{"h":"residential","w":0.7}},{"type":"Feature","geometry":{"type":"LineString","coordinates":[[108.218888,16.035653],[108.218323,16.03556]]},"properties":{"h":"residential","w":0.7}},{"type":"Feature","geometry":{"type":"LineString","coordinates":[[108.21932,16.035723],[108.218888,16.035653]]},"properties":{"h":"residential","w":0.7}},{"type":"Feature","geometry":{"type":"LineString","coordinates":[[108.21932,16.035723],[108.219767,16.035789]]},"properties":{"h":"residential","w":0.7}},{"type":"Feature","geometry":{"type":"LineString","coordinates":[[108.21932,16.035723],[108.219431,16.034917]]},"properties":{"h":"residential","w":0.7}},{"type":"Feature","geometry":{"type":"LineString","coordinates":[[108.215508,16.036011],[108.215414,16.036601]]},"properties":{"h":"residential","w":0.7}},{"type":"Feature","geometry":{"type":"LineString","coordinates":[[108.215508,16.036011],[108.215566,16.035517]]},"properties":{"h":"residential","w":0.7}},{"type":"Feature","geometry":{"type":"LineString","coordinates":[[108.215508,16.036011],[108.216937,16.036147],[108.217181,16.036223]]},"properties":{"h":"tertiary","w":0.8}},{"type":"Feature","geometry":{"type":"LineString","coordinates":[[108.215508,16.036011],[108.214292,16.035874]]},"properties":{"h":"tertiary","w":0.8}},{"type":"Feature","geometry":{"type":"LineString","coordinates":[[108.220097,16.036157],[108.219998,16.036605]]},"properties":{"h":"residential","w":0.7}},{"type":"Feature","geometry":{"type":"LineString","coordinates":[[108.220097,16.036157],[108.221148,16.036428],[108.221172,16.03647],[108.221065,16.036824],[108.221022,16.036843],[108.219998,16.036605]]},"properties":{"h":"residential","w":0.7}},{"type":"Feature","geometry":{"type":"LineString","coordinates":[[108.220097,16.036157],[108.220269,16.03545]]},"properties":{"h":"residential","w":0.7}},{"type":"Feature","geometry":{"type":"LineString","coordinates":[[108.219994,16.03751],[108.220212,16.037563]]},"properties":{"h":"residential","w":0.7}},{"type":"Feature","geometry":{"type":"LineString","coordinates":[[108.220212,16.037563],[108.219994,16.03751]]},"properties":{"h":"residential","w":0.7}},{"type":"Feature","geometry":{"type":"LineString","coordinates":[[108.220212,16.037563],[108.220098,16.038049]]},"properties":{"h":"residential","w":0.7}},{"type":"Feature","geometry":{"type":"LineString","coordinates":[[108.220212,16.037563],[108.220589,16.037653]]},"properties":{"h":"residential","w":0.7}},{"type":"Feature","geometry":{"type":"LineString","coordinates":[[108.220589,16.037653],[108.220546,16.037868]]},"properties":{"h":"residential","w":0.7}},{"type":"Feature","geometry":{"type":"LineString","coordinates":[[108.220589,16.037653],[108.220212,16.037563]]},"properties":{"h":"residential","w":0.7}},{"type":"Feature","geometry":{"type":"LineString","coordinates":[[108.220589,16.037653],[108.220665,16.037282]]},"properties":{"h":"residential","w":0.7}},{"type":"Feature","geometry":{"type":"LineString","coordinates":[[108.220098,16.038049],[108.220495,16.038163]]},"properties":{"h":"residential","w":0.7}},{"type":"Feature","geometry":{"type":"LineString","coordinates":[[108.220098,16.038049],[108.220212,16.037563]]},"properties":{"h":"residential","w":0.7}},{"type":"Feature","geometry":{"type":"LineString","coordinates":[[108.220098,16.038049],[108.220013,16.038412]]},"properties":{"h":"residential","w":0.7}},{"type":"Feature","geometry":{"type":"LineString","coordinates":[[108.220098,16.038049],[108.219289,16.037886],[108.219222,16.038233],[108.220013,16.038412]]},"properties":{"h":"residential","w":0.7}},{"type":"Feature","geometry":{"type":"LineString","coordinates":[[108.220013,16.038412],[108.220098,16.038049]]},"properties":{"h":"residential","w":0.7}},{"type":"Feature","geometry":{"type":"LineString","coordinates":[[108.220013,16.038412],[108.219222,16.038233],[108.219289,16.037886],[108.220098,16.038049]]},"properties":{"h":"residential","w":0.7}},{"type":"Feature","geometry":{"type":"LineString","coordinates":[[108.220013,16.038412],[108.219981,16.038558],[108.22043,16.038636],[108.220495,16.038163]]},"properties":{"h":"residential","w":0.7}},{"type":"Feature","geometry":{"type":"LineString","coordinates":[[108.220762,16.039527],[108.221117,16.039594],[108.221076,16.039888],[108.221044,16.039915]]},"properties":{"h":"residential","w":0.7}},{"type":"Feature","geometry":{"type":"LineString","coordinates":[[108.220762,16.039527],[108.219813,16.039401]]},"properties":{"h":"residential","w":0.7}},{"type":"Feature","geometry":{"type":"LineString","coordinates":[[108.220762,16.039527],[108.220842,16.039182],[108.220868,16.038945]]},"properties":{"h":"residential","w":0.7}},{"type":"Feature","geometry":{"type":"LineString","coordinates":[[108.211794,16.039547],[108.211853,16.039537]]},"properties":{"h":"tertiary","w":0.8}},{"type":"Feature","geometry":{"type":"LineString","coordinates":[[108.2119,16.039555],[108.213544,16.039756],[108.213728,16.039765]]},"properties":{"h":"tertiary","w":0.8}},{"type":"Feature","geometry":{"type":"LineString","coordinates":[[108.2119,16.039555],[108.211946,16.039606],[108.211953,16.039673],[108.21189,16.039752]]},"properties":{"h":"tertiary","w":0.8}},{"type":"Feature","geometry":{"type":"LineString","coordinates":[[108.211853,16.039537],[108.211945,16.03883]]},"properties":{"h":"residential","w":0.7}},{"type":"Feature","geometry":{"type":"LineString","coordinates":[[108.211853,16.039537],[108.2119,16.039555]]},"properties":{"h":"tertiary","w":0.8}},{"type":"Feature","geometry":{"type":"LineString","coordinates":[[108.211749,16.039723],[108.211355,16.039692],[108.210762,16.03972]]},"properties":{"h":"tertiary","w":0.8}},{"type":"Feature","geometry":{"type":"LineString","coordinates":[[108.211749,16.039723],[108.211725,16.039624],[108.211794,16.039547]]},"properties":{"h":"tertiary","w":0.8}},{"type":"Feature","geometry":{"type":"LineString","coordinates":[[108.211829,16.039766],[108.211834,16.0399],[108.211766,16.040409]]},"properties":{"h":"residential","w":0.7}},{"type":"Feature","geometry":{"type":"LineString","coordinates":[[108.211829,16.039766],[108.211749,16.039723]]},"properties":{"h":"tertiary","w":0.8}},{"type":"Feature","geometry":{"type":"LineString","coordinates":[[108.213797,16.039754],[108.213854,16.039033]]},"properties":{"h":"tertiary","w":0.8}},{"type":"Feature","geometry":{"type":"LineString","coordinates":[[108.213797,16.039754],[108.213857,16.039776]]},"properties":{"h":"tertiary","w":0.8}},{"type":"Feature","geometry":{"type":"LineString","coordinates":[[108.21189,16.039752],[108.211829,16.039766]]},"properties":{"h":"tertiary","w":0.8}},{"type":"Feature","geometry":{"type":"LineString","coordinates":[[108.213728,16.039765],[108.213797,16.039754]]},"properties":{"h":"tertiary","w":0.8}},{"type":"Feature","geometry":{"type":"LineString","coordinates":[[108.213857,16.039776],[108.213904,16.039837],[108.21391,16.039875],[108.213886,16.039948],[108.213858,16.039975]]},"properties":{"h":"tertiary","w":0.8}},{"type":"Feature","geometry":{"type":"LineString","coordinates":[[108.213857,16.039776],[108.215324,16.039969],[108.215523,16.03997]]},"properties":{"h":"tertiary","w":0.8}},{"type":"Feature","geometry":{"type":"LineString","coordinates":[[108.213684,16.039953],[108.213519,16.039948],[108.21189,16.039752]]},"properties":{"h":"tertiary","w":0.8}},{"type":"Feature","geometry":{"type":"LineString","coordinates":[[108.213684,16.039953],[108.213659,16.039849],[108.213728,16.039765]]},"properties":{"h":"tertiary","w":0.8}},{"type":"Feature","geometry":{"type":"LineString","coordinates":[[108.213858,16.039975],[108.21376,16.039996]]},"properties":{"h":"tertiary","w":0.8}},{"type":"Feature","geometry":{"type":"LineString","coordinates":[[108.215577,16.039967],[108.215627,16.039862],[108.215721,16.039254]]},"properties":{"h":"tertiary","w":0.8}},{"type":"Feature","geometry":{"type":"LineString","coordinates":[[108.215577,16.039967],[108.215622,16.039984]]},"properties":{"h":"tertiary","w":0.8}},{"type":"Feature","geometry":{"type":"LineString","coordinates":[[108.215523,16.03997],[108.215577,16.039967]]},"properties":{"h":"tertiary","w":0.8}},{"type":"Feature","geometry":{"type":"LineString","coordinates":[[108.21376,16.039996],[108.213688,16.040619]]},"properties":{"h":"tertiary","w":0.8}},{"type":"Feature","geometry":{"type":"LineString","coordinates":[[108.21376,16.039996],[108.213684,16.039953]]},"properties":{"h":"tertiary","w":0.8}},{"type":"Feature","geometry":{"type":"LineString","coordinates":[[108.215622,16.039984],[108.215806,16.040029],[108.217556,16.040199],[108.217713,16.040229]]},"properties":{"h":"tertiary","w":0.8}},{"type":"Feature","geometry":{"type":"LineString","coordinates":[[108.215622,16.039984],[108.215651,16.040012],[108.215674,16.040085],[108.215665,16.040123],[108.21561,16.04018]]},"properties":{"h":"tertiary","w":0.8}},{"type":"Feature","geometry":{"type":"LineString","coordinates":[[108.215494,16.040176],[108.214031,16.040009],[108.213858,16.039975]]},"properties":{"h":"tertiary","w":0.8}},{"type":"Feature","geometry":{"type":"LineString","coordinates":[[108.215494,16.040176],[108.215445,16.040119],[108.215443,16.040046],[108.21546,16.040012],[108.215523,16.03997]]},"properties":{"h":"tertiary","w":0.8}},{"type":"Feature","geometry":{"type":"LineString","coordinates":[[108.21561,16.04018],[108.215547,16.040193]]},"properties":{"h":"tertiary","w":0.8}},{"type":"Feature","geometry":{"type":"LineString","coordinates":[[108.209204,16.041046],[108.20895,16.0414]]},"properties":{"h":"residential","w":0.7}},{"type":"Feature","geometry":{"type":"LineString","coordinates":[[108.209204,16.041046],[108.209667,16.040377]]},"properties":{"h":"residential","w":0.7}},{"type":"Feature","geometry":{"type":"LineString","coordinates":[[108.209204,16.041046],[108.209532,16.041212]]},"properties":{"h":"residential","w":0.7}},{"type":"Feature","geometry":{"type":"LineString","coordinates":[[108.209532,16.041212],[108.209667,16.040377]]},"properties":{"h":"residential","w":0.7}},{"type":"Feature","geometry":{"type":"LineString","coordinates":[[108.209532,16.041212],[108.209503,16.041605],[108.209446,16.041709]]},"properties":{"h":"residential","w":0.7}},{"type":"Feature","geometry":{"type":"LineString","coordinates":[[108.209532,16.041212],[108.209204,16.041046]]},"properties":{"h":"residential","w":0.7}},{"type":"Feature","geometry":{"type":"LineString","coordinates":[[108.207625,16.042373],[108.207585,16.042529],[108.207453,16.04346]]},"properties":{"h":"residential","w":0.7}},{"type":"Feature","geometry":{"type":"LineString","coordinates":[[108.207625,16.042373],[108.209255,16.040059],[108.209697,16.040129]]},"properties":{"h":"residential","w":0.7}},{"type":"Feature","geometry":{"type":"LineString","coordinates":[[108.207625,16.042373],[108.207157,16.042263]]},"properties":{"h":"residential","w":0.7}},{"type":"Feature","geometry":{"type":"LineString","coordinates":[[108.208973,16.042375],[108.209106,16.042455]]},"properties":{"h":"residential","w":0.7}},{"type":"Feature","geometry":{"type":"LineString","coordinates":[[108.208973,16.042375],[108.209446,16.041709]]},"properties":{"h":"residential","w":0.7}},{"type":"Feature","geometry":{"type":"LineString","coordinates":[[108.208973,16.042375],[108.208316,16.043282]]},"properties":{"h":"residential","w":0.7}},{"type":"Feature","geometry":{"type":"LineString","coordinates":[[108.209106,16.042455],[108.208973,16.042375]]},"properties":{"h":"residential","w":0.7}},{"type":"Feature","geometry":{"type":"LineString","coordinates":[[108.209106,16.042455],[108.20822,16.044129]]},"properties":{"h":"residential","w":0.7}},{"type":"Feature","geometry":{"type":"LineString","coordinates":[[108.209106,16.042455],[108.209484,16.042661]]},"properties":{"h":"residential","w":0.7}},{"type":"Feature","geometry":{"type":"LineString","coordinates":[[108.209484,16.042661],[108.209868,16.042008]]},"properties":{"h":"residential","w":0.7}},{"type":"Feature","geometry":{"type":"LineString","coordinates":[[108.209484,16.042661],[108.208842,16.043886]]},"properties":{"h":"residential","w":0.7}},{"type":"Feature","geometry":{"type":"LineString","coordinates":[[108.209484,16.042661],[108.209106,16.042455]]},"properties":{"h":"residential","w":0.7}},{"type":"Feature","geometry":{"type":"LineString","coordinates":[[108.208316,16.043282],[108.207918,16.043872]]},"properties":{"h":"residential","w":0.7}},{"type":"Feature","geometry":{"type":"LineString","coordinates":[[108.208316,16.043282],[108.208973,16.042375]]},"properties":{"h":"residential","w":0.7}},{"type":"Feature","geometry":{"type":"LineString","coordinates":[[108.208316,16.043282],[108.207911,16.04304],[108.207894,16.042988],[108.207902,16.042932],[108.208021,16.042721],[108.20895,16.0414]]},"properties":{"h":"residential","w":0.7}},{"type":"Feature","geometry":{"type":"LineString","coordinates":[[108.207453,16.04346],[108.207137,16.043168]]},"properties":{"h":"residential","w":0.7}},{"type":"Feature","geometry":{"type":"LineString","coordinates":[[108.207453,16.04346],[108.207665,16.043645]]},"properties":{"h":"residential","w":0.7}},{"type":"Feature","geometry":{"type":"LineString","coordinates":[[108.207453,16.04346],[108.207585,16.042529],[108.207625,16.042373]]},"properties":{"h":"residential","w":0.7}},{"type":"Feature","geometry":{"type":"LineString","coordinates":[[108.20822,16.044129],[108.20799,16.043923]]},"properties":{"h":"residential","w":0.7}},{"type":"Feature","geometry":{"type":"LineString","coordinates":[[108.20822,16.044129],[108.208297,16.044205]]},"properties":{"h":"residential","w":0.7}},{"type":"Feature","geometry":{"type":"LineString","coordinates":[[108.20822,16.044129],[108.209106,16.042455]]},"properties":{"h":"residential","w":0.7}},{"type":"Feature","geometry":{"type":"LineString","coordinates":[[108.220051,16.041584],[108.220091,16.041317]]},"properties":{"h":"residential","w":0.7}},{"type":"Feature","geometry":{"type":"LineString","coordinates":[[108.220051,16.041584],[108.22085,16.041663],[108.220867,16.041401]]},"properties":{"h":"residential","w":0.7}},{"type":"Feature","geometry":{"type":"LineString","coordinates":[[108.220051,16.041584],[108.218431,16.041398]]},"properties":{"h":"residential","w":0.7}},{"type":"Feature","geometry":{"type":"LineString","coordinates":[[108.220051,16.041584],[108.219919,16.042876]]},"properties":{"h":"residential","w":0.7}},{"type":"Feature","geometry":{"type":"LineString","coordinates":[[108.221702,16.041655],[108.221665,16.04175],[108.221613,16.042245]]},"properties":{"h":"secondary","w":1.3}},{"type":"Feature","geometry":{"type":"LineString","coordinates":[[108.221702,16.041655],[108.221787,16.04085]]},"properties":{"h":"secondary","w":1.3}},{"type":"Feature","geometry":{"type":"LineString","coordinates":[[108.210079,16.044012],[108.20995,16.043997]]},"properties":{"h":"secondary","w":1.3}},{"type":"Feature","geometry":{"type":"LineString","coordinates":[[108.210079,16.044012],[108.209913,16.045444],[108.209924,16.045621]]},"properties":{"h":"primary","w":1.8}},{"type":"Feature","geometry":{"type":"LineString","coordinates":[[108.210079,16.044012],[108.210734,16.044089]]},"properties":{"h":"secondary","w":1.3}},{"type":"Feature","geometry":{"type":"LineString","coordinates":[[108.211094,16.044127],[108.210035,16.045723]]},"properties":{"h":"residential","w":0.7}},{"type":"Feature","geometry":{"type":"LineString","coordinates":[[108.211094,16.044127],[108.211297,16.044153]]},"properties":{"h":"secondary","w":1.3}},{"type":"Feature","geometry":{"type":"LineString","coordinates":[[108.211094,16.044127],[108.210734,16.044089]]},"properties":{"h":"secondary","w":1.3}},{"type":"Feature","geometry":{"type":"LineString","coordinates":[[108.21127,16.044761],[108.211594,16.044198]]},"properties":{"h":"residential","w":0.7}},{"type":"Feature","geometry":{"type":"LineString","coordinates":[[108.21127,16.044761],[108.210374,16.046011]]},"properties":{"h":"residential","w":0.7}},{"type":"Feature","geometry":{"type":"LineString","coordinates":[[108.21127,16.044761],[108.2114,16.044827],[108.211555,16.044872],[108.212765,16.045054]]},"properties":{"h":"residential","w":0.7}},{"type":"Feature","geometry":{"type":"LineString","coordinates":[[108.212765,16.045054],[108.211555,16.044872],[108.2114,16.044827],[108.21127,16.044761]]},"properties":{"h":"residential","w":0.7}},{"type":"Feature","geometry":{"type":"LineString","coordinates":[[108.209924,16.045621],[108.209899,16.045808]]},"properties":{"h":"primary","w":1.8}},{"type":"Feature","geometry":{"type":"LineString","coordinates":[[108.209924,16.045621],[108.209776,16.045488]]},"properties":{"h":"secondary","w":1.3}},{"type":"Feature","geometry":{"type":"LineString","coordinates":[[108.209924,16.045621],[108.210022,16.045711]]},"properties":{"h":"secondary","w":1.3}},{"type":"Feature","geometry":{"type":"LineString","coordinates":[[108.215923,16.045906],[108.215914,16.046084],[108.21553,16.048564]]},"properties":{"h":"residential","w":0.7}},{"type":"Feature","geometry":{"type":"LineString","coordinates":[[108.221937,16.039126],[108.222586,16.039247]]},"properties":{"h":"residential","w":0.7}},{"type":"Feature","geometry":{"type":"LineString","coordinates":[[108.221937,16.039126],[108.222013,16.038435]]},"properties":{"h":"secondary","w":1.3}},{"type":"Feature","geometry":{"type":"LineString","coordinates":[[108.221937,16.039126],[108.221871,16.039667],[108.221894,16.039834]]},"properties":{"h":"secondary","w":1.3}},{"type":"Feature","geometry":{"type":"LineString","coordinates":[[108.204658,16.06035],[108.203857,16.060016]]},"properties":{"h":"residential","w":0.7}},{"type":"Feature","geometry":{"type":"LineString","coordinates":[[108.204658,16.06035],[108.20484,16.059937]]},"properties":{"h":"residential","w":0.7}},{"type":"Feature","geometry":{"type":"LineString","coordinates":[[108.204658,16.06035],[108.204486,16.060667],[108.204425,16.060738]]},"properties":{"h":"residential","w":0.7}},{"type":"Feature","geometry":{"type":"LineString","coordinates":[[108.204066,16.061095],[108.203891,16.06134],[108.203078,16.062979],[108.202316,16.064438],[108.20219,16.064575],[108.201997,16.064665],[108.201793,16.064685],[108.200026,16.06459],[108.194685,16.064358],[108.193631,16.06433],[108.193478,16.064301],[108.193292,16.064225],[108.193145,16.064043],[108.193079,16.063923],[108.193107,16.062826],[108.193262,16.060067]]},"properties":{"h":"residential","w":0.7}},{"type":"Feature","geometry":{"type":"LineString","coordinates":[[108.204066,16.061095],[108.204159,16.061023],[108.204425,16.060738]]},"properties":{"h":"residential","w":0.7}},{"type":"Feature","geometry":{"type":"LineString","coordinates":[[108.204066,16.061095],[108.203711,16.060874]]},"properties":{"h":"residential","w":0.7}},{"type":"Feature","geometry":{"type":"LineString","coordinates":[[108.193262,16.060067],[108.193107,16.062826],[108.193079,16.063923],[108.193145,16.064043],[108.193292,16.064225],[108.193478,16.064301],[108.193631,16.06433],[108.194685,16.064358],[108.200026,16.06459],[108.201793,16.064685],[108.201997,16.064665],[108.20219,16.064575],[108.202316,16.064438],[108.203078,16.062979],[108.203891,16.06134],[108.204066,16.061095]]},"properties":{"h":"residential","w":0.7}},{"type":"Feature","geometry":{"type":"LineString","coordinates":[[108.20838,16.05087],[108.208502,16.050802],[108.208831,16.050422]]},"properties":{"h":"tertiary","w":0.8}},{"type":"Feature","geometry":{"type":"LineString","coordinates":[[108.20838,16.05087],[108.208442,16.051007]]},"properties":{"h":"tertiary_link","w":0.6}},{"type":"Feature","geometry":{"type":"LineString","coordinates":[[108.205658,16.05083],[108.205671,16.050722]]},"properties":{"h":"tertiary_link","w":0.6}},{"type":"Feature","geometry":{"type":"LineString","coordinates":[[108.205658,16.05083],[108.204748,16.050717]]},"properties":{"h":"tertiary","w":0.8}},{"type":"Feature","geometry":{"type":"LineString","coordinates":[[108.205671,16.050722],[108.205658,16.05083]]},"properties":{"h":"tertiary_link","w":0.6}},{"type":"Feature","geometry":{"type":"LineString","coordinates":[[108.205671,16.050722],[108.206226,16.050792],[108.207469,16.050886],[108.208115,16.050903],[108.20838,16.05087]]},"properties":{"h":"tertiary","w":0.8}},{"type":"Feature","geometry":{"type":"LineString","coordinates":[[108.205114,16.054385],[108.204555,16.05431]]},"properties":{"h":"residential","w":0.7}},{"type":"Feature","geometry":{"type":"LineString","coordinates":[[108.205114,16.054385],[108.205171,16.053999]]},"properties":{"h":"residential","w":0.7}},{"type":"Feature","geometry":{"type":"LineString","coordinates":[[108.205114,16.054385],[108.205057,16.054773]]},"properties":{"h":"residential","w":0.7}},{"type":"Feature","geometry":{"type":"LineString","coordinates":[[108.204555,16.05431],[108.204617,16.05392]]},"properties":{"h":"residential","w":0.7}},{"type":"Feature","geometry":{"type":"LineString","coordinates":[[108.204555,16.05431],[108.205114,16.054385]]},"properties":{"h":"residential","w":0.7}},{"type":"Feature","geometry":{"type":"LineString","coordinates":[[108.204555,16.05431],[108.204494,16.054705],[108.204886,16.054749]]},"properties":{"h":"residential","w":0.7}},{"type":"Feature","geometry":{"type":"LineString","coordinates":[[108.205057,16.054773],[108.204886,16.054749]]},"properties":{"h":"residential","w":0.7}},{"type":"Feature","geometry":{"type":"LineString","coordinates":[[108.205057,16.054773],[108.20545,16.054814]]},"properties":{"h":"residential","w":0.7}},{"type":"Feature","geometry":{"type":"LineString","coordinates":[[108.205057,16.054773],[108.205114,16.054385]]},"properties":{"h":"residential","w":0.7}},{"type":"Feature","geometry":{"type":"LineString","coordinates":[[108.205171,16.053999],[108.205114,16.054385]]},"properties":{"h":"residential","w":0.7}},{"type":"Feature","geometry":{"type":"LineString","coordinates":[[108.205171,16.053999],[108.205532,16.054063]]},"properties":{"h":"residential","w":0.7}},{"type":"Feature","geometry":{"type":"LineString","coordinates":[[108.205171,16.053999],[108.204617,16.05392]]},"properties":{"h":"residential","w":0.7}},{"type":"Feature","geometry":{"type":"LineString","coordinates":[[108.205685,16.056048],[108.205519,16.056027]]},"properties":{"h":"residential","w":0.7}},{"type":"Feature","geometry":{"type":"LineString","coordinates":[[108.205685,16.056048],[108.206004,16.053491]]},"properties":{"h":"residential","w":0.7}},{"type":"Feature","geometry":{"type":"LineString","coordinates":[[108.205685,16.056048],[108.206521,16.056159]]},"properties":{"h":"residential","w":0.7}},{"type":"Feature","geometry":{"type":"LineString","coordinates":[[108.206004,16.053491],[108.205589,16.053443]]},"properties":{"h":"residential","w":0.7}},{"type":"Feature","geometry":{"type":"LineString","coordinates":[[108.206004,16.053491],[108.206271,16.053516]]},"properties":{"h":"residential","w":0.7}},{"type":"Feature","geometry":{"type":"LineString","coordinates":[[108.206004,16.053491],[108.205685,16.056048]]},"properties":{"h":"residential","w":0.7}},{"type":"Feature","geometry":{"type":"LineString","coordinates":[[108.206271,16.053516],[108.206004,16.053491]]},"properties":{"h":"residential","w":0.7}},{"type":"Feature","geometry":{"type":"LineString","coordinates":[[108.205589,16.053443],[108.205598,16.053367]]},"properties":{"h":"residential","w":0.7}},{"type":"Feature","geometry":{"type":"LineString","coordinates":[[108.205589,16.053443],[108.205565,16.053733]]},"properties":{"h":"residential","w":0.7}},{"type":"Feature","geometry":{"type":"LineString","coordinates":[[108.205589,16.053443],[108.206004,16.053491]]},"properties":{"h":"residential","w":0.7}},{"type":"Feature","geometry":{"type":"LineString","coordinates":[[108.218304,16.060899],[108.218295,16.060787]]},"properties":{"h":"residential","w":0.7}},{"type":"Feature","geometry":{"type":"LineString","coordinates":[[108.218304,16.060899],[108.217128,16.060834]]},"properties":{"h":"primary","w":1.8}},{"type":"Feature","geometry":{"type":"LineString","coordinates":[[108.218304,16.060899],[108.218395,16.061384]]},"properties":{"h":"residential","w":0.7}},{"type":"Feature","geometry":{"type":"LineString","coordinates":[[108.219545,16.060972],[108.219522,16.060858]]},"properties":{"h":"tertiary","w":0.8}},{"type":"Feature","geometry":{"type":"LineString","coordinates":[[108.219545,16.060972],[108.218304,16.060899]]},"properties":{"h":"primary","w":1.8}},{"type":"Feature","geometry":{"type":"LineString","coordinates":[[108.223974,16.060443],[108.224079,16.060834],[108.224159,16.060924],[108.224258,16.060979]]},"properties":{"h":"primary_link","w":1.0}},{"type":"Feature","geometry":{"type":"LineString","coordinates":[[108.223974,16.060443],[108.223947,16.06086],[108.223957,16.060974]]},"properties":{"h":"primary","w":1.8}},{"type":"Feature","geometry":{"type":"LineString","coordinates":[[108.223942,16.060092],[108.223974,16.060443]]},"properties":{"h":"primary","w":1.8}},{"type":"Feature","geometry":{"type":"LineString","coordinates":[[108.220806,16.054027],[108.220802,16.054588]]},"properties":{"h":"residential","w":0.7}},{"type":"Feature","geometry":{"type":"LineString","coordinates":[[108.220806,16.054027],[108.220987,16.054024]]},"properties":{"h":"tertiary","w":0.8}},{"type":"Feature","geometry":{"type":"LineString","coordinates":[[108.220806,16.054027],[108.22023,16.054026]]},"properties":{"h":"tertiary","w":0.8}},{"type":"Feature","geometry":{"type":"LineString","coordinates":[[108.222067,16.054024],[108.222175,16.054025]]},"properties":{"h":"tertiary","w":0.8}},{"type":"Feature","geometry":{"type":"LineString","coordinates":[[108.222067,16.054024],[108.221572,16.054024]]},"properties":{"h":"tertiary","w":0.8}},{"type":"Feature","geometry":{"type":"LineString","coordinates":[[108.222067,16.054024],[108.222053,16.05363]]},"properties":{"h":"primary","w":1.8}},{"type":"Feature","geometry":{"type":"LineString","coordinates":[[108.220807,16.05556],[108.221348,16.055533]]},"properties":{"h":"residential","w":0.7}},{"type":"Feature","geometry":{"type":"LineString","coordinates":[[108.220807,16.05556],[108.220802,16.055118]]},"properties":{"h":"residential","w":0.7}},{"type":"Feature","geometry":{"type":"LineString","coordinates":[[108.220807,16.05556],[108.220186,16.055592]]},"properties":{"h":"residential","w":0.7}},{"type":"Feature","geometry":{"type":"LineString","coordinates":[[108.222094,16.061049],[108.221778,16.061036]]},"properties":{"h":"primary","w":1.8}},{"type":"Feature","geometry":{"type":"LineString","coordinates":[[108.224065,16.061328],[108.224118,16.061663],[108.22412,16.063749]]},"properties":{"h":"primary","w":1.8}},{"type":"Feature","geometry":{"type":"LineString","coordinates":[[108.223183,16.06162],[108.222285,16.061149]]},"properties":{"h":"residential","w":0.7}},{"type":"Feature","geometry":{"type":"LineString","coordinates":[[108.223183,16.06162],[108.223778,16.061253],[108.223913,16.061229],[108.224001,16.061262],[108.224065,16.061328]]},"properties":{"h":"primary_link","w":1.0}},{"type":"Feature","geometry":{"type":"LineString","coordinates":[[108.223183,16.06162],[108.223149,16.061101]]},"properties":{"h":"primary","w":1.8}},{"type":"Feature","geometry":{"type":"LineString","coordinates":[[108.224263,16.033526],[108.224064,16.035086]]},"properties":{"h":"primary","w":1.8}},{"type":"Feature","geometry":{"type":"LineString","coordinates":[[108.223838,16.037158],[108.223781,16.037646]]},"properties":{"h":"primary","w":1.8}},{"type":"Feature","geometry":{"type":"LineString","coordinates":[[108.223838,16.037158],[108.224361,16.037624],[108.224427,16.037712]]},"properties":{"h":"primary_link","w":1.0}},{"type":"Feature","geometry":{"type":"LineString","coordinates":[[108.223621,16.037802],[108.223634,16.037684]]},"properties":{"h":"primary","w":1.8}},{"type":"Feature","geometry":{"type":"LineString","coordinates":[[108.223621,16.037802],[108.22348,16.03772]]},"properties":{"h":"tertiary","w":0.8}},{"type":"Feature","geometry":{"type":"LineString","coordinates":[[108.223693,16.038344],[108.223557,16.039484]]},"properties":{"h":"primary","w":1.8}},{"type":"Feature","geometry":{"type":"LineString","coordinates":[[108.222664,16.03926],[108.222958,16.039308]]},"properties":{"h":"residential","w":0.7}},{"type":"Feature","geometry":{"type":"LineString","coordinates":[[108.222664,16.03926],[108.222586,16.039247]]},"properties":{"h":"residential","w":0.7}},{"type":"Feature","geometry":{"type":"LineString","coordinates":[[108.222664,16.03926],[108.222571,16.039897]]},"properties":{"h":"residential","w":0.7}},{"type":"Feature","geometry":{"type":"LineString","coordinates":[[108.223378,16.039973],[108.223502,16.039981]]},"properties":{"h":"primary_link","w":1.0}},{"type":"Feature","geometry":{"type":"LineString","coordinates":[[108.223378,16.039973],[108.223439,16.039373]]},"properties":{"h":"primary","w":1.8}},{"type":"Feature","geometry":{"type":"LineString","coordinates":[[108.223502,16.039981],[108.223378,16.039973]]},"properties":{"h":"primary_link","w":1.0}},{"type":"Feature","geometry":{"type":"LineString","coordinates":[[108.223502,16.039981],[108.223513,16.040106],[108.223353,16.041705],[108.22333,16.041807]]},"properties":{"h":"primary","w":1.8}},{"type":"Feature","geometry":{"type":"LineString","coordinates":[[108.223168,16.041786],[108.22333,16.041807]]},"properties":{"h":"primary_link","w":1.0}},{"type":"Feature","geometry":{"type":"LineString","coordinates":[[108.223168,16.041786],[108.22237,16.041714]]},"properties":{"h":"tertiary","w":0.8}},{"type":"Feature","geometry":{"type":"LineString","coordinates":[[108.223168,16.041786],[108.22333,16.040087],[108.223378,16.039973]]},"properties":{"h":"primary","w":1.8}},{"type":"Feature","geometry":{"type":"LineString","coordinates":[[108.22333,16.041807],[108.223168,16.041786]]},"properties":{"h":"primary_link","w":1.0}},{"type":"Feature","geometry":{"type":"LineString","coordinates":[[108.22333,16.041807],[108.223281,16.042053]]},"properties":{"h":"primary","w":1.8}},{"type":"Feature","geometry":{"type":"LineString","coordinates":[[108.223034,16.044123],[108.223002,16.044418]]},"properties":{"h":"primary","w":1.8}},{"type":"Feature","geometry":{"type":"LineString","coordinates":[[108.223034,16.044123],[108.223264,16.044336],[108.22346,16.044469]]},"properties":{"h":"primary_link","w":1.0}},{"type":"Feature","geometry":{"type":"LineString","coordinates":[[108.221397,16.044246],[108.222351,16.044362]]},"properties":{"h":"residential","w":0.7}},{"type":"Feature","geometry":{"type":"LineString","coordinates":[[108.221397,16.044246],[108.221479,16.043428]]},"properties":{"h":"secondary","w":1.3}},{"type":"Feature","geometry":{"type":"LineString","coordinates":[[108.221397,16.044246],[108.221282,16.04509]]},"properties":{"h":"secondary","w":1.3}},{"type":"Feature","geometry":{"type":"LineString","coordinates":[[108.222857,16.044406],[108.223002,16.044418]]},"properties":{"h":"primary_link","w":1.0}},{"type":"Feature","geometry":{"type":"LineString","coordinates":[[108.222857,16.044406],[108.222351,16.044362]]},"properties":{"h":"residential","w":0.7}},{"type":"Feature","geometry":{"type":"LineString","coordinates":[[108.222857,16.044406],[108.223112,16.042341]]},"properties":{"h":"primary","w":1.8}},{"type":"Feature","geometry":{"type":"LineString","coordinates":[[108.223002,16.044418],[108.22346,16.044469]]},"properties":{"h":"residential","w":0.7}},{"type":"Feature","geometry":{"type":"LineString","coordinates":[[108.223002,16.044418],[108.222857,16.044406]]},"properties":{"h":"primary_link","w":1.0}},{"type":"Feature","geometry":{"type":"LineString","coordinates":[[108.223002,16.044418],[108.222961,16.044748]]},"properties":{"h":"primary","w":1.8}},{"type":"Feature","geometry":{"type":"LineString","coordinates":[[108.213767,16.044487],[108.213802,16.044209]]},"properties":{"h":"residential","w":0.7}},{"type":"Feature","geometry":{"type":"LineString","coordinates":[[108.213767,16.044487],[108.213996,16.044523]]},"properties":{"h":"secondary","w":1.3}},{"type":"Feature","geometry":{"type":"LineString","coordinates":[[108.213767,16.044487],[108.213251,16.044404]]},"properties":{"h":"secondary","w":1.3}},{"type":"Feature","geometry":{"type":"LineString","coordinates":[[108.217095,16.044662],[108.217249,16.044457]]},"properties":{"h":"secondary","w":1.3}},{"type":"Feature","geometry":{"type":"LineString","coordinates":[[108.217095,16.044662],[108.217122,16.044634],[108.217197,16.044609],[108.217273,16.044632],[108.217319,16.044695]]},"properties":{"h":"secondary","w":1.3}},{"type":"Feature","geometry":{"type":"LineString","coordinates":[[108.217319,16.044695],[108.217317,16.044767],[108.217274,16.044825],[108.217204,16.044849],[108.217151,16.044839]]},"properties":{"h":"secondary","w":1.3}},{"type":"Feature","geometry":{"type":"LineString","coordinates":[[108.217319,16.044695],[108.217394,16.044848],[108.21752,16.045012]]},"properties":{"h":"secondary","w":1.3}},{"type":"Feature","geometry":{"type":"LineString","coordinates":[[108.217151,16.044839],[108.216883,16.044809]]},"properties":{"h":"secondary","w":1.3}},{"type":"Feature","geometry":{"type":"LineString","coordinates":[[108.217151,16.044839],[108.217184,16.044971],[108.217061,16.045551],[108.217011,16.045578],[108.216689,16.045501]]},"properties":{"h":"residential","w":0.7}},{"type":"Feature","geometry":{"type":"LineString","coordinates":[[108.217151,16.044839],[108.217079,16.044764],[108.217095,16.044662]]},"properties":{"h":"secondary","w":1.3}},{"type":"Feature","geometry":{"type":"LineString","coordinates":[[108.216813,16.044819],[108.216883,16.044809]]},"properties":{"h":"secondary","w":1.3}},{"type":"Feature","geometry":{"type":"LineString","coordinates":[[108.216813,16.044819],[108.216311,16.044823],[108.213996,16.044523]]},"properties":{"h":"secondary","w":1.3}},{"type":"Feature","geometry":{"type":"LineString","coordinates":[[108.216813,16.044819],[108.216689,16.045501]]},"properties":{"h":"residential","w":0.7}},{"type":"Feature","geometry":{"type":"LineString","coordinates":[[108.216813,16.044819],[108.216814,16.044587]]},"properties":{"h":"residential","w":0.7}},{"type":"Feature","geometry":{"type":"LineString","coordinates":[[108.21752,16.045012],[108.217557,16.045024]]},"properties":{"h":"secondary","w":1.3}},{"type":"Feature","geometry":{"type":"LineString","coordinates":[[108.21752,16.045012],[108.217151,16.044839]]},"properties":{"h":"secondary","w":1.3}},{"type":"Feature","geometry":{"type":"LineString","coordinates":[[108.218438,16.045413],[108.218259,16.045325]]},"properties":{"h":"secondary","w":1.3}},{"type":"Feature","geometry":{"type":"LineString","coordinates":[[108.218438,16.045413],[108.218814,16.045587],[108.219148,16.045694]]},"properties":{"h":"secondary","w":1.3}},{"type":"Feature","geometry":{"type":"LineString","coordinates":[[108.218438,16.045413],[108.218333,16.045454],[108.218152,16.045451]]},"properties":{"h":"residential","w":0.7}},{"type":"Feature","geometry":{"type":"LineString","coordinates":[[108.219148,16.045694],[108.218814,16.045587],[108.218438,16.045413]]},"properties":{"h":"secondary","w":1.3}},{"type":"Feature","geometry":{"type":"LineString","coordinates":[[108.219148,16.045694],[108.219819,16.0458],[108.220044,16.04586],[108.220247,16.045985]]},"properties":{"h":"secondary","w":1.3}},{"type":"Feature","geometry":{"type":"LineString","coordinates":[[108.219148,16.045694],[108.219199,16.044775]]},"properties":{"h":"residential","w":0.7}},{"type":"Feature","geometry":{"type":"LineString","coordinates":[[108.220247,16.045985],[108.220044,16.04586],[108.219819,16.0458],[108.219148,16.045694]]},"properties":{"h":"secondary","w":1.3}},{"type":"Feature","geometry":{"type":"LineString","coordinates":[[108.220247,16.045985],[108.220536,16.046247],[108.220658,16.046309],[108.220878,16.046366],[108.221097,16.046389]]},"properties":{"h":"secondary","w":1.3}},{"type":"Feature","geometry":{"type":"LineString","coordinates":[[108.220247,16.045985],[108.220401,16.04494]]},"properties":{"h":"residential","w":0.7}},{"type":"Feature","geometry":{"type":"LineString","coordinates":[[108.222587,16.046555],[108.222097,16.046494]]},"properties":{"h":"secondary","w":1.3}},{"type":"Feature","geometry":{"type":"LineString","coordinates":[[108.222587,16.046555],[108.222857,16.044406]]},"properties":{"h":"primary","w":1.8}},{"type":"Feature","geometry":{"type":"LineString","coordinates":[[108.213479,16.048399],[108.213387,16.04845],[108.213346,16.048513],[108.213328,16.048573],[108.213335,16.048666]]},"properties":{"h":"primary_link","w":1.0}},{"type":"Feature","geometry":{"type":"LineString","coordinates":[[108.213479,16.048399],[108.212945,16.048335]]},"properties":{"h":"primary","w":1.8}},{"type":"Feature","geometry":{"type":"LineString","coordinates":[[108.215511,16.048676],[108.21553,16.048564]]},"properties":{"h":"residential","w":0.7}},{"type":"Feature","geometry":{"type":"LineString","coordinates":[[108.215511,16.048676],[108.213479,16.048399]]},"properties":{"h":"primary","w":1.8}},{"type":"Feature","geometry":{"type":"LineString","coordinates":[[108.221572,16.054024],[108.220987,16.054024]]},"properties":{"h":"tertiary","w":0.8}},{"type":"Feature","geometry":{"type":"LineString","coordinates":[[108.221572,16.054024],[108.221585,16.054579]]},"properties":{"h":"residential","w":0.7}},{"type":"Feature","geometry":{"type":"LineString","coordinates":[[108.221572,16.054024],[108.222067,16.054024]]},"properties":{"h":"tertiary","w":0.8}},{"type":"Feature","geometry":{"type":"LineString","coordinates":[[108.221585,16.054579],[108.221572,16.054024]]},"properties":{"h":"residential","w":0.7}},{"type":"Feature","geometry":{"type":"LineString","coordinates":[[108.221585,16.054579],[108.220802,16.054588]]},"properties":{"h":"residential","w":0.7}},{"type":"Feature","geometry":{"type":"LineString","coordinates":[[108.221585,16.054579],[108.221597,16.055101]]},"properties":{"h":"residential","w":0.7}},{"type":"Feature","geometry":{"type":"LineString","coordinates":[[108.220802,16.054588],[108.220806,16.054027]]},"properties":{"h":"residential","w":0.7}},{"type":"Feature","geometry":{"type":"LineString","coordinates":[[108.220802,16.054588],[108.220802,16.055118]]},"properties":{"h":"residential","w":0.7}},{"type":"Feature","geometry":{"type":"LineString","coordinates":[[108.220802,16.054588],[108.221585,16.054579]]},"properties":{"h":"residential","w":0.7}},{"type":"Feature","geometry":{"type":"LineString","coordinates":[[108.220091,16.054741],[108.220151,16.055011]]},"properties":{"h":"secondary","w":1.3}},{"type":"Feature","geometry":{"type":"LineString","coordinates":[[108.220091,16.054741],[108.220178,16.054448],[108.22023,16.054026]]},"properties":{"h":"secondary","w":1.3}},{"type":"Feature","geometry":{"type":"LineString","coordinates":[[108.220091,16.054741],[108.219952,16.054571],[108.219234,16.053923]]},"properties":{"h":"secondary","w":1.3}},{"type":"Feature","geometry":{"type":"LineString","coordinates":[[108.220151,16.055011],[108.220091,16.054741]]},"properties":{"h":"secondary","w":1.3}},{"type":"Feature","geometry":{"type":"LineString","coordinates":[[108.220151,16.055011],[108.219643,16.055061],[108.219446,16.055105],[108.219055,16.055122],[108.218856,16.055106]]},"properties":{"h":"residential","w":0.7}},{"type":"Feature","geometry":{"type":"LineString","coordinates":[[108.220151,16.055011],[108.220186,16.055592]]},"properties":{"h":"secondary","w":1.3}},{"type":"Feature","geometry":{"type":"LineString","coordinates":[[108.22212,16.055094],[108.221597,16.055101]]},"properties":{"h":"residential","w":0.7}},{"type":"Feature","geometry":{"type":"LineString","coordinates":[[108.22212,16.055094],[108.222067,16.054024]]},"properties":{"h":"primary","w":1.8}},{"type":"Feature","geometry":{"type":"LineString","coordinates":[[108.221597,16.055101],[108.22212,16.055094]]},"properties":{"h":"residential","w":0.7}},{"type":"Feature","geometry":{"type":"LineString","coordinates":[[108.221597,16.055101],[108.220802,16.055118]]},"properties":{"h":"residential","w":0.7}},{"type":"Feature","geometry":{"type":"LineString","coordinates":[[108.221597,16.055101],[108.221585,16.054579]]},"properties":{"h":"residential","w":0.7}},{"type":"Feature","geometry":{"type":"LineString","coordinates":[[108.220802,16.055118],[108.220802,16.054588]]},"properties":{"h":"residential","w":0.7}},{"type":"Feature","geometry":{"type":"LineString","coordinates":[[108.220802,16.055118],[108.220807,16.05556]]},"properties":{"h":"residential","w":0.7}},{"type":"Feature","geometry":{"type":"LineString","coordinates":[[108.220802,16.055118],[108.221597,16.055101]]},"properties":{"h":"residential","w":0.7}},{"type":"Feature","geometry":{"type":"LineString","coordinates":[[108.210421,16.038358],[108.211049,16.038211]]},"properties":{"h":"residential","w":0.7}},{"type":"Feature","geometry":{"type":"LineString","coordinates":[[108.210421,16.038358],[108.210474,16.038561],[108.210727,16.039282]]},"properties":{"h":"primary","w":1.8}},{"type":"Feature","geometry":{"type":"LineString","coordinates":[[108.210335,16.039375],[108.210396,16.039302],[108.210477,16.039258],[108.210568,16.039241],[108.210727,16.039282]]},"properties":{"h":"primary","w":1.8}},{"type":"Feature","geometry":{"type":"LineString","coordinates":[[108.210335,16.039375],[108.210333,16.038932],[108.210283,16.038397]]},"properties":{"h":"primary","w":1.8}},{"type":"Feature","geometry":{"type":"LineString","coordinates":[[108.215897,16.03032],[108.216336,16.030357]]},"properties":{"h":"residential","w":0.7}},{"type":"Feature","geometry":{"type":"LineString","coordinates":[[108.215897,16.03032],[108.216255,16.029979],[108.216332,16.029954],[108.216368,16.030002],[108.216336,16.030357]]},"properties":{"h":"residential","w":0.7}},{"type":"Feature","geometry":{"type":"LineString","coordinates":[[108.215897,16.03032],[108.215532,16.030651],[108.215415,16.030709],[108.216298,16.030762]]},"properties":{"h":"residential","w":0.7}},{"type":"Feature","geometry":{"type":"LineString","coordinates":[[108.216336,16.030357],[108.216298,16.030762]]},"properties":{"h":"residential","w":0.7}},{"type":"Feature","geometry":{"type":"LineString","coordinates":[[108.216336,16.030357],[108.215897,16.03032]]},"properties":{"h":"residential","w":0.7}},{"type":"Feature","geometry":{"type":"LineString","coordinates":[[108.216336,16.030357],[108.216368,16.030002],[108.216332,16.029954],[108.216255,16.029979],[108.215897,16.03032]]},"properties":{"h":"residential","w":0.7}},{"type":"Feature","geometry":{"type":"LineString","coordinates":[[108.216298,16.030762],[108.216336,16.030357]]},"properties":{"h":"residential","w":0.7}},{"type":"Feature","geometry":{"type":"LineString","coordinates":[[108.216298,16.030762],[108.215415,16.030709],[108.215532,16.030651],[108.215897,16.03032]]},"properties":{"h":"residential","w":0.7}},{"type":"Feature","geometry":{"type":"LineString","coordinates":[[108.216298,16.030762],[108.216254,16.031225]]},"properties":{"h":"residential","w":0.7}},{"type":"Feature","geometry":{"type":"LineString","coordinates":[[108.216254,16.031225],[108.218774,16.031532]]},"properties":{"h":"residential","w":0.7}},{"type":"Feature","geometry":{"type":"LineString","coordinates":[[108.216254,16.031225],[108.21489,16.031086]]},"properties":{"h":"residential","w":0.7}},{"type":"Feature","geometry":{"type":"LineString","coordinates":[[108.216254,16.031225],[108.216298,16.030762]]},"properties":{"h":"residential","w":0.7}},{"type":"Feature","geometry":{"type":"LineString","coordinates":[[108.214844,16.031403],[108.214793,16.031854]]},"properties":{"h":"residential","w":0.7}},{"type":"Feature","geometry":{"type":"LineString","coordinates":[[108.214844,16.031403],[108.21489,16.031086]]},"properties":{"h":"residential","w":0.7}},{"type":"Feature","geometry":{"type":"LineString","coordinates":[[108.214793,16.031854],[108.214787,16.031984]]},"properties":{"h":"tertiary","w":0.8}},{"type":"Feature","geometry":{"type":"LineString","coordinates":[[108.214793,16.031854],[108.214844,16.031403]]},"properties":{"h":"residential","w":0.7}},{"type":"Feature","geometry":{"type":"LineString","coordinates":[[108.214793,16.031854],[108.216126,16.032014]]},"properties":{"h":"primary","w":1.8}},{"type":"Feature","geometry":{"type":"LineString","coordinates":[[108.214787,16.031984],[108.214793,16.031854]]},"properties":{"h":"tertiary","w":0.8}},{"type":"Feature","geometry":{"type":"LineString","coordinates":[[108.214787,16.031984],[108.214745,16.032292]]},"properties":{"h":"tertiary","w":0.8}},{"type":"Feature","geometry":{"type":"LineString","coordinates":[[108.216114,16.032145],[108.216067,16.032441]]},"properties":{"h":"residential","w":0.7}},{"type":"Feature","geometry":{"type":"LineString","coordinates":[[108.216114,16.032145],[108.216126,16.032014]]},"properties":{"h":"residential","w":0.7}},{"type":"Feature","geometry":{"type":"LineString","coordinates":[[108.216114,16.032145],[108.214787,16.031984]]},"properties":{"h":"primary","w":1.8}},{"type":"Feature","geometry":{"type":"LineString","coordinates":[[108.220642,16.032673],[108.220655,16.032554]]},"properties":{"h":"residential","w":0.7}},{"type":"Feature","geometry":{"type":"LineString","coordinates":[[108.220642,16.032673],[108.220604,16.032959]]},"properties":{"h":"residential","w":0.7}},{"type":"Feature","geometry":{"type":"LineString","coordinates":[[108.220642,16.032673],[108.218683,16.032427]]},"properties":{"h":"primary","w":1.8}},{"type":"Feature","geometry":{"type":"LineString","coordinates":[[108.223766,16.032894],[108.224072,16.032781],[108.224186,16.032611]]},"properties":{"h":"primary_link","w":1.0}},{"type":"Feature","geometry":{"type":"LineString","coordinates":[[108.223766,16.032894],[108.224207,16.032951]]},"properties":{"h":"primary","w":1.8}},{"type":"Feature","geometry":{"type":"LineString","coordinates":[[108.223749,16.033014],[108.223598,16.032992]]},"properties":{"h":"primary","w":1.8}},{"type":"Feature","geometry":{"type":"LineString","coordinates":[[108.22048,16.023508],[108.219591,16.024207],[108.21939,16.024511],[108.21901,16.025166]]},"properties":{"h":"residential","w":0.7}},{"type":"Feature","geometry":{"type":"LineString","coordinates":[[108.22048,16.023508],[108.220964,16.024256],[108.221852,16.025304]]},"properties":{"h":"tertiary","w":0.8}},{"type":"Feature","geometry":{"type":"LineString","coordinates":[[108.221053,16.026179],[108.220954,16.026264]]},"properties":{"h":"secondary","w":1.3}},{"type":"Feature","geometry":{"type":"LineString","coordinates":[[108.221053,16.026179],[108.221105,16.02614]]},"properties":{"h":"secondary","w":1.3}},{"type":"Feature","geometry":{"type":"LineString","coordinates":[[108.221053,16.026179],[108.221395,16.026384]]},"properties":{"h":"trunk","w":2.2}},{"type":"Feature","geometry":{"type":"LineString","coordinates":[[108.220954,16.026264],[108.221053,16.026179]]},"properties":{"h":"secondary","w":1.3}},{"type":"Feature","geometry":{"type":"LineString","coordinates":[[108.220954,16.026264],[108.220694,16.026127]]},"properties":{"h":"trunk","w":2.2}},{"type":"Feature","geometry":{"type":"LineString","coordinates":[[108.220954,16.026264],[108.220709,16.026472]]},"properties":{"h":"secondary","w":1.3}},{"type":"Feature","geometry":{"type":"LineString","coordinates":[[108.221382,16.026486],[108.220954,16.026264]]},"properties":{"h":"trunk","w":2.2}},{"type":"Feature","geometry":{"type":"LineString","coordinates":[[108.221382,16.026486],[108.22117,16.026427],[108.221012,16.026422],[108.220709,16.026472]]},"properties":{"h":"trunk_link","w":1.2}},{"type":"Feature","geometry":{"type":"LineString","coordinates":[[108.221839,16.026768],[108.221758,16.026857]]},"properties":{"h":"secondary","w":1.3}},{"type":"Feature","geometry":{"type":"LineString","coordinates":[[108.221839,16.026768],[108.222074,16.027027],[108.222259,16.02732],[108.222466,16.027757]]},"properties":{"h":"trunk","w":2.2}},{"type":"Feature","geometry":{"type":"LineString","coordinates":[[108.221758,16.026857],[108.221839,16.026768]]},"properties":{"h":"secondary","w":1.3}},{"type":"Feature","geometry":{"type":"LineString","coordinates":[[108.221758,16.026857],[108.221807,16.027234]]},"properties":{"h":"secondary","w":1.3}},{"type":"Feature","geometry":{"type":"LineString","coordinates":[[108.221758,16.026857],[108.221382,16.026486]]},"properties":{"h":"trunk","w":2.2}},{"type":"Feature","geometry":{"type":"LineString","coordinates":[[108.21987,16.028609],[108.220284,16.028652]]},"properties":{"h":"residential","w":0.7}},{"type":"Feature","geometry":{"type":"LineString","coordinates":[[108.21987,16.028609],[108.219726,16.029592]]},"properties":{"h":"residential","w":0.7}},{"type":"Feature","geometry":{"type":"LineString","coordinates":[[108.21987,16.028609],[108.21918,16.02854]]},"properties":{"h":"residential","w":0.7}},{"type":"Feature","geometry":{"type":"LineString","coordinates":[[108.21987,16.028609],[108.219948,16.028146],[108.219988,16.028057],[108.220065,16.027938],[108.220335,16.027719],[108.220412,16.027741],[108.220828,16.028156]]},"properties":{"h":"residential","w":0.7}},{"type":"Feature","geometry":{"type":"LineString","coordinates":[[108.220284,16.028652],[108.220732,16.028698]]},"properties":{"h":"residential","w":0.7}},{"type":"Feature","geometry":{"type":"LineString","coordinates":[[108.220284,16.028652],[108.21987,16.028609]]},"properties":{"h":"residential","w":0.7}},{"type":"Feature","geometry":{"type":"LineString","coordinates":[[108.220284,16.028652],[108.220153,16.029643]]},"properties":{"h":"residential","w":0.7}},{"type":"Feature","geometry":{"type":"LineString","coordinates":[[108.219726,16.029592],[108.220153,16.029643]]},"properties":{"h":"residential","w":0.7}},{"type":"Feature","geometry":{"type":"LineString","coordinates":[[108.219726,16.029592],[108.21987,16.028609]]},"properties":{"h":"residential","w":0.7}},{"type":"Feature","geometry":{"type":"LineString","coordinates":[[108.219726,16.029592],[108.219059,16.029512]]},"properties":{"h":"residential","w":0.7}},{"type":"Feature","geometry":{"type":"LineString","coordinates":[[108.220153,16.029643],[108.220566,16.029692]]},"properties":{"h":"residential","w":0.7}},{"type":"Feature","geometry":{"type":"LineString","coordinates":[[108.220153,16.029643],[108.219726,16.029592]]},"properties":{"h":"residential","w":0.7}},{"type":"Feature","geometry":{"type":"LineString","coordinates":[[108.220153,16.029643],[108.220284,16.028652]]},"properties":{"h":"residential","w":0.7}},{"type":"Feature","geometry":{"type":"LineString","coordinates":[[108.221076,16.029744],[108.221007,16.030237]]},"properties":{"h":"residential","w":0.7}},{"type":"Feature","geometry":{"type":"LineString","coordinates":[[108.221076,16.029744],[108.220566,16.029692]]},"properties":{"h":"residential","w":0.7}},{"type":"Feature","geometry":{"type":"LineString","coordinates":[[108.221076,16.029744],[108.221216,16.028745]]},"properties":{"h":"residential","w":0.7}},{"type":"Feature","geometry":{"type":"LineString","coordinates":[[108.221076,16.029744],[108.221727,16.029829],[108.221924,16.029843],[108.222027,16.029831]]},"properties":{"h":"residential","w":0.7}},{"type":"Feature","geometry":{"type":"LineString","coordinates":[[108.222027,16.029831],[108.222152,16.030306]]},"properties":{"h":"residential","w":0.7}},{"type":"Feature","geometry":{"type":"LineString","coordinates":[[108.222027,16.029831],[108.221964,16.029584]]},"properties":{"h":"residential","w":0.7}},{"type":"Feature","geometry":{"type":"LineString","coordinates":[[108.222027,16.029831],[108.221924,16.029843],[108.221727,16.029829],[108.221076,16.029744]]},"properties":{"h":"residential","w":0.7}},{"type":"Feature","geometry":{"type":"LineString","coordinates":[[108.223939,16.031135],[108.223823,16.03118]]},"properties":{"h":"residential","w":0.7}},{"type":"Feature","geometry":{"type":"LineString","coordinates":[[108.223939,16.031135],[108.224135,16.03108],[108.2255,16.03109]]},"properties":{"h":"residential","w":0.7}},{"type":"Feature","geometry":{"type":"LineString","coordinates":[[108.223939,16.031135],[108.223999,16.031286]]},"properties":{"h":"trunk","w":2.2}},{"type":"Feature","geometry":{"type":"LineString","coordinates":[[108.224072,16.031916],[108.223548,16.031896],[108.222799,16.031723]]},"properties":{"h":"residential","w":0.7}},{"type":"Feature","geometry":{"type":"LineString","coordinates":[[108.224072,16.031916],[108.223823,16.03118]]},"properties":{"h":"trunk","w":2.2}},{"type":"Feature","geometry":{"type":"LineString","coordinates":[[108.224319,16.032593],[108.224524,16.032786],[108.224766,16.032902]]},"properties":{"h":"tertiary","w":0.8}},{"type":"Feature","geometry":{"type":"LineString","coordinates":[[108.224319,16.032593],[108.224336,16.03297]]},"properties":{"h":"trunk","w":2.2}},{"type":"Feature","geometry":{"type":"LineString","coordinates":[[108.224319,16.032593],[108.224456,16.032837],[108.224892,16.033078]]},"properties":{"h":"trunk_link","w":1.2}},{"type":"Feature","geometry":{"type":"LineString","coordinates":[[108.228897,16.034021],[108.228851,16.034162]]},"properties":{"h":"tertiary","w":0.8}},{"type":"Feature","geometry":{"type":"LineString","coordinates":[[108.228897,16.034021],[108.225623,16.033348]]},"properties":{"h":"trunk","w":2.2}},{"type":"Feature","geometry":{"type":"LineString","coordinates":[[108.228851,16.034162],[108.228897,16.034021]]},"properties":{"h":"tertiary","w":0.8}},{"type":"Feature","geometry":{"type":"LineString","coordinates":[[108.228851,16.034162],[108.229666,16.034351]]},"properties":{"h":"tertiary","w":0.8}},{"type":"Feature","geometry":{"type":"LineString","coordinates":[[108.228851,16.034162],[108.226013,16.033552]]},"properties":{"h":"tertiary","w":0.8}},{"type":"Feature","geometry":{"type":"LineString","coordinates":[[108.228851,16.034162],[108.22866,16.035685]]},"properties":{"h":"residential","w":0.7}},{"type":"Feature","geometry":{"type":"LineString","coordinates":[[108.233104,16.035123],[108.230852,16.03462]]},"properties":{"h":"tertiary","w":0.8}},{"type":"Feature","geometry":{"type":"LineString","coordinates":[[108.233104,16.035123],[108.2342,16.035365]]},"properties":{"h":"tertiary","w":0.8}},{"type":"Feature","geometry":{"type":"LineString","coordinates":[[108.233104,16.035123],[108.233032,16.035689]]},"properties":{"h":"residential","w":0.7}},{"type":"Feature","geometry":{"type":"LineString","coordinates":[[108.224002,16.03562],[108.223838,16.037158]]},"properties":{"h":"primary","w":1.8}},{"type":"Feature","geometry":{"type":"LineString","coordinates":[[108.224002,16.03562],[108.225422,16.03576]]},"properties":{"h":"residential","w":0.7}},{"type":"Feature","geometry":{"type":"LineString","coordinates":[[108.233032,16.035689],[108.230777,16.035207]]},"properties":{"h":"residential","w":0.7}},{"type":"Feature","geometry":{"type":"LineString","coordinates":[[108.233032,16.035689],[108.233104,16.035123]]},"properties":{"h":"residential","w":0.7}},{"type":"Feature","geometry":{"type":"LineString","coordinates":[[108.233032,16.035689],[108.232995,16.036185]]},"properties":{"h":"residential","w":0.7}},{"type":"Feature","geometry":{"type":"LineString","coordinates":[[108.228256,16.035637],[108.22866,16.035685]]},"properties":{"h":"residential","w":0.7}},{"type":"Feature","geometry":{"type":"LineString","coordinates":[[108.228256,16.035637],[108.227148,16.035512],[108.226944,16.035543],[108.226851,16.035597],[108.226666,16.035753],[108.226487,16.035845],[108.225539,16.03577]]},"properties":{"h":"residential","w":0.7}},{"type":"Feature","geometry":{"type":"LineString","coordinates":[[108.228256,16.035637],[108.228134,16.036591]]},"properties":{"h":"unclassified","w":0.7}},{"type":"Feature","geometry":{"type":"LineString","coordinates":[[108.22866,16.035685],[108.229484,16.035778]]},"properties":{"h":"residential","w":0.7}},{"type":"Feature","geometry":{"type":"LineString","coordinates":[[108.22866,16.035685],[108.228256,16.035637]]},"properties":{"h":"residential","w":0.7}},{"type":"Feature","geometry":{"type":"LineString","coordinates":[[108.22866,16.035685],[108.228658,16.036065],[108.228721,16.036234],[108.22883,16.036419]]},"properties":{"h":"residential","w":0.7}},{"type":"Feature","geometry":{"type":"LineString","coordinates":[[108.22866,16.035685],[108.228851,16.034162]]},"properties":{"h":"residential","w":0.7}},{"type":"Feature","geometry":{"type":"LineString","coordinates":[[108.225539,16.03577],[108.225422,16.03576]]},"properties":{"h":"residential","w":0.7}},{"type":"Feature","geometry":{"type":"LineString","coordinates":[[108.225539,16.03577],[108.22529,16.037658],[108.22523,16.037704]]},"properties":{"h":"unclassified","w":0.7}},{"type":"Feature","geometry":{"type":"LineString","coordinates":[[108.225539,16.03577],[108.226487,16.035845],[108.226666,16.035753],[108.226851,16.035597],[108.226944,16.035543],[108.227148,16.035512],[108.228256,16.035637]]},"properties":{"h":"residential","w":0.7}},{"type":"Feature","geometry":{"type":"LineString","coordinates":[[108.225422,16.03576],[108.225539,16.03577]]},"properties":{"h":"residential","w":0.7}},{"type":"Feature","geometry":{"type":"LineString","coordinates":[[108.225422,16.03576],[108.225557,16.034541],[108.225637,16.034473],[108.225691,16.034551],[108.225539,16.03577]]},"properties":{"h":"unclassified","w":0.7}},{"type":"Feature","geometry":{"type":"LineString","coordinates":[[108.225422,16.03576],[108.224002,16.03562]]},"properties":{"h":"residential","w":0.7}},{"type":"Feature","geometry":{"type":"LineString","coordinates":[[108.22883,16.036419],[108.229089,16.036695]]},"properties":{"h":"residential","w":0.7}},{"type":"Feature","geometry":{"type":"LineString","coordinates":[[108.22883,16.036419],[108.228721,16.036234],[108.228658,16.036065],[108.22866,16.035685]]},"properties":{"h":"residential","w":0.7}},{"type":"Feature","geometry":{"type":"LineString","coordinates":[[108.22883,16.036419],[108.228864,16.036531],[108.228861,16.036577],[108.22883,16.03662],[108.22874,16.036659]]},"properties":{"h":"residential","w":0.7}},{"type":"Feature","geometry":{"type":"LineString","coordinates":[[108.229089,16.036695],[108.229353,16.036743]]},"properties":{"h":"residential","w":0.7}},{"type":"Feature","geometry":{"type":"LineString","coordinates":[[108.229089,16.036695],[108.22874,16.036659]]},"properties":{"h":"residential","w":0.7}},{"type":"Feature","geometry":{"type":"LineString","coordinates":[[108.229089,16.036695],[108.22883,16.036419]]},"properties":{"h":"residential","w":0.7}},{"type":"Feature","geometry":{"type":"LineString","coordinates":[[108.228134,16.036591],[108.22874,16.036659]]},"properties":{"h":"residential","w":0.7}},{"type":"Feature","geometry":{"type":"LineString","coordinates":[[108.228134,16.036591],[108.228256,16.035637]]},"properties":{"h":"unclassified","w":0.7}},{"type":"Feature","geometry":{"type":"LineString","coordinates":[[108.228134,16.036591],[108.22796,16.038068]]},"properties":{"h":"unclassified","w":0.7}},{"type":"Feature","geometry":{"type":"LineString","coordinates":[[108.22874,16.036659],[108.229089,16.036695]]},"properties":{"h":"residential","w":0.7}},{"type":"Feature","geometry":{"type":"LineString","coordinates":[[108.22874,16.036659],[108.228134,16.036591]]},"properties":{"h":"residential","w":0.7}},{"type":"Feature","geometry":{"type":"LineString","coordinates":[[108.22874,16.036659],[108.22883,16.03662],[108.228861,16.036577],[108.228864,16.036531],[108.22883,16.036419]]},"properties":{"h":"residential","w":0.7}},{"type":"Feature","geometry":{"type":"LineString","coordinates":[[108.229353,16.036743],[108.229668,16.036915]]},"properties":{"h":"residential","w":0.7}},{"type":"Feature","geometry":{"type":"LineString","coordinates":[[108.229353,16.036743],[108.229089,16.036695]]},"properties":{"h":"residential","w":0.7}},{"type":"Feature","geometry":{"type":"LineString","coordinates":[[108.229353,16.036743],[108.229766,16.036783]]},"properties":{"h":"residential","w":0.7}},{"type":"Feature","geometry":{"type":"LineString","coordinates":[[108.229353,16.036743],[108.229484,16.035778]]},"properties":{"h":"residential","w":0.7}},{"type":"Feature","geometry":{"type":"LineString","coordinates":[[108.229668,16.036915],[108.229353,16.036743]]},"properties":{"h":"residential","w":0.7}},{"type":"Feature","geometry":{"type":"LineString","coordinates":[[108.229668,16.036915],[108.229847,16.037057],[108.230064,16.037307]]},"properties":{"h":"residential","w":0.7}},{"type":"Feature","geometry":{"type":"LineString","coordinates":[[108.229668,16.036915],[108.22968,16.036842],[108.229766,16.036783]]},"properties":{"h":"residential","w":0.7}},{"type":"Feature","geometry":{"type":"LineString","coordinates":[[108.230064,16.037307],[108.229847,16.037057],[108.229668,16.036915]]},"properties":{"h":"residential","w":0.7}},{"type":"Feature","geometry":{"type":"LineString","coordinates":[[108.231198,16.037423],[108.232809,16.037614]]},"properties":{"h":"residential","w":0.7}},{"type":"Feature","geometry":{"type":"LineString","coordinates":[[108.232809,16.037614],[108.231198,16.037423]]},"properties":{"h":"residential","w":0.7}},{"type":"Feature","geometry":{"type":"LineString","coordinates":[[108.232809,16.037614],[108.232867,16.037142]]},"properties":{"h":"residential","w":0.7}},{"type":"Feature","geometry":{"type":"LineString","coordinates":[[108.232809,16.037614],[108.233861,16.037736]]},"properties":{"h":"residential","w":0.7}},{"type":"Feature","geometry":{"type":"LineString","coordinates":[[108.232809,16.037614],[108.232631,16.039164]]},"properties":{"h":"residential","w":0.7}},{"type":"Feature","geometry":{"type":"LineString","coordinates":[[108.225221,16.037792],[108.225936,16.037864]]},"properties":{"h":"tertiary","w":0.8}},{"type":"Feature","geometry":{"type":"LineString","coordinates":[[108.225221,16.037792],[108.225192,16.038042]]},"properties":{"h":"unclassified","w":0.7}},{"type":"Feature","geometry":{"type":"LineString","coordinates":[[108.225221,16.037792],[108.22523,16.037704]]},"properties":{"h":"unclassified","w":0.7}},{"type":"Feature","geometry":{"type":"LineString","coordinates":[[108.22796,16.038068],[108.227923,16.038382]]},"properties":{"h":"unclassified","w":0.7}},{"type":"Feature","geometry":{"type":"LineString","coordinates":[[108.22796,16.038068],[108.228134,16.036591]]},"properties":{"h":"unclassified","w":0.7}},{"type":"Feature","geometry":{"type":"LineString","coordinates":[[108.22796,16.038068],[108.229135,16.038223],[108.230232,16.038437],[108.232631,16.039164]]},"properties":{"h":"tertiary","w":0.8}},{"type":"Feature","geometry":{"type":"LineString","coordinates":[[108.233373,16.039421],[108.233323,16.039577]]},"properties":{"h":"tertiary","w":0.8}},{"type":"Feature","geometry":{"type":"LineString","coordinates":[[108.233373,16.039421],[108.23369,16.03864],[108.233815,16.038245],[108.233861,16.037736]]},"properties":{"h":"tertiary","w":0.8}},{"type":"Feature","geometry":{"type":"LineString","coordinates":[[108.232596,16.039335],[108.232631,16.039164]]},"properties":{"h":"tertiary_link","w":0.6}},{"type":"Feature","geometry":{"type":"LineString","coordinates":[[108.232596,16.039335],[108.232544,16.039886]]},"properties":{"h":"residential","w":0.7}},{"type":"Feature","geometry":{"type":"LineString","coordinates":[[108.232596,16.039335],[108.230182,16.038723],[108.229099,16.038538],[108.227923,16.038382]]},"properties":{"h":"tertiary","w":0.8}},{"type":"Feature","geometry":{"type":"LineString","coordinates":[[108.232544,16.039886],[108.233161,16.039964]]},"properties":{"h":"residential","w":0.7}},{"type":"Feature","geometry":{"type":"LineString","coordinates":[[108.232544,16.039886],[108.232498,16.040155],[108.231608,16.04198],[108.231172,16.043012],[108.230659,16.044528],[108.230468,16.045215],[108.230283,16.045613],[108.230081,16.045902],[108.229691,16.046262],[108.229716,16.046315],[108.229767,16.046347],[108.229923,16.046373],[108.230363,16.046345],[108.23069,16.046114],[108.231063,16.045326],[108.231812,16.043042],[108.232946,16.040542],[108.233161,16.039964]]},"properties":{"h":"residential","w":0.7}},{"type":"Feature","geometry":{"type":"LineString","coordinates":[[108.232544,16.039886],[108.231247,16.039758],[108.230782,16.039657],[108.230338,16.039369],[108.230123,16.0392],[108.230079,16.039134],[108.230144,16.038895]]},"properties":{"h":"residential","w":0.7}},{"type":"Feature","geometry":{"type":"LineString","coordinates":[[108.232544,16.039886],[108.232596,16.039335]]},"properties":{"h":"residential","w":0.7}},{"type":"Feature","geometry":{"type":"LineString","coordinates":[[108.233161,16.039964],[108.232544,16.039886]]},"properties":{"h":"residential","w":0.7}},{"type":"Feature","geometry":{"type":"LineString","coordinates":[[108.233161,16.039964],[108.232946,16.040542],[108.231812,16.043042],[108.231063,16.045326],[108.23069,16.046114],[108.230363,16.046345],[108.229923,16.046373],[108.229767,16.046347],[108.229716,16.046315],[108.229691,16.046262],[108.230081,16.045902],[108.230283,16.045613],[108.230468,16.045215],[108.230659,16.044528],[108.231172,16.043012],[108.231608,16.04198],[108.232498,16.040155],[108.232544,16.039886]]},"properties":{"h":"residential","w":0.7}},{"type":"Feature","geometry":{"type":"LineString","coordinates":[[108.233161,16.039964],[108.233323,16.039577]]},"properties":{"h":"tertiary","w":0.8}},{"type":"Feature","geometry":{"type":"LineString","coordinates":[[108.223938,16.048604],[108.223812,16.048589]]},"properties":{"h":"secondary_link","w":0.8}},{"type":"Feature","geometry":{"type":"LineString","coordinates":[[108.223938,16.048604],[108.223864,16.049333]]},"properties":{"h":"secondary","w":1.3}},{"type":"Feature","geometry":{"type":"LineString","coordinates":[[108.226698,16.047597],[108.226868,16.047696]]},"properties":{"h":"residential","w":0.7}},{"type":"Feature","geometry":{"type":"LineString","coordinates":[[108.226698,16.047597],[108.226454,16.047455]]},"properties":{"h":"residential","w":0.7}},{"type":"Feature","geometry":{"type":"LineString","coordinates":[[108.227106,16.047834],[108.226868,16.047696]]},"properties":{"h":"residential","w":0.7}},{"type":"Feature","geometry":{"type":"LineString","coordinates":[[108.227106,16.047834],[108.22748,16.047263]]},"properties":{"h":"residential","w":0.7}},{"type":"Feature","geometry":{"type":"LineString","coordinates":[[108.227106,16.047834],[108.227612,16.048118]]},"properties":{"h":"residential","w":0.7}},{"type":"Feature","geometry":{"type":"LineString","coordinates":[[108.227903,16.046621],[108.227536,16.047176]]},"properties":{"h":"residential","w":0.7}},{"type":"Feature","geometry":{"type":"LineString","coordinates":[[108.227903,16.046621],[108.227252,16.046233]]},"properties":{"h":"residential","w":0.7}},{"type":"Feature","geometry":{"type":"LineString","coordinates":[[108.227903,16.046621],[108.228085,16.046734]]},"properties":{"h":"residential","w":0.7}},{"type":"Feature","geometry":{"type":"LineString","coordinates":[[108.225964,16.04717],[108.226454,16.047455]]},"properties":{"h":"residential","w":0.7}},{"type":"Feature","geometry":{"type":"LineString","coordinates":[[108.225964,16.04717],[108.226772,16.045928]]},"properties":{"h":"residential","w":0.7}},{"type":"Feature","geometry":{"type":"LineString","coordinates":[[108.226868,16.047696],[108.226698,16.047597]]},"properties":{"h":"residential","w":0.7}},{"type":"Feature","geometry":{"type":"LineString","coordinates":[[108.226868,16.047696],[108.227106,16.047834]]},"properties":{"h":"residential","w":0.7}},{"type":"Feature","geometry":{"type":"LineString","coordinates":[[108.226868,16.047696],[108.2265,16.048246],[108.226317,16.048348]]},"properties":{"h":"residential","w":0.7}},{"type":"Feature","geometry":{"type":"LineString","coordinates":[[108.226394,16.048075],[108.226698,16.047597]]},"properties":{"h":"residential","w":0.7}},{"type":"Feature","geometry":{"type":"LineString","coordinates":[[108.226394,16.048075],[108.225842,16.04771],[108.225796,16.047653],[108.225772,16.047507],[108.225793,16.047437],[108.225964,16.04717]]},"properties":{"h":"residential","w":0.7}},{"type":"Feature","geometry":{"type":"LineString","coordinates":[[108.227891,16.045949],[108.227748,16.045445]]},"properties":{"h":"residential","w":0.7}},{"type":"Feature","geometry":{"type":"LineString","coordinates":[[108.227891,16.045949],[108.22757,16.04575]]},"properties":{"h":"residential","w":0.7}},{"type":"Feature","geometry":{"type":"LineString","coordinates":[[108.227891,16.045949],[108.22814,16.046629],[108.228085,16.046734]]},"properties":{"h":"residential","w":0.7}},{"type":"Feature","geometry":{"type":"LineString","coordinates":[[108.22757,16.04575],[108.227252,16.046233]]},"properties":{"h":"residential","w":0.7}},{"type":"Feature","geometry":{"type":"LineString","coordinates":[[108.22757,16.04575],[108.227891,16.045949]]},"properties":{"h":"residential","w":0.7}},{"type":"Feature","geometry":{"type":"LineString","coordinates":[[108.22757,16.04575],[108.227177,16.045506],[108.227089,16.045475],[108.227054,16.045496],[108.226772,16.045928]]},"properties":{"h":"residential","w":0.7}},{"type":"Feature","geometry":{"type":"LineString","coordinates":[[108.226454,16.047455],[108.226698,16.047597]]},"properties":{"h":"residential","w":0.7}},{"type":"Feature","geometry":{"type":"LineString","coordinates":[[108.226454,16.047455],[108.225964,16.04717]]},"properties":{"h":"residential","w":0.7}},{"type":"Feature","geometry":{"type":"LineString","coordinates":[[108.226454,16.047455],[108.226826,16.046886]]},"properties":{"h":"residential","w":0.7}},{"type":"Feature","geometry":{"type":"LineString","coordinates":[[108.226885,16.046795],[108.226826,16.046886]]},"properties":{"h":"residential","w":0.7}},{"type":"Feature","geometry":{"type":"LineString","coordinates":[[108.226885,16.046795],[108.227536,16.047176]]},"properties":{"h":"residential","w":0.7}},{"type":"Feature","geometry":{"type":"LineString","coordinates":[[108.226885,16.046795],[108.227252,16.046233]]},"properties":{"h":"residential","w":0.7}},{"type":"Feature","geometry":{"type":"LineString","coordinates":[[108.227536,16.047176],[108.22748,16.047263]]},"properties":{"h":"residential","w":0.7}},{"type":"Feature","geometry":{"type":"LineString","coordinates":[[108.227536,16.047176],[108.227903,16.046621]]},"properties":{"h":"residential","w":0.7}},{"type":"Feature","geometry":{"type":"LineString","coordinates":[[108.22748,16.047263],[108.227536,16.047176]]},"properties":{"h":"residential","w":0.7}},{"type":"Feature","geometry":{"type":"LineString","coordinates":[[108.22748,16.047263],[108.226826,16.046886]]},"properties":{"h":"residential","w":0.7}},{"type":"Feature","geometry":{"type":"LineString","coordinates":[[108.22748,16.047263],[108.227106,16.047834]]},"properties":{"h":"residential","w":0.7}},{"type":"Feature","geometry":{"type":"LineString","coordinates":[[108.226826,16.046886],[108.226885,16.046795]]},"properties":{"h":"residential","w":0.7}},{"type":"Feature","geometry":{"type":"LineString","coordinates":[[108.226826,16.046886],[108.226454,16.047455]]},"properties":{"h":"residential","w":0.7}},{"type":"Feature","geometry":{"type":"LineString","coordinates":[[108.215838,16.081051],[108.216315,16.081716]]},"properties":{"h":"residential","w":0.7}},{"type":"Feature","geometry":{"type":"LineString","coordinates":[[108.215838,16.081051],[108.21582,16.081023]]},"properties":{"h":"residential","w":0.7}},{"type":"Feature","geometry":{"type":"LineString","coordinates":[[108.215838,16.081051],[108.216435,16.080713]]},"properties":{"h":"residential","w":0.7}},{"type":"Feature","geometry":{"type":"LineString","coordinates":[[108.216435,16.080713],[108.217111,16.080318]]},"properties":{"h":"residential","w":0.7}},{"type":"Feature","geometry":{"type":"LineString","coordinates":[[108.216435,16.080713],[108.215838,16.081051]]},"properties":{"h":"residential","w":0.7}},{"type":"Feature","geometry":{"type":"LineString","coordinates":[[108.216435,16.080713],[108.216699,16.081151]]},"properties":{"h":"residential","w":0.7}},{"type":"Feature","geometry":{"type":"LineString","coordinates":[[108.217111,16.080318],[108.216435,16.080713]]},"properties":{"h":"residential","w":0.7}},{"type":"Feature","geometry":{"type":"LineString","coordinates":[[108.217111,16.080318],[108.21731,16.080595]]},"properties":{"h":"residential","w":0.7}},{"type":"Feature","geometry":{"type":"LineString","coordinates":[[108.217111,16.080318],[108.21693,16.079995]]},"properties":{"h":"residential","w":0.7}},{"type":"Feature","geometry":{"type":"LineString","coordinates":[[108.21731,16.080595],[108.217455,16.080828]]},"properties":{"h":"residential","w":0.7}},{"type":"Feature","geometry":{"type":"LineString","coordinates":[[108.21731,16.080595],[108.217673,16.080377]]},"properties":{"h":"residential","w":0.7}},{"type":"Feature","geometry":{"type":"LineString","coordinates":[[108.21731,16.080595],[108.217111,16.080318]]},"properties":{"h":"residential","w":0.7}},{"type":"Feature","geometry":{"type":"LineString","coordinates":[[108.217799,16.080301],[108.217673,16.080377]]},"properties":{"h":"residential","w":0.7}},{"type":"Feature","geometry":{"type":"LineString","coordinates":[[108.216322,16.048793],[108.216263,16.049657]]},"properties":{"h":"tertiary","w":0.8}},{"type":"Feature","geometry":{"type":"LineString","coordinates":[[108.216322,16.048793],[108.215511,16.048676]]},"properties":{"h":"primary","w":1.8}},{"type":"Feature","geometry":{"type":"LineString","coordinates":[[108.220919,16.072732],[108.220231,16.072636]]},"properties":{"h":"tertiary","w":0.8}},{"type":"Feature","geometry":{"type":"LineString","coordinates":[[108.220919,16.072732],[108.220864,16.073207]]},"properties":{"h":"tertiary","w":0.8}},{"type":"Feature","geometry":{"type":"LineString","coordinates":[[108.211525,16.079811],[108.211459,16.079909],[108.210996,16.080276]]},"properties":{"h":"secondary","w":1.3}},{"type":"Feature","geometry":{"type":"LineString","coordinates":[[108.211525,16.079811],[108.211581,16.079628]]},"properties":{"h":"secondary","w":1.3}},{"type":"Feature","geometry":{"type":"LineString","coordinates":[[108.211525,16.079811],[108.211643,16.079921],[108.21178,16.080114],[108.212067,16.080624],[108.212523,16.081573],[108.212671,16.081763]]},"properties":{"h":"residential","w":0.7}},{"type":"Feature","geometry":{"type":"LineString","coordinates":[[108.218696,16.032303],[108.218683,16.032427]]},"properties":{"h":"secondary","w":1.3}},{"type":"Feature","geometry":{"type":"LineString","coordinates":[[108.218696,16.032303],[108.22015,16.032486]]},"properties":{"h":"primary","w":1.8}},{"type":"Feature","geometry":{"type":"LineString","coordinates":[[108.218696,16.032303],[108.218774,16.031532]]},"properties":{"h":"secondary","w":1.3}},{"type":"Feature","geometry":{"type":"LineString","coordinates":[[108.217439,16.032178],[108.217429,16.032289]]},"properties":{"h":"residential","w":0.7}},{"type":"Feature","geometry":{"type":"LineString","coordinates":[[108.217439,16.032178],[108.218696,16.032303]]},"properties":{"h":"primary","w":1.8}},{"type":"Feature","geometry":{"type":"LineString","coordinates":[[108.224064,16.035086],[108.223939,16.035074]]},"properties":{"h":"residential","w":0.7}},{"type":"Feature","geometry":{"type":"LineString","coordinates":[[108.224064,16.035086],[108.224002,16.03562]]},"properties":{"h":"primary","w":1.8}},{"type":"Feature","geometry":{"type":"LineString","coordinates":[[108.223939,16.035074],[108.224064,16.035086]]},"properties":{"h":"residential","w":0.7}},{"type":"Feature","geometry":{"type":"LineString","coordinates":[[108.223939,16.035074],[108.223474,16.035044]]},"properties":{"h":"residential","w":0.7}},{"type":"Feature","geometry":{"type":"LineString","coordinates":[[108.223939,16.035074],[108.224151,16.033457]]},"properties":{"h":"primary","w":1.8}},{"type":"Feature","geometry":{"type":"LineString","coordinates":[[108.225501,16.031154],[108.2255,16.03109]]},"properties":{"h":"residential","w":0.7}},{"type":"Feature","geometry":{"type":"LineString","coordinates":[[108.225501,16.031154],[108.225503,16.031298]]},"properties":{"h":"residential","w":0.7}},{"type":"Feature","geometry":{"type":"LineString","coordinates":[[108.225501,16.031154],[108.226539,16.031138]]},"properties":{"h":"residential","w":0.7}},{"type":"Feature","geometry":{"type":"LineString","coordinates":[[108.21189,16.037622],[108.211861,16.037499]]},"properties":{"h":"residential","w":0.7}},{"type":"Feature","geometry":{"type":"LineString","coordinates":[[108.21189,16.037622],[108.211957,16.038001]]},"properties":{"h":"residential","w":0.7}},{"type":"Feature","geometry":{"type":"LineString","coordinates":[[108.21189,16.037622],[108.212451,16.037495],[108.213159,16.037568]]},"properties":{"h":"residential","w":0.7}},{"type":"Feature","geometry":{"type":"LineString","coordinates":[[108.213159,16.037568],[108.213261,16.03671]]},"properties":{"h":"residential","w":0.7}},{"type":"Feature","geometry":{"type":"LineString","coordinates":[[108.213159,16.037568],[108.2131,16.038083]]},"properties":{"h":"residential","w":0.7}},{"type":"Feature","geometry":{"type":"LineString","coordinates":[[108.213159,16.037568],[108.212451,16.037495],[108.21189,16.037622]]},"properties":{"h":"residential","w":0.7}},{"type":"Feature","geometry":{"type":"LineString","coordinates":[[108.210283,16.038397],[108.209495,16.038595]]},"properties":{"h":"residential","w":0.7}},{"type":"Feature","geometry":{"type":"LineString","coordinates":[[108.226772,16.045928],[108.227054,16.045496],[108.227089,16.045475],[108.227177,16.045506],[108.22757,16.04575]]},"properties":{"h":"residential","w":0.7}},{"type":"Feature","geometry":{"type":"LineString","coordinates":[[108.226772,16.045928],[108.225964,16.04717]]},"properties":{"h":"residential","w":0.7}},{"type":"Feature","geometry":{"type":"LineString","coordinates":[[108.226772,16.045928],[108.227252,16.046233]]},"properties":{"h":"residential","w":0.7}},{"type":"Feature","geometry":{"type":"LineString","coordinates":[[108.227252,16.046233],[108.226885,16.046795]]},"properties":{"h":"residential","w":0.7}},{"type":"Feature","geometry":{"type":"LineString","coordinates":[[108.227252,16.046233],[108.22757,16.04575]]},"properties":{"h":"residential","w":0.7}},{"type":"Feature","geometry":{"type":"LineString","coordinates":[[108.227252,16.046233],[108.226772,16.045928]]},"properties":{"h":"residential","w":0.7}},{"type":"Feature","geometry":{"type":"LineString","coordinates":[[108.227252,16.046233],[108.227903,16.046621]]},"properties":{"h":"residential","w":0.7}},{"type":"Feature","geometry":{"type":"LineString","coordinates":[[108.227612,16.048118],[108.227106,16.047834]]},"properties":{"h":"residential","w":0.7}},{"type":"Feature","geometry":{"type":"LineString","coordinates":[[108.227612,16.048118],[108.227998,16.047551],[108.228054,16.047433],[108.22816,16.046896],[108.228146,16.046809],[108.228085,16.046734]]},"properties":{"h":"residential","w":0.7}},{"type":"Feature","geometry":{"type":"LineString","coordinates":[[108.227612,16.048118],[108.227404,16.04842],[108.227246,16.048527],[108.227065,16.048587],[108.226935,16.048595],[108.226802,16.048572],[108.226317,16.048348]]},"properties":{"h":"residential","w":0.7}},{"type":"Feature","geometry":{"type":"LineString","coordinates":[[108.222343,16.048254],[108.221909,16.048189]]},"properties":{"h":"residential","w":0.7}},{"type":"Feature","geometry":{"type":"LineString","coordinates":[[108.222343,16.048254],[108.222456,16.047388],[108.222534,16.047024]]},"properties":{"h":"primary","w":1.8}},{"type":"Feature","geometry":{"type":"LineString","coordinates":[[108.226317,16.048348],[108.225559,16.049503],[108.223864,16.049333]]},"properties":{"h":"residential","w":0.7}},{"type":"Feature","geometry":{"type":"LineString","coordinates":[[108.226317,16.048348],[108.226802,16.048572],[108.226935,16.048595],[108.227065,16.048587],[108.227246,16.048527],[108.227404,16.04842],[108.227612,16.048118]]},"properties":{"h":"residential","w":0.7}},{"type":"Feature","geometry":{"type":"LineString","coordinates":[[108.226317,16.048348],[108.226343,16.048154],[108.226394,16.048075]]},"properties":{"h":"residential","w":0.7}},{"type":"Feature","geometry":{"type":"LineString","coordinates":[[108.217047,16.089849],[108.216476,16.089823]]},"properties":{"h":"residential","w":0.7}},{"type":"Feature","geometry":{"type":"LineString","coordinates":[[108.217047,16.089849],[108.219028,16.089928]]},"properties":{"h":"residential","w":0.7}},{"type":"Feature","geometry":{"type":"LineString","coordinates":[[108.217047,16.089849],[108.217058,16.08951]]},"properties":{"h":"residential","w":0.7}},{"type":"Feature","geometry":{"type":"LineString","coordinates":[[108.217047,16.089849],[108.217037,16.090236]]},"properties":{"h":"residential","w":0.7}},{"type":"Feature","geometry":{"type":"LineString","coordinates":[[108.221254,16.031833],[108.222404,16.031976]]},"properties":{"h":"residential","w":0.7}},{"type":"Feature","geometry":{"type":"LineString","coordinates":[[108.221254,16.031833],[108.221319,16.031354],[108.22244,16.031517],[108.222404,16.031976]]},"properties":{"h":"residential","w":0.7}},{"type":"Feature","geometry":{"type":"LineString","coordinates":[[108.221254,16.031833],[108.22079,16.031772]]},"properties":{"h":"residential","w":0.7}},{"type":"Feature","geometry":{"type":"LineString","coordinates":[[108.222404,16.031976],[108.221254,16.031833]]},"properties":{"h":"residential","w":0.7}},{"type":"Feature","geometry":{"type":"LineString","coordinates":[[108.222404,16.031976],[108.22244,16.031517],[108.221319,16.031354],[108.221254,16.031833]]},"properties":{"h":"residential","w":0.7}},{"type":"Feature","geometry":{"type":"LineString","coordinates":[[108.222404,16.031976],[108.222805,16.032018]]},"properties":{"h":"residential","w":0.7}},{"type":"Feature","geometry":{"type":"LineString","coordinates":[[108.22257,16.027984],[108.222737,16.027986],[108.223252,16.028099]]},"properties":{"h":"residential","w":0.7}},{"type":"Feature","geometry":{"type":"LineString","coordinates":[[108.22257,16.027984],[108.223432,16.029969]]},"properties":{"h":"trunk","w":2.2}},{"type":"Feature","geometry":{"type":"LineString","coordinates":[[108.220829,16.031022],[108.22079,16.031772]]},"properties":{"h":"residential","w":0.7}},{"type":"Feature","geometry":{"type":"LineString","coordinates":[[108.220829,16.031022],[108.222784,16.03134]]},"properties":{"h":"residential","w":0.7}},{"type":"Feature","geometry":{"type":"LineString","coordinates":[[108.220829,16.031022],[108.220831,16.030988],[108.220734,16.030965]]},"properties":{"h":"residential","w":0.7}},{"type":"Feature","geometry":{"type":"LineString","coordinates":[[108.209265,16.044103],[108.208842,16.043886]]},"properties":{"h":"residential","w":0.7}},{"type":"Feature","geometry":{"type":"LineString","coordinates":[[108.209301,16.044123],[108.209501,16.044186],[108.209565,16.044255]]},"properties":{"h":"residential","w":0.7}},{"type":"Feature","geometry":{"type":"LineString","coordinates":[[108.208551,16.04443],[108.208541,16.04442]]},"properties":{"h":"residential","w":0.7}},{"type":"Feature","geometry":{"type":"LineString","coordinates":[[108.208551,16.04443],[108.207349,16.045866]]},"properties":{"h":"residential","w":0.7}},{"type":"Feature","geometry":{"type":"LineString","coordinates":[[108.208551,16.04443],[108.20902,16.04486]]},"properties":{"h":"residential","w":0.7}},{"type":"Feature","geometry":{"type":"LineString","coordinates":[[108.209872,16.044684],[108.209923,16.044279]]},"properties":{"h":"primary","w":1.8}},{"type":"Feature","geometry":{"type":"LineString","coordinates":[[108.209872,16.044684],[108.209476,16.045235]]},"properties":{"h":"living_street","w":0.6}},{"type":"Feature","geometry":{"type":"LineString","coordinates":[[108.209143,16.044957],[108.209476,16.045235]]},"properties":{"h":"residential","w":0.7}},{"type":"Feature","geometry":{"type":"LineString","coordinates":[[108.209143,16.044957],[108.209529,16.04428],[108.209565,16.044255]]},"properties":{"h":"residential","w":0.7}},{"type":"Feature","geometry":{"type":"LineString","coordinates":[[108.209143,16.044957],[108.20902,16.04486]]},"properties":{"h":"residential","w":0.7}},{"type":"Feature","geometry":{"type":"LineString","coordinates":[[108.209476,16.045235],[108.209143,16.044957]]},"properties":{"h":"residential","w":0.7}},{"type":"Feature","geometry":{"type":"LineString","coordinates":[[108.209476,16.045235],[108.209627,16.045367]]},"properties":{"h":"residential","w":0.7}},{"type":"Feature","geometry":{"type":"LineString","coordinates":[[108.209476,16.045235],[108.209872,16.044684]]},"properties":{"h":"living_street","w":0.6}},{"type":"Feature","geometry":{"type":"LineString","coordinates":[[108.209627,16.045367],[108.209476,16.045235]]},"properties":{"h":"residential","w":0.7}},{"type":"Feature","geometry":{"type":"LineString","coordinates":[[108.209627,16.045367],[108.209647,16.045385]]},"properties":{"h":"residential","w":0.7}},{"type":"Feature","geometry":{"type":"LineString","coordinates":[[108.209627,16.045367],[108.209199,16.045861],[108.209166,16.045861],[108.208643,16.045405]]},"properties":{"h":"residential","w":0.7}},{"type":"Feature","geometry":{"type":"LineString","coordinates":[[108.208643,16.045405],[108.208221,16.046153]]},"properties":{"h":"residential","w":0.7}},{"type":"Feature","geometry":{"type":"LineString","coordinates":[[108.208643,16.045405],[108.209166,16.045861],[108.209199,16.045861],[108.209627,16.045367]]},"properties":{"h":"residential","w":0.7}},{"type":"Feature","geometry":{"type":"LineString","coordinates":[[108.208643,16.045405],[108.208833,16.045098],[108.20902,16.04486]]},"properties":{"h":"residential","w":0.7}},{"type":"Feature","geometry":{"type":"LineString","coordinates":[[108.209751,16.045755],[108.209776,16.045488]]},"properties":{"h":"primary","w":1.8}},{"type":"Feature","geometry":{"type":"LineString","coordinates":[[108.209751,16.045755],[108.209611,16.045902],[108.209351,16.046453],[108.209288,16.046462],[108.209207,16.046541],[108.208909,16.046975]]},"properties":{"h":"residential","w":0.7}},{"type":"Feature","geometry":{"type":"LineString","coordinates":[[108.208221,16.046153],[108.208643,16.045405]]},"properties":{"h":"residential","w":0.7}},{"type":"Feature","geometry":{"type":"LineString","coordinates":[[108.208221,16.046153],[108.208065,16.046403]]},"properties":{"h":"residential","w":0.7}},{"type":"Feature","geometry":{"type":"LineString","coordinates":[[108.208221,16.046153],[108.208829,16.04651],[108.208835,16.046536],[108.208659,16.046858]]},"properties":{"h":"residential","w":0.7}},{"type":"Feature","geometry":{"type":"LineString","coordinates":[[108.207979,16.046539],[108.208065,16.046403]]},"properties":{"h":"residential","w":0.7}},{"type":"Feature","geometry":{"type":"LineString","coordinates":[[108.207979,16.046539],[108.207881,16.046668]]},"properties":{"h":"residential","w":0.7}},{"type":"Feature","geometry":{"type":"LineString","coordinates":[[108.207979,16.046539],[108.208108,16.046604],[108.208545,16.04698]]},"properties":{"h":"residential","w":0.7}},{"type":"Feature","geometry":{"type":"LineString","coordinates":[[108.207631,16.046875],[108.207684,16.046836]]},"properties":{"h":"residential","w":0.7}},{"type":"Feature","geometry":{"type":"LineString","coordinates":[[108.207631,16.046875],[108.207356,16.047056]]},"properties":{"h":"residential","w":0.7}},{"type":"Feature","geometry":{"type":"LineString","coordinates":[[108.207631,16.046875],[108.208186,16.047693]]},"properties":{"h":"residential","w":0.7}},{"type":"Feature","geometry":{"type":"LineString","coordinates":[[108.208659,16.046858],[108.208909,16.046975]]},"properties":{"h":"residential","w":0.7}},{"type":"Feature","geometry":{"type":"LineString","coordinates":[[108.208659,16.046858],[108.208835,16.046536],[108.208829,16.04651],[108.208221,16.046153]]},"properties":{"h":"residential","w":0.7}},{"type":"Feature","geometry":{"type":"LineString","coordinates":[[108.208659,16.046858],[108.20841,16.047445]]},"properties":{"h":"residential","w":0.7}},{"type":"Feature","geometry":{"type":"LineString","coordinates":[[108.208659,16.046858],[108.208531,16.04673],[108.208065,16.046403]]},"properties":{"h":"residential","w":0.7}},{"type":"Feature","geometry":{"type":"LineString","coordinates":[[108.208545,16.04698],[108.208108,16.046604],[108.207979,16.046539]]},"properties":{"h":"residential","w":0.7}},{"type":"Feature","geometry":{"type":"LineString","coordinates":[[108.207356,16.047056],[108.207631,16.046875]]},"properties":{"h":"residential","w":0.7}},{"type":"Feature","geometry":{"type":"LineString","coordinates":[[108.207356,16.047056],[108.207655,16.047543],[108.207933,16.047942]]},"properties":{"h":"residential","w":0.7}},{"type":"Feature","geometry":{"type":"LineString","coordinates":[[108.207356,16.047056],[108.207102,16.047207],[108.207053,16.047213]]},"properties":{"h":"residential","w":0.7}},{"type":"Feature","geometry":{"type":"LineString","coordinates":[[108.20841,16.047445],[108.207881,16.046668]]},"properties":{"h":"residential","w":0.7}},{"type":"Feature","geometry":{"type":"LineString","coordinates":[[108.20841,16.047445],[108.208659,16.046858]]},"properties":{"h":"residential","w":0.7}},{"type":"Feature","geometry":{"type":"LineString","coordinates":[[108.20841,16.047445],[108.208385,16.047492],[108.208186,16.047693]]},"properties":{"h":"residential","w":0.7}},{"type":"Feature","geometry":{"type":"LineString","coordinates":[[108.208639,16.047472],[108.208842,16.047098]]},"properties":{"h":"residential","w":0.7}},{"type":"Feature","geometry":{"type":"LineString","coordinates":[[108.208186,16.047693],[108.207631,16.046875]]},"properties":{"h":"residential","w":0.7}},{"type":"Feature","geometry":{"type":"LineString","coordinates":[[108.208186,16.047693],[108.207933,16.047942]]},"properties":{"h":"residential","w":0.7}},{"type":"Feature","geometry":{"type":"LineString","coordinates":[[108.208186,16.047693],[108.208385,16.047492],[108.20841,16.047445]]},"properties":{"h":"residential","w":0.7}},{"type":"Feature","geometry":{"type":"LineString","coordinates":[[108.209502,16.047837],[108.209751,16.045755]]},"properties":{"h":"primary","w":1.8}},{"type":"Feature","geometry":{"type":"LineString","coordinates":[[108.209502,16.047837],[108.209182,16.048175],[108.208893,16.048204]]},"properties":{"h":"residential","w":0.7}},{"type":"Feature","geometry":{"type":"LineString","coordinates":[[108.207933,16.047942],[108.208162,16.048307]]},"properties":{"h":"residential","w":0.7}},{"type":"Feature","geometry":{"type":"LineString","coordinates":[[108.207933,16.047942],[108.207655,16.047543],[108.207356,16.047056]]},"properties":{"h":"residential","w":0.7}},{"type":"Feature","geometry":{"type":"LineString","coordinates":[[108.207933,16.047942],[108.208186,16.047693]]},"properties":{"h":"residential","w":0.7}},{"type":"Feature","geometry":{"type":"LineString","coordinates":[[108.208893,16.048204],[108.209182,16.048175],[108.209502,16.047837]]},"properties":{"h":"residential","w":0.7}},{"type":"Feature","geometry":{"type":"LineString","coordinates":[[108.208893,16.048204],[108.208582,16.048235]]},"properties":{"h":"residential","w":0.7}},{"type":"Feature","geometry":{"type":"LineString","coordinates":[[108.208893,16.048204],[108.208862,16.048373],[108.208886,16.048628]]},"properties":{"h":"residential","w":0.7}},{"type":"Feature","geometry":{"type":"LineString","coordinates":[[108.208162,16.048307],[108.207933,16.047942]]},"properties":{"h":"residential","w":0.7}},{"type":"Feature","geometry":{"type":"LineString","coordinates":[[108.208162,16.048307],[108.208582,16.048235]]},"properties":{"h":"residential","w":0.7}},{"type":"Feature","geometry":{"type":"LineString","coordinates":[[108.208162,16.048307],[108.207986,16.048344],[108.207853,16.048441]]},"properties":{"h":"residential","w":0.7}},{"type":"Feature","geometry":{"type":"LineString","coordinates":[[108.207853,16.048441],[108.208236,16.049055]]},"properties":{"h":"residential","w":0.7}},{"type":"Feature","geometry":{"type":"LineString","coordinates":[[108.207853,16.048441],[108.2074,16.047708],[108.207053,16.047213]]},"properties":{"h":"residential","w":0.7}},{"type":"Feature","geometry":{"type":"LineString","coordinates":[[108.207853,16.048441],[108.207986,16.048344],[108.208162,16.048307]]},"properties":{"h":"residential","w":0.7}},{"type":"Feature","geometry":{"type":"LineString","coordinates":[[108.208886,16.048628],[108.209022,16.048768]]},"properties":{"h":"residential","w":0.7}},{"type":"Feature","geometry":{"type":"LineString","coordinates":[[108.208886,16.048628],[108.208582,16.048235]]},"properties":{"h":"residential","w":0.7}},{"type":"Feature","geometry":{"type":"LineString","coordinates":[[108.208886,16.048628],[108.208236,16.049055]]},"properties":{"h":"residential","w":0.7}},{"type":"Feature","geometry":{"type":"LineString","coordinates":[[108.208886,16.048628],[108.208862,16.048373],[108.208893,16.048204]]},"properties":{"h":"residential","w":0.7}},{"type":"Feature","geometry":{"type":"LineString","coordinates":[[108.209022,16.048768],[108.208886,16.048628]]},"properties":{"h":"residential","w":0.7}},{"type":"Feature","geometry":{"type":"LineString","coordinates":[[108.209022,16.048768],[108.208863,16.049244],[108.208826,16.049434],[108.208826,16.049551]]},"properties":{"h":"residential","w":0.7}},{"type":"Feature","geometry":{"type":"LineString","coordinates":[[108.209022,16.048768],[108.209057,16.048687],[108.209165,16.048551],[108.209447,16.04826]]},"properties":{"h":"residential","w":0.7}},{"type":"Feature","geometry":{"type":"LineString","coordinates":[[108.209835,16.050013],[108.21148,16.049005]]},"properties":{"h":"primary","w":1.8}},{"type":"Feature","geometry":{"type":"LineString","coordinates":[[108.208442,16.051007],[108.20838,16.05087]]},"properties":{"h":"tertiary_link","w":0.6}},{"type":"Feature","geometry":{"type":"LineString","coordinates":[[108.208442,16.051007],[108.207971,16.051027],[108.207064,16.050977],[108.206238,16.050912],[108.205658,16.05083]]},"properties":{"h":"tertiary","w":0.8}},{"type":"Feature","geometry":{"type":"LineString","coordinates":[[108.209052,16.051353],[108.209029,16.050924],[108.20904,16.050792]]},"properties":{"h":"primary","w":1.8}},{"type":"Feature","geometry":{"type":"LineString","coordinates":[[108.209052,16.051353],[108.208967,16.051185],[108.208911,16.051118],[108.208803,16.051047],[108.208556,16.050965]]},"properties":{"h":"primary_link","w":1.0}},{"type":"Feature","geometry":{"type":"LineString","coordinates":[[108.223432,16.029969],[108.223609,16.029942],[108.223937,16.029935],[108.224563,16.030026],[108.224846,16.03002]]},"properties":{"h":"residential","w":0.7}},{"type":"Feature","geometry":{"type":"LineString","coordinates":[[108.223432,16.029969],[108.223939,16.031135]]},"properties":{"h":"trunk","w":2.2}},{"type":"Feature","geometry":{"type":"LineString","coordinates":[[108.212192,16.054901],[108.212018,16.054701]]},"properties":{"h":"tertiary","w":0.8}},{"type":"Feature","geometry":{"type":"LineString","coordinates":[[108.212192,16.054901],[108.212521,16.055513]]},"properties":{"h":"tertiary","w":0.8}},{"type":"Feature","geometry":{"type":"LineString","coordinates":[[108.217274,16.093334],[108.217132,16.093586],[108.216171,16.093096],[108.215788,16.09286],[108.215451,16.092549],[108.215231,16.092302],[108.21513,16.092146],[108.214971,16.091828],[108.214837,16.091358],[108.214795,16.091],[108.214791,16.09074],[108.214867,16.088776],[108.214959,16.088448]]},"properties":{"h":"tertiary","w":0.8}},{"type":"Feature","geometry":{"type":"LineString","coordinates":[[108.214338,16.086109],[108.214462,16.086043]]},"properties":{"h":"primary_link","w":1.0}},{"type":"Feature","geometry":{"type":"LineString","coordinates":[[108.214338,16.086109],[108.213726,16.084801]]},"properties":{"h":"primary","w":1.8}},{"type":"Feature","geometry":{"type":"LineString","coordinates":[[108.215118,16.090131],[108.2151,16.090769]]},"properties":{"h":"tertiary","w":0.8}},{"type":"Feature","geometry":{"type":"LineString","coordinates":[[108.215118,16.090131],[108.215554,16.090154]]},"properties":{"h":"tertiary","w":0.8}},{"type":"Feature","geometry":{"type":"LineString","coordinates":[[108.214959,16.088448],[108.214955,16.088126],[108.214879,16.087725]]},"properties":{"h":"primary","w":1.8}},{"type":"Feature","geometry":{"type":"LineString","coordinates":[[108.222517,16.078945],[108.22241,16.079718],[108.221485,16.079591]]},"properties":{"h":"residential","w":0.7}},{"type":"Feature","geometry":{"type":"LineString","coordinates":[[108.222517,16.078945],[108.221579,16.078829]]},"properties":{"h":"residential","w":0.7}},{"type":"Feature","geometry":{"type":"LineString","coordinates":[[108.222517,16.078945],[108.223037,16.07901]]},"properties":{"h":"residential","w":0.7}},{"type":"Feature","geometry":{"type":"LineString","coordinates":[[108.213726,16.084801],[108.213864,16.084738]]},"properties":{"h":"primary_link","w":1.0}},{"type":"Feature","geometry":{"type":"LineString","coordinates":[[108.213726,16.084801],[108.213048,16.083373]]},"properties":{"h":"primary","w":1.8}},{"type":"Feature","geometry":{"type":"LineString","coordinates":[[108.221089,16.084602],[108.221774,16.085062]]},"properties":{"h":"residential","w":0.7}},{"type":"Feature","geometry":{"type":"LineString","coordinates":[[108.221089,16.084602],[108.220992,16.08469]]},"properties":{"h":"primary","w":1.8}},{"type":"Feature","geometry":{"type":"LineString","coordinates":[[108.220992,16.08469],[108.220913,16.084605]]},"properties":{"h":"residential","w":0.7}},{"type":"Feature","geometry":{"type":"LineString","coordinates":[[108.220992,16.08469],[108.220752,16.084871]]},"properties":{"h":"primary","w":1.8}},{"type":"Feature","geometry":{"type":"LineString","coordinates":[[108.220207,16.085167],[108.220297,16.08551]]},"properties":{"h":"residential","w":0.7}},{"type":"Feature","geometry":{"type":"LineString","coordinates":[[108.220207,16.085167],[108.219512,16.0855]]},"properties":{"h":"primary","w":1.8}},{"type":"Feature","geometry":{"type":"LineString","coordinates":[[108.219512,16.0855],[108.219459,16.085395]]},"properties":{"h":"residential","w":0.7}},{"type":"Feature","geometry":{"type":"LineString","coordinates":[[108.219512,16.0855],[108.21826,16.086082]]},"properties":{"h":"primary","w":1.8}},{"type":"Feature","geometry":{"type":"LineString","coordinates":[[108.219512,16.0855],[108.219747,16.08597]]},"properties":{"h":"residential","w":0.7}},{"type":"Feature","geometry":{"type":"LineString","coordinates":[[108.21826,16.086082],[108.218205,16.08597]]},"properties":{"h":"residential","w":0.7}},{"type":"Feature","geometry":{"type":"LineString","coordinates":[[108.21826,16.086082],[108.218517,16.086591]]},"properties":{"h":"residential","w":0.7}},{"type":"Feature","geometry":{"type":"LineString","coordinates":[[108.21826,16.086082],[108.216947,16.086739]]},"properties":{"h":"primary","w":1.8}},{"type":"Feature","geometry":{"type":"LineString","coordinates":[[108.216947,16.086739],[108.217296,16.087364],[108.217464,16.08748],[108.21763,16.08751]]},"properties":{"h":"residential","w":0.7}},{"type":"Feature","geometry":{"type":"LineString","coordinates":[[108.216947,16.086739],[108.216614,16.086901]]},"properties":{"h":"primary","w":1.8}},{"type":"Feature","geometry":{"type":"LineString","coordinates":[[108.216614,16.086901],[108.216834,16.087319]]},"properties":{"h":"residential","w":0.7}},{"type":"Feature","geometry":{"type":"LineString","coordinates":[[108.216614,16.086901],[108.215835,16.08729]]},"properties":{"h":"primary","w":1.8}},{"type":"Feature","geometry":{"type":"LineString","coordinates":[[108.215322,16.087621],[108.215274,16.087751]]},"properties":{"h":"primary","w":1.8}},{"type":"Feature","geometry":{"type":"LineString","coordinates":[[108.222439,16.082642],[108.222454,16.08268]]},"properties":{"h":"primary","w":1.8}},{"type":"Feature","geometry":{"type":"LineString","coordinates":[[108.222454,16.08268],[108.222449,16.082765],[108.222428,16.082804],[108.222356,16.082857]]},"properties":{"h":"primary","w":1.8}},{"type":"Feature","geometry":{"type":"LineString","coordinates":[[108.222454,16.08268],[108.222719,16.082622],[108.223461,16.082692]]},"properties":{"h":"tertiary","w":0.8}},{"type":"Feature","geometry":{"type":"LineString","coordinates":[[108.223545,16.08143],[108.223336,16.081667]]},"properties":{"h":"primary","w":1.8}},{"type":"Feature","geometry":{"type":"LineString","coordinates":[[108.223545,16.08143],[108.223554,16.081727]]},"properties":{"h":"tertiary","w":0.8}},{"type":"Feature","geometry":{"type":"LineString","coordinates":[[108.22288,16.08221],[108.222647,16.082091]]},"properties":{"h":"primary_link","w":1.0}},{"type":"Feature","geometry":{"type":"LineString","coordinates":[[108.22288,16.08221],[108.222658,16.082479],[108.222439,16.082642]]},"properties":{"h":"primary","w":1.8}},{"type":"Feature","geometry":{"type":"LineString","coordinates":[[108.222647,16.082091],[108.222706,16.081564]]},"properties":{"h":"primary","w":1.8}},{"type":"Feature","geometry":{"type":"LineString","coordinates":[[108.223461,16.082692],[108.223435,16.082962],[108.223352,16.083309],[108.223219,16.083634],[108.22295,16.084142]]},"properties":{"h":"tertiary","w":0.8}},{"type":"Feature","geometry":{"type":"LineString","coordinates":[[108.223461,16.082692],[108.222719,16.082622],[108.222454,16.08268]]},"properties":{"h":"tertiary","w":0.8}},{"type":"Feature","geometry":{"type":"LineString","coordinates":[[108.220449,16.08596],[108.220372,16.085733]]},"properties":{"h":"residential","w":0.7}},{"type":"Feature","geometry":{"type":"LineString","coordinates":[[108.220449,16.08596],[108.220277,16.086015]]},"properties":{"h":"residential","w":0.7}},{"type":"Feature","geometry":{"type":"LineString","coordinates":[[108.220449,16.08596],[108.220679,16.085897],[108.220887,16.08587],[108.221041,16.085909],[108.22114,16.085964],[108.221175,16.086012]]},"properties":{"h":"residential","w":0.7}},{"type":"Feature","geometry":{"type":"LineString","coordinates":[[108.220297,16.08551],[108.220372,16.085733]]},"properties":{"h":"residential","w":0.7}},{"type":"Feature","geometry":{"type":"LineString","coordinates":[[108.220297,16.08551],[108.220207,16.085167]]},"properties":{"h":"residential","w":0.7}},{"type":"Feature","geometry":{"type":"LineString","coordinates":[[108.220297,16.08551],[108.220174,16.085545],[108.220161,16.085591],[108.220277,16.086015]]},"properties":{"h":"residential","w":0.7}},{"type":"Feature","geometry":{"type":"LineString","coordinates":[[108.22295,16.084142],[108.221601,16.086672]]},"properties":{"h":"tertiary","w":0.8}},{"type":"Feature","geometry":{"type":"LineString","coordinates":[[108.22295,16.084142],[108.222348,16.083968]]},"properties":{"h":"residential","w":0.7}},{"type":"Feature","geometry":{"type":"LineString","coordinates":[[108.221717,16.083812],[108.221589,16.083781]]},"properties":{"h":"residential","w":0.7}},{"type":"Feature","geometry":{"type":"LineString","coordinates":[[108.221717,16.083812],[108.222348,16.083968]]},"properties":{"h":"residential","w":0.7}},{"type":"Feature","geometry":{"type":"LineString","coordinates":[[108.221717,16.083812],[108.221384,16.08426],[108.221089,16.084602]]},"properties":{"h":"primary","w":1.8}},{"type":"Feature","geometry":{"type":"LineString","coordinates":[[108.220277,16.086015],[108.220185,16.086041]]},"properties":{"h":"residential","w":0.7}},{"type":"Feature","geometry":{"type":"LineString","coordinates":[[108.220277,16.086015],[108.220449,16.08596]]},"properties":{"h":"residential","w":0.7}},{"type":"Feature","geometry":{"type":"LineString","coordinates":[[108.220277,16.086015],[108.220161,16.085591],[108.220174,16.085545],[108.220297,16.08551]]},"properties":{"h":"residential","w":0.7}},{"type":"Feature","geometry":{"type":"LineString","coordinates":[[108.221027,16.086386],[108.221601,16.086672]]},"properties":{"h":"residential","w":0.7}},{"type":"Feature","geometry":{"type":"LineString","coordinates":[[108.221027,16.086386],[108.220947,16.086354],[108.220827,16.086345],[108.21996,16.086582]]},"properties":{"h":"residential","w":0.7}},{"type":"Feature","geometry":{"type":"LineString","coordinates":[[108.221027,16.086386],[108.221168,16.086075],[108.221175,16.086012]]},"properties":{"h":"residential","w":0.7}},{"type":"Feature","geometry":{"type":"LineString","coordinates":[[108.221175,16.086012],[108.22114,16.085964],[108.221041,16.085909],[108.220887,16.08587],[108.220679,16.085897],[108.220449,16.08596]]},"properties":{"h":"residential","w":0.7}},{"type":"Feature","geometry":{"type":"LineString","coordinates":[[108.221175,16.086012],[108.221281,16.085948],[108.221373,16.085801]]},"properties":{"h":"residential","w":0.7}},{"type":"Feature","geometry":{"type":"LineString","coordinates":[[108.221175,16.086012],[108.221168,16.086075],[108.221027,16.086386]]},"properties":{"h":"residential","w":0.7}},{"type":"Feature","geometry":{"type":"LineString","coordinates":[[108.220185,16.086041],[108.220277,16.086015]]},"properties":{"h":"residential","w":0.7}},{"type":"Feature","geometry":{"type":"LineString","coordinates":[[108.220142,16.081228],[108.220069,16.081808]]},"properties":{"h":"residential","w":0.7}},{"type":"Feature","geometry":{"type":"LineString","coordinates":[[108.220142,16.081228],[108.21977,16.081174]]},"properties":{"h":"residential","w":0.7}},{"type":"Feature","geometry":{"type":"LineString","coordinates":[[108.220142,16.081228],[108.221244,16.081376]]},"properties":{"h":"residential","w":0.7}},{"type":"Feature","geometry":{"type":"LineString","coordinates":[[108.220069,16.081808],[108.220142,16.081228]]},"properties":{"h":"residential","w":0.7}},{"type":"Feature","geometry":{"type":"LineString","coordinates":[[108.21977,16.081174],[108.219078,16.081076]]},"properties":{"h":"residential","w":0.7}},{"type":"Feature","geometry":{"type":"LineString","coordinates":[[108.21977,16.081174],[108.219719,16.081694],[108.219588,16.081846]]},"properties":{"h":"residential","w":0.7}},{"type":"Feature","geometry":{"type":"LineString","coordinates":[[108.21977,16.081174],[108.220142,16.081228]]},"properties":{"h":"residential","w":0.7}},{"type":"Feature","geometry":{"type":"LineString","coordinates":[[108.214157,16.078243],[108.214688,16.077862]]},"properties":{"h":"residential","w":0.7}},{"type":"Feature","geometry":{"type":"LineString","coordinates":[[108.214157,16.078243],[108.214409,16.078633]]},"properties":{"h":"residential","w":0.7}},{"type":"Feature","geometry":{"type":"LineString","coordinates":[[108.214157,16.078243],[108.213612,16.078638]]},"properties":{"h":"residential","w":0.7}},{"type":"Feature","geometry":{"type":"LineString","coordinates":[[108.214613,16.078949],[108.214878,16.078791]]},"properties":{"h":"residential","w":0.7}},{"type":"Feature","geometry":{"type":"LineString","coordinates":[[108.214613,16.078949],[108.214064,16.079302]]},"properties":{"h":"residential","w":0.7}},{"type":"Feature","geometry":{"type":"LineString","coordinates":[[108.214613,16.078949],[108.214409,16.078633]]},"properties":{"h":"residential","w":0.7}},{"type":"Feature","geometry":{"type":"LineString","coordinates":[[108.213855,16.078989],[108.214064,16.079302]]},"properties":{"h":"residential","w":0.7}},{"type":"Feature","geometry":{"type":"LineString","coordinates":[[108.213855,16.078989],[108.213612,16.078638]]},"properties":{"h":"residential","w":0.7}},{"type":"Feature","geometry":{"type":"LineString","coordinates":[[108.213855,16.078989],[108.214409,16.078633]]},"properties":{"h":"residential","w":0.7}},{"type":"Feature","geometry":{"type":"LineString","coordinates":[[108.214409,16.078633],[108.214613,16.078949]]},"properties":{"h":"residential","w":0.7}},{"type":"Feature","geometry":{"type":"LineString","coordinates":[[108.214409,16.078633],[108.214157,16.078243]]},"properties":{"h":"residential","w":0.7}},{"type":"Feature","geometry":{"type":"LineString","coordinates":[[108.214409,16.078633],[108.213855,16.078989]]},"properties":{"h":"residential","w":0.7}},{"type":"Feature","geometry":{"type":"LineString","coordinates":[[108.216101,16.079465],[108.216413,16.079719]]},"properties":{"h":"residential","w":0.7}},{"type":"Feature","geometry":{"type":"LineString","coordinates":[[108.216101,16.079465],[108.215809,16.078994]]},"properties":{"h":"residential","w":0.7}},{"type":"Feature","geometry":{"type":"LineString","coordinates":[[108.216101,16.079465],[108.215783,16.079599],[108.215759,16.079624],[108.215754,16.079694],[108.215904,16.080007]]},"properties":{"h":"residential","w":0.7}},{"type":"Feature","geometry":{"type":"LineString","coordinates":[[108.215904,16.080007],[108.216116,16.080418]]},"properties":{"h":"residential","w":0.7}},{"type":"Feature","geometry":{"type":"LineString","coordinates":[[108.215904,16.080007],[108.216413,16.079719]]},"properties":{"h":"residential","w":0.7}},{"type":"Feature","geometry":{"type":"LineString","coordinates":[[108.215904,16.080007],[108.21553,16.080212]]},"properties":{"h":"residential","w":0.7}},{"type":"Feature","geometry":{"type":"LineString","coordinates":[[108.215904,16.080007],[108.215754,16.079694],[108.215759,16.079624],[108.215783,16.079599],[108.216101,16.079465]]},"properties":{"h":"residential","w":0.7}},{"type":"Feature","geometry":{"type":"LineString","coordinates":[[108.214064,16.079302],[108.213855,16.078989]]},"properties":{"h":"residential","w":0.7}},{"type":"Feature","geometry":{"type":"LineString","coordinates":[[108.214064,16.079302],[108.214613,16.078949]]},"properties":{"h":"residential","w":0.7}},{"type":"Feature","geometry":{"type":"LineString","coordinates":[[108.214064,16.079302],[108.2143,16.079644]]},"properties":{"h":"residential","w":0.7}},{"type":"Feature","geometry":{"type":"LineString","coordinates":[[108.215122,16.079547],[108.214792,16.079756]]},"properties":{"h":"residential","w":0.7}},{"type":"Feature","geometry":{"type":"LineString","coordinates":[[108.215122,16.079547],[108.21553,16.080212]]},"properties":{"h":"residential","w":0.7}},{"type":"Feature","geometry":{"type":"LineString","coordinates":[[108.215122,16.079547],[108.214972,16.079171]]},"properties":{"h":"residential","w":0.7}},{"type":"Feature","geometry":{"type":"LineString","coordinates":[[108.2143,16.079644],[108.214972,16.079171]]},"properties":{"h":"residential","w":0.7}},{"type":"Feature","geometry":{"type":"LineString","coordinates":[[108.2143,16.079644],[108.214521,16.079915],[108.214792,16.079756]]},"properties":{"h":"residential","w":0.7}},{"type":"Feature","geometry":{"type":"LineString","coordinates":[[108.2143,16.079644],[108.214064,16.079302]]},"properties":{"h":"residential","w":0.7}},{"type":"Feature","geometry":{"type":"LineString","coordinates":[[108.212719,16.082491],[108.213106,16.08236]]},"properties":{"h":"residential","w":0.7}},{"type":"Feature","geometry":{"type":"LineString","coordinates":[[108.212719,16.082491],[108.212991,16.08294],[108.213184,16.083304]]},"properties":{"h":"primary","w":1.8}},{"type":"Feature","geometry":{"type":"LineString","coordinates":[[108.214068,16.081055],[108.213914,16.080807]]},"properties":{"h":"residential","w":0.7}},{"type":"Feature","geometry":{"type":"LineString","coordinates":[[108.214068,16.081055],[108.21411,16.081123]]},"properties":{"h":"residential","w":0.7}},{"type":"Feature","geometry":{"type":"LineString","coordinates":[[108.214068,16.081055],[108.213732,16.081253]]},"properties":{"h":"residential","w":0.7}},{"type":"Feature","geometry":{"type":"LineString","coordinates":[[108.217115,16.060853],[108.217217,16.060958],[108.217314,16.061202]]},"properties":{"h":"tertiary","w":0.8}},{"type":"Feature","geometry":{"type":"LineString","coordinates":[[108.217115,16.060853],[108.217052,16.060898],[108.216974,16.060903]]},"properties":{"h":"primary","w":1.8}},{"type":"Feature","geometry":{"type":"LineString","coordinates":[[108.219998,16.036605],[108.220097,16.036157]]},"properties":{"h":"residential","w":0.7}},{"type":"Feature","geometry":{"type":"LineString","coordinates":[[108.219998,16.036605],[108.221022,16.036843],[108.221065,16.036824],[108.221172,16.03647],[108.221148,16.036428],[108.220097,16.036157]]},"properties":{"h":"residential","w":0.7}},{"type":"Feature","geometry":{"type":"LineString","coordinates":[[108.219998,16.036605],[108.219875,16.037083]]},"properties":{"h":"residential","w":0.7}},{"type":"Feature","geometry":{"type":"LineString","coordinates":[[108.207665,16.043645],[108.207453,16.04346]]},"properties":{"h":"residential","w":0.7}},{"type":"Feature","geometry":{"type":"LineString","coordinates":[[108.207665,16.043645],[108.207918,16.043872]]},"properties":{"h":"residential","w":0.7}},{"type":"Feature","geometry":{"type":"LineString","coordinates":[[108.207665,16.043645],[108.207073,16.044261]]},"properties":{"h":"residential","w":0.7}},{"type":"Feature","geometry":{"type":"LineString","coordinates":[[108.206736,16.044607],[108.207073,16.044261]]},"properties":{"h":"residential","w":0.7}},{"type":"Feature","geometry":{"type":"LineString","coordinates":[[108.206736,16.044607],[108.20641,16.044455],[108.206056,16.044485]]},"properties":{"h":"residential","w":0.7}},{"type":"Feature","geometry":{"type":"LineString","coordinates":[[108.206736,16.044607],[108.206917,16.0447],[108.20699,16.044718],[108.207051,16.044707],[108.20759,16.04435],[108.20799,16.043923]]},"properties":{"h":"residential","w":0.7}},{"type":"Feature","geometry":{"type":"LineString","coordinates":[[108.207073,16.044261],[108.206736,16.044607]]},"properties":{"h":"residential","w":0.7}},{"type":"Feature","geometry":{"type":"LineString","coordinates":[[108.207073,16.044261],[108.207665,16.043645]]},"properties":{"h":"residential","w":0.7}},{"type":"Feature","geometry":{"type":"LineString","coordinates":[[108.207073,16.044261],[108.206516,16.043902],[108.206298,16.043784]]},"properties":{"h":"residential","w":0.7}},{"type":"Feature","geometry":{"type":"LineString","coordinates":[[108.206056,16.044485],[108.205849,16.044546]]},"properties":{"h":"residential","w":0.7}},{"type":"Feature","geometry":{"type":"LineString","coordinates":[[108.206056,16.044485],[108.20641,16.044455],[108.206736,16.044607]]},"properties":{"h":"residential","w":0.7}},{"type":"Feature","geometry":{"type":"LineString","coordinates":[[108.206056,16.044485],[108.205977,16.043765],[108.206002,16.04373],[108.206068,16.043724],[108.206298,16.043784]]},"properties":{"h":"residential","w":0.7}},{"type":"Feature","geometry":{"type":"LineString","coordinates":[[108.206906,16.056211],[108.206521,16.056159]]},"properties":{"h":"residential","w":0.7}},{"type":"Feature","geometry":{"type":"LineString","coordinates":[[108.206906,16.056211],[108.207257,16.056289]]},"properties":{"h":"residential","w":0.7}},{"type":"Feature","geometry":{"type":"LineString","coordinates":[[108.218048,16.083457],[108.217937,16.083357],[108.2177,16.083017],[108.217634,16.082978],[108.217573,16.082977],[108.217042,16.083173]]},"properties":{"h":"residential","w":0.7}},{"type":"Feature","geometry":{"type":"LineString","coordinates":[[108.218048,16.083457],[108.218175,16.083513],[108.21827,16.08353],[108.21863,16.083556],[108.218693,16.083607],[108.218699,16.083683],[108.218688,16.083718],[108.21862,16.08377],[108.218168,16.083797],[108.217974,16.083876]]},"properties":{"h":"residential","w":0.7}},{"type":"Feature","geometry":{"type":"LineString","coordinates":[[108.218048,16.083457],[108.217974,16.083876]]},"properties":{"h":"residential","w":0.7}},{"type":"Feature","geometry":{"type":"LineString","coordinates":[[108.2158,16.08676],[108.21599,16.087069]]},"properties":{"h":"residential","w":0.7}},{"type":"Feature","geometry":{"type":"LineString","coordinates":[[108.2158,16.08676],[108.21542,16.086159],[108.215056,16.085421]]},"properties":{"h":"residential","w":0.7}},{"type":"Feature","geometry":{"type":"LineString","coordinates":[[108.2158,16.08676],[108.215041,16.087242]]},"properties":{"h":"residential","w":0.7}},{"type":"Feature","geometry":{"type":"LineString","coordinates":[[108.2158,16.08676],[108.21637,16.086259]]},"properties":{"h":"residential","w":0.7}},{"type":"Feature","geometry":{"type":"LineString","coordinates":[[108.212715,16.074116],[108.212684,16.074261]]},"properties":{"h":"secondary","w":1.3}},{"type":"Feature","geometry":{"type":"LineString","coordinates":[[108.212715,16.074116],[108.212878,16.074208],[108.213505,16.074753]]},"properties":{"h":"residential","w":0.7}},{"type":"Feature","geometry":{"type":"LineString","coordinates":[[108.21373,16.074957],[108.213505,16.074753]]},"properties":{"h":"residential","w":0.7}},{"type":"Feature","geometry":{"type":"LineString","coordinates":[[108.216851,16.077995],[108.215974,16.078552],[108.215279,16.077462]]},"properties":{"h":"residential","w":0.7}},{"type":"Feature","geometry":{"type":"LineString","coordinates":[[108.216851,16.077995],[108.217024,16.078262]]},"properties":{"h":"secondary","w":1.3}},{"type":"Feature","geometry":{"type":"LineString","coordinates":[[108.216851,16.077995],[108.216099,16.076888]]},"properties":{"h":"secondary","w":1.3}},{"type":"Feature","geometry":{"type":"LineString","coordinates":[[108.215279,16.077462],[108.215089,16.077591]]},"properties":{"h":"residential","w":0.7}},{"type":"Feature","geometry":{"type":"LineString","coordinates":[[108.215279,16.077462],[108.215724,16.077159]]},"properties":{"h":"residential","w":0.7}},{"type":"Feature","geometry":{"type":"LineString","coordinates":[[108.215279,16.077462],[108.215974,16.078552],[108.216851,16.077995]]},"properties":{"h":"residential","w":0.7}},{"type":"Feature","geometry":{"type":"LineString","coordinates":[[108.215665,16.078709],[108.214918,16.078995]]},"properties":{"h":"residential","w":0.7}},{"type":"Feature","geometry":{"type":"LineString","coordinates":[[108.215665,16.078709],[108.215667,16.078581],[108.215652,16.078539],[108.215227,16.077894],[108.215163,16.077704],[108.215089,16.077591]]},"properties":{"h":"residential","w":0.7}},{"type":"Feature","geometry":{"type":"LineString","coordinates":[[108.215665,16.078709],[108.215809,16.078994]]},"properties":{"h":"residential","w":0.7}},{"type":"Feature","geometry":{"type":"LineString","coordinates":[[108.215986,16.080486],[108.216116,16.080418]]},"properties":{"h":"residential","w":0.7}},{"type":"Feature","geometry":{"type":"LineString","coordinates":[[108.21693,16.079995],[108.216856,16.079864]]},"properties":{"h":"residential","w":0.7}},{"type":"Feature","geometry":{"type":"LineString","coordinates":[[108.21693,16.079995],[108.217072,16.079925]]},"properties":{"h":"residential","w":0.7}},{"type":"Feature","geometry":{"type":"LineString","coordinates":[[108.21693,16.079995],[108.217111,16.080318]]},"properties":{"h":"residential","w":0.7}},{"type":"Feature","geometry":{"type":"LineString","coordinates":[[108.21693,16.079995],[108.216116,16.080418]]},"properties":{"h":"residential","w":0.7}},{"type":"Feature","geometry":{"type":"LineString","coordinates":[[108.217455,16.080828],[108.21731,16.080595]]},"properties":{"h":"residential","w":0.7}},{"type":"Feature","geometry":{"type":"LineString","coordinates":[[108.217455,16.080828],[108.216699,16.081151]]},"properties":{"h":"residential","w":0.7}},{"type":"Feature","geometry":{"type":"LineString","coordinates":[[108.217455,16.080828],[108.217564,16.081013]]},"properties":{"h":"residential","w":0.7}},{"type":"Feature","geometry":{"type":"LineString","coordinates":[[108.216699,16.081151],[108.217455,16.080828]]},"properties":{"h":"residential","w":0.7}},{"type":"Feature","geometry":{"type":"LineString","coordinates":[[108.216699,16.081151],[108.216435,16.080713]]},"properties":{"h":"residential","w":0.7}},{"type":"Feature","geometry":{"type":"LineString","coordinates":[[108.216699,16.081151],[108.21688,16.08144]]},"properties":{"h":"residential","w":0.7}},{"type":"Feature","geometry":{"type":"LineString","coordinates":[[108.216232,16.078861],[108.217072,16.078336]]},"properties":{"h":"residential","w":0.7}},{"type":"Feature","geometry":{"type":"LineString","coordinates":[[108.217072,16.078336],[108.216232,16.078861]]},"properties":{"h":"residential","w":0.7}},{"type":"Feature","geometry":{"type":"LineString","coordinates":[[108.217072,16.078336],[108.217024,16.078262]]},"properties":{"h":"secondary","w":1.3}},{"type":"Feature","geometry":{"type":"LineString","coordinates":[[108.217072,16.078336],[108.218112,16.079876]]},"properties":{"h":"secondary","w":1.3}},{"type":"Feature","geometry":{"type":"LineString","coordinates":[[108.212153,16.08172],[108.212045,16.081802]]},"properties":{"h":"primary_link","w":1.0}},{"type":"Feature","geometry":{"type":"LineString","coordinates":[[108.212153,16.08172],[108.21243,16.082074],[108.212719,16.082491]]},"properties":{"h":"primary","w":1.8}},{"type":"Feature","geometry":{"type":"LineString","coordinates":[[108.227385,16.030399],[108.22775,16.030546]]},"properties":{"h":"residential","w":0.7}},{"type":"Feature","geometry":{"type":"LineString","coordinates":[[108.227385,16.030399],[108.227029,16.030263]]},"properties":{"h":"residential","w":0.7}},{"type":"Feature","geometry":{"type":"LineString","coordinates":[[108.227385,16.030399],[108.227385,16.03114]]},"properties":{"h":"residential","w":0.7}},{"type":"Feature","geometry":{"type":"LineString","coordinates":[[108.229056,16.03034],[108.229128,16.029891]]},"properties":{"h":"residential","w":0.7}},{"type":"Feature","geometry":{"type":"LineString","coordinates":[[108.229056,16.03034],[108.228971,16.03078]]},"properties":{"h":"residential","w":0.7}},{"type":"Feature","geometry":{"type":"LineString","coordinates":[[108.229056,16.03034],[108.227914,16.030079]]},"properties":{"h":"residential","w":0.7}},{"type":"Feature","geometry":{"type":"LineString","coordinates":[[108.215835,16.08729],[108.215852,16.087492],[108.215802,16.088021]]},"properties":{"h":"residential","w":0.7}},{"type":"Feature","geometry":{"type":"LineString","coordinates":[[108.215835,16.08729],[108.215322,16.087621]]},"properties":{"h":"primary","w":1.8}},{"type":"Feature","geometry":{"type":"LineString","coordinates":[[108.215554,16.090154],[108.215654,16.089271],[108.215628,16.088801],[108.215802,16.088021]]},"properties":{"h":"residential","w":0.7}},{"type":"Feature","geometry":{"type":"LineString","coordinates":[[108.215554,16.090154],[108.215118,16.090131]]},"properties":{"h":"tertiary","w":0.8}},{"type":"Feature","geometry":{"type":"LineString","coordinates":[[108.215554,16.090154],[108.217037,16.090236]]},"properties":{"h":"tertiary","w":0.8}},{"type":"Feature","geometry":{"type":"LineString","coordinates":[[108.220913,16.084605],[108.220992,16.08469]]},"properties":{"h":"residential","w":0.7}},{"type":"Feature","geometry":{"type":"LineString","coordinates":[[108.220913,16.084605],[108.221221,16.08428],[108.221589,16.083781]]},"properties":{"h":"primary","w":1.8}},{"type":"Feature","geometry":{"type":"LineString","coordinates":[[108.217086,16.035271],[108.217157,16.0347]]},"properties":{"h":"residential","w":0.7}},{"type":"Feature","geometry":{"type":"LineString","coordinates":[[108.217086,16.035271],[108.217049,16.035636]]},"properties":{"h":"residential","w":0.7}},{"type":"Feature","geometry":{"type":"LineString","coordinates":[[108.217086,16.035271],[108.217479,16.03531]]},"properties":{"h":"residential","w":0.7}},{"type":"Feature","geometry":{"type":"LineString","coordinates":[[108.217856,16.035346],[108.217907,16.034776]]},"properties":{"h":"residential","w":0.7}},{"type":"Feature","geometry":{"type":"LineString","coordinates":[[108.217856,16.035346],[108.217826,16.035713]]},"properties":{"h":"residential","w":0.7}},{"type":"Feature","geometry":{"type":"LineString","coordinates":[[108.217856,16.035346],[108.217479,16.03531]]},"properties":{"h":"residential","w":0.7}},{"type":"Feature","geometry":{"type":"LineString","coordinates":[[108.217479,16.03531],[108.217856,16.035346]]},"properties":{"h":"residential","w":0.7}},{"type":"Feature","geometry":{"type":"LineString","coordinates":[[108.217479,16.03531],[108.217086,16.035271]]},"properties":{"h":"residential","w":0.7}},{"type":"Feature","geometry":{"type":"LineString","coordinates":[[108.217479,16.03531],[108.217537,16.034747]]},"properties":{"h":"residential","w":0.7}},{"type":"Feature","geometry":{"type":"LineString","coordinates":[[108.217537,16.034747],[108.217907,16.034776]]},"properties":{"h":"residential","w":0.7}},{"type":"Feature","geometry":{"type":"LineString","coordinates":[[108.217537,16.034747],[108.217157,16.0347]]},"properties":{"h":"residential","w":0.7}},{"type":"Feature","geometry":{"type":"LineString","coordinates":[[108.217537,16.034747],[108.217479,16.03531]]},"properties":{"h":"residential","w":0.7}},{"type":"Feature","geometry":{"type":"LineString","coordinates":[[108.215414,16.036601],[108.215508,16.036011]]},"properties":{"h":"residential","w":0.7}},{"type":"Feature","geometry":{"type":"LineString","coordinates":[[108.215414,16.036601],[108.216219,16.036666]]},"properties":{"h":"residential","w":0.7}},{"type":"Feature","geometry":{"type":"LineString","coordinates":[[108.215414,16.036601],[108.215156,16.03658]]},"properties":{"h":"residential","w":0.7}},{"type":"Feature","geometry":{"type":"LineString","coordinates":[[108.216856,16.065819],[108.217089,16.064878]]},"properties":{"h":"residential","w":0.7}},{"type":"Feature","geometry":{"type":"LineString","coordinates":[[108.216856,16.065819],[108.216707,16.066422]]},"properties":{"h":"residential","w":0.7}},{"type":"Feature","geometry":{"type":"LineString","coordinates":[[108.216856,16.065819],[108.216309,16.065683]]},"properties":{"h":"residential","w":0.7}},{"type":"Feature","geometry":{"type":"LineString","coordinates":[[108.216309,16.065683],[108.216506,16.064851]]},"properties":{"h":"tertiary","w":0.8}},{"type":"Feature","geometry":{"type":"LineString","coordinates":[[108.216309,16.065683],[108.216164,16.066299]]},"properties":{"h":"tertiary","w":0.8}},{"type":"Feature","geometry":{"type":"LineString","coordinates":[[108.216309,16.065683],[108.215776,16.065544]]},"properties":{"h":"residential","w":0.7}},{"type":"Feature","geometry":{"type":"LineString","coordinates":[[108.216309,16.065683],[108.216856,16.065819]]},"properties":{"h":"residential","w":0.7}},{"type":"Feature","geometry":{"type":"LineString","coordinates":[[108.215255,16.065445],[108.215776,16.065544]]},"properties":{"h":"residential","w":0.7}},{"type":"Feature","geometry":{"type":"LineString","coordinates":[[108.218627,16.063079],[108.219789,16.062978]]},"properties":{"h":"residential","w":0.7}},{"type":"Feature","geometry":{"type":"LineString","coordinates":[[108.218627,16.063079],[108.217962,16.063118]]},"properties":{"h":"residential","w":0.7}},{"type":"Feature","geometry":{"type":"LineString","coordinates":[[108.218627,16.063079],[108.218723,16.063257],[108.219144,16.063786],[108.219321,16.063966],[108.219348,16.064182]]},"properties":{"h":"residential","w":0.7}},{"type":"Feature","geometry":{"type":"LineString","coordinates":[[108.219348,16.064182],[108.219321,16.063966],[108.219144,16.063786],[108.218723,16.063257],[108.218627,16.063079]]},"properties":{"h":"residential","w":0.7}},{"type":"Feature","geometry":{"type":"LineString","coordinates":[[108.219348,16.064182],[108.218639,16.064213]]},"properties":{"h":"residential","w":0.7}},{"type":"Feature","geometry":{"type":"LineString","coordinates":[[108.219348,16.064182],[108.219909,16.064157]]},"properties":{"h":"residential","w":0.7}},{"type":"Feature","geometry":{"type":"LineString","coordinates":[[108.217636,16.053072],[108.217712,16.05251]]},"properties":{"h":"secondary","w":1.3}},{"type":"Feature","geometry":{"type":"LineString","coordinates":[[108.217636,16.053072],[108.217224,16.05572]]},"properties":{"h":"secondary","w":1.3}},{"type":"Feature","geometry":{"type":"LineString","coordinates":[[108.217636,16.053072],[108.217234,16.053006],[108.216725,16.052875]]},"properties":{"h":"residential","w":0.7}},{"type":"Feature","geometry":{"type":"LineString","coordinates":[[108.216715,16.052929],[108.216725,16.052875]]},"properties":{"h":"residential","w":0.7}},{"type":"Feature","geometry":{"type":"LineString","coordinates":[[108.216715,16.052929],[108.216531,16.053929]]},"properties":{"h":"residential","w":0.7}},{"type":"Feature","geometry":{"type":"LineString","coordinates":[[108.216715,16.052929],[108.216389,16.052892],[108.216282,16.0529]]},"properties":{"h":"residential","w":0.7}},{"type":"Feature","geometry":{"type":"LineString","coordinates":[[108.216531,16.053929],[108.216715,16.052929]]},"properties":{"h":"residential","w":0.7}},{"type":"Feature","geometry":{"type":"LineString","coordinates":[[108.216987,16.051875],[108.216071,16.051068]]},"properties":{"h":"secondary","w":1.3}},{"type":"Feature","geometry":{"type":"LineString","coordinates":[[108.216987,16.051875],[108.217712,16.05251]]},"properties":{"h":"secondary","w":1.3}},{"type":"Feature","geometry":{"type":"LineString","coordinates":[[108.216987,16.051875],[108.216891,16.052019],[108.216725,16.052875]]},"properties":{"h":"residential","w":0.7}},{"type":"Feature","geometry":{"type":"LineString","coordinates":[[108.21602,16.051023],[108.216071,16.051068]]},"properties":{"h":"secondary","w":1.3}},{"type":"Feature","geometry":{"type":"LineString","coordinates":[[108.21602,16.051023],[108.215914,16.050929]]},"properties":{"h":"secondary","w":1.3}},{"type":"Feature","geometry":{"type":"LineString","coordinates":[[108.21602,16.051023],[108.215759,16.0514],[108.215711,16.051546],[108.215632,16.052254]]},"properties":{"h":"residential","w":0.7}},{"type":"Feature","geometry":{"type":"LineString","coordinates":[[108.214605,16.052573],[108.215056,16.052689],[108.215265,16.052717],[108.215568,16.052717]]},"properties":{"h":"residential","w":0.7}},{"type":"Feature","geometry":{"type":"LineString","coordinates":[[108.214748,16.051287],[108.21441,16.051281]]},"properties":{"h":"residential","w":0.7}},{"type":"Feature","geometry":{"type":"LineString","coordinates":[[108.220472,16.0518],[108.219911,16.051802]]},"properties":{"h":"residential","w":0.7}},{"type":"Feature","geometry":{"type":"LineString","coordinates":[[108.220472,16.0518],[108.220647,16.050155]]},"properties":{"h":"secondary","w":1.3}},{"type":"Feature","geometry":{"type":"LineString","coordinates":[[108.220472,16.0518],[108.220287,16.05341]]},"properties":{"h":"secondary","w":1.3}},{"type":"Feature","geometry":{"type":"LineString","coordinates":[[108.219714,16.051814],[108.219911,16.051802]]},"properties":{"h":"residential","w":0.7}},{"type":"Feature","geometry":{"type":"LineString","coordinates":[[108.220287,16.05341],[108.220472,16.0518]]},"properties":{"h":"secondary","w":1.3}},{"type":"Feature","geometry":{"type":"LineString","coordinates":[[108.220287,16.05341],[108.22023,16.054026]]},"properties":{"h":"secondary","w":1.3}},{"type":"Feature","geometry":{"type":"LineString","coordinates":[[108.220287,16.05341],[108.219563,16.053615]]},"properties":{"h":"residential","w":0.7}},{"type":"Feature","geometry":{"type":"LineString","coordinates":[[108.219563,16.053615],[108.220287,16.05341]]},"properties":{"h":"residential","w":0.7}},{"type":"Feature","geometry":{"type":"LineString","coordinates":[[108.208414,16.076853],[108.208754,16.077173]]},"properties":{"h":"residential","w":0.7}},{"type":"Feature","geometry":{"type":"LineString","coordinates":[[108.208414,16.076853],[108.208136,16.077131]]},"properties":{"h":"residential","w":0.7}},{"type":"Feature","geometry":{"type":"LineString","coordinates":[[108.211636,16.079402],[108.211085,16.07924]]},"properties":{"h":"residential","w":0.7}},{"type":"Feature","geometry":{"type":"LineString","coordinates":[[108.211636,16.079402],[108.211581,16.079628]]},"properties":{"h":"secondary","w":1.3}},{"type":"Feature","geometry":{"type":"LineString","coordinates":[[108.211636,16.079402],[108.21171,16.079068]]},"properties":{"h":"secondary","w":1.3}},{"type":"Feature","geometry":{"type":"LineString","coordinates":[[108.211085,16.07924],[108.211636,16.079402]]},"properties":{"h":"residential","w":0.7}},{"type":"Feature","geometry":{"type":"LineString","coordinates":[[108.211085,16.07924],[108.210899,16.079515]]},"properties":{"h":"residential","w":0.7}},{"type":"Feature","geometry":{"type":"LineString","coordinates":[[108.211085,16.07924],[108.211324,16.078842],[108.211385,16.078834],[108.211731,16.078957]]},"properties":{"h":"residential","w":0.7}},{"type":"Feature","geometry":{"type":"LineString","coordinates":[[108.210574,16.079759],[108.210772,16.079629],[108.210899,16.079515]]},"properties":{"h":"residential","w":0.7}},{"type":"Feature","geometry":{"type":"LineString","coordinates":[[108.210574,16.079759],[108.210996,16.080276]]},"properties":{"h":"primary","w":1.8}},{"type":"Feature","geometry":{"type":"LineString","coordinates":[[108.213807,16.050363],[108.212879,16.050943]]},"properties":{"h":"tertiary","w":0.8}},{"type":"Feature","geometry":{"type":"LineString","coordinates":[[108.213807,16.050363],[108.214662,16.049835]]},"properties":{"h":"tertiary","w":0.8}},{"type":"Feature","geometry":{"type":"LineString","coordinates":[[108.213807,16.050363],[108.213708,16.050183],[108.21365,16.049961],[108.213626,16.049725]]},"properties":{"h":"residential","w":0.7}},{"type":"Feature","geometry":{"type":"LineString","coordinates":[[108.213626,16.049725],[108.214391,16.049609]]},"properties":{"h":"residential","w":0.7}},{"type":"Feature","geometry":{"type":"LineString","coordinates":[[108.213626,16.049725],[108.213368,16.049774]]},"properties":{"h":"residential","w":0.7}},{"type":"Feature","geometry":{"type":"LineString","coordinates":[[108.213626,16.049725],[108.213636,16.049581],[108.21355,16.049108]]},"properties":{"h":"residential","w":0.7}},{"type":"Feature","geometry":{"type":"LineString","coordinates":[[108.213626,16.049725],[108.21365,16.049961],[108.213708,16.050183],[108.213807,16.050363]]},"properties":{"h":"residential","w":0.7}},{"type":"Feature","geometry":{"type":"LineString","coordinates":[[108.214391,16.049609],[108.213626,16.049725]]},"properties":{"h":"residential","w":0.7}},{"type":"Feature","geometry":{"type":"LineString","coordinates":[[108.214391,16.049609],[108.213335,16.048666]]},"properties":{"h":"secondary","w":1.3}},{"type":"Feature","geometry":{"type":"LineString","coordinates":[[108.214391,16.049609],[108.214662,16.049835]]},"properties":{"h":"secondary","w":1.3}},{"type":"Feature","geometry":{"type":"LineString","coordinates":[[108.21355,16.049108],[108.213636,16.049581],[108.213626,16.049725]]},"properties":{"h":"residential","w":0.7}},{"type":"Feature","geometry":{"type":"LineString","coordinates":[[108.217673,16.080377],[108.217799,16.080301]]},"properties":{"h":"residential","w":0.7}},{"type":"Feature","geometry":{"type":"LineString","coordinates":[[108.217673,16.080377],[108.21731,16.080595]]},"properties":{"h":"residential","w":0.7}},{"type":"Feature","geometry":{"type":"LineString","coordinates":[[108.217673,16.080377],[108.217438,16.080027],[108.217072,16.079925]]},"properties":{"h":"residential","w":0.7}},{"type":"Feature","geometry":{"type":"LineString","coordinates":[[108.21688,16.08144],[108.216699,16.081151]]},"properties":{"h":"residential","w":0.7}},{"type":"Feature","geometry":{"type":"LineString","coordinates":[[108.21688,16.08144],[108.216357,16.081777]]},"properties":{"h":"residential","w":0.7}},{"type":"Feature","geometry":{"type":"LineString","coordinates":[[108.21688,16.08144],[108.217564,16.081013]]},"properties":{"h":"residential","w":0.7}},{"type":"Feature","geometry":{"type":"LineString","coordinates":[[108.216116,16.080418],[108.215986,16.080486]]},"properties":{"h":"residential","w":0.7}},{"type":"Feature","geometry":{"type":"LineString","coordinates":[[108.216116,16.080418],[108.215904,16.080007]]},"properties":{"h":"residential","w":0.7}},{"type":"Feature","geometry":{"type":"LineString","coordinates":[[108.216116,16.080418],[108.21693,16.079995]]},"properties":{"h":"residential","w":0.7}},{"type":"Feature","geometry":{"type":"LineString","coordinates":[[108.214259,16.062446],[108.213987,16.062453]]},"properties":{"h":"residential","w":0.7}},{"type":"Feature","geometry":{"type":"LineString","coordinates":[[108.213987,16.062453],[108.214089,16.062803]]},"properties":{"h":"tertiary","w":0.8}},{"type":"Feature","geometry":{"type":"LineString","coordinates":[[108.213987,16.062453],[108.214259,16.062446]]},"properties":{"h":"residential","w":0.7}},{"type":"Feature","geometry":{"type":"LineString","coordinates":[[108.217139,16.037139],[108.217665,16.037455]]},"properties":{"h":"residential","w":0.7}},{"type":"Feature","geometry":{"type":"LineString","coordinates":[[108.217139,16.037139],[108.216731,16.036894]]},"properties":{"h":"residential","w":0.7}},{"type":"Feature","geometry":{"type":"LineString","coordinates":[[108.217139,16.037139],[108.217622,16.036406]]},"properties":{"h":"residential","w":0.7}},{"type":"Feature","geometry":{"type":"LineString","coordinates":[[108.217139,16.037139],[108.21669,16.037845]]},"properties":{"h":"residential","w":0.7}},{"type":"Feature","geometry":{"type":"LineString","coordinates":[[108.21669,16.037845],[108.217598,16.037951]]},"properties":{"h":"residential","w":0.7}},{"type":"Feature","geometry":{"type":"LineString","coordinates":[[108.21669,16.037845],[108.216133,16.03778]]},"properties":{"h":"residential","w":0.7}},{"type":"Feature","geometry":{"type":"LineString","coordinates":[[108.21669,16.037845],[108.217139,16.037139]]},"properties":{"h":"residential","w":0.7}},{"type":"Feature","geometry":{"type":"LineString","coordinates":[[108.215951,16.037096],[108.216219,16.036666]]},"properties":{"h":"residential","w":0.7}},{"type":"Feature","geometry":{"type":"LineString","coordinates":[[108.215951,16.037096],[108.215413,16.037957]]},"properties":{"h":"residential","w":0.7}},{"type":"Feature","geometry":{"type":"LineString","coordinates":[[108.215951,16.037096],[108.215099,16.037015]]},"properties":{"h":"residential","w":0.7}},{"type":"Feature","geometry":{"type":"LineString","coordinates":[[108.215099,16.037015],[108.215156,16.03658]]},"properties":{"h":"residential","w":0.7}},{"type":"Feature","geometry":{"type":"LineString","coordinates":[[108.215099,16.037015],[108.214981,16.037911]]},"properties":{"h":"residential","w":0.7}},{"type":"Feature","geometry":{"type":"LineString","coordinates":[[108.215099,16.037015],[108.215951,16.037096]]},"properties":{"h":"residential","w":0.7}},{"type":"Feature","geometry":{"type":"LineString","coordinates":[[108.216247,16.045406],[108.216689,16.045501]]},"properties":{"h":"residential","w":0.7}},{"type":"Feature","geometry":{"type":"LineString","coordinates":[[108.216689,16.045501],[108.216247,16.045406]]},"properties":{"h":"residential","w":0.7}},{"type":"Feature","geometry":{"type":"LineString","coordinates":[[108.216689,16.045501],[108.217011,16.045578],[108.217061,16.045551],[108.217184,16.044971],[108.217151,16.044839]]},"properties":{"h":"residential","w":0.7}},{"type":"Feature","geometry":{"type":"LineString","coordinates":[[108.216689,16.045501],[108.216813,16.044819]]},"properties":{"h":"residential","w":0.7}},{"type":"Feature","geometry":{"type":"LineString","coordinates":[[108.216814,16.044587],[108.217086,16.043712],[108.21722,16.042731],[108.217266,16.042128]]},"properties":{"h":"residential","w":0.7}},{"type":"Feature","geometry":{"type":"LineString","coordinates":[[108.216814,16.044587],[108.216813,16.044819]]},"properties":{"h":"residential","w":0.7}},{"type":"Feature","geometry":{"type":"LineString","coordinates":[[108.216814,16.044587],[108.216374,16.044552],[108.214401,16.044274],[108.214024,16.044243]]},"properties":{"h":"residential","w":0.7}},{"type":"Feature","geometry":{"type":"LineString","coordinates":[[108.217266,16.042128],[108.217368,16.041286]]},"properties":{"h":"residential","w":0.7}},{"type":"Feature","geometry":{"type":"LineString","coordinates":[[108.217266,16.042128],[108.21722,16.042731],[108.217086,16.043712],[108.216814,16.044587]]},"properties":{"h":"residential","w":0.7}},{"type":"Feature","geometry":{"type":"LineString","coordinates":[[108.217266,16.042128],[108.21758,16.042166]]},"properties":{"h":"residential","w":0.7}},{"type":"Feature","geometry":{"type":"LineString","coordinates":[[108.217368,16.041286],[108.217397,16.041023]]},"properties":{"h":"residential","w":0.7}},{"type":"Feature","geometry":{"type":"LineString","coordinates":[[108.217368,16.041286],[108.217266,16.042128]]},"properties":{"h":"residential","w":0.7}},{"type":"Feature","geometry":{"type":"LineString","coordinates":[[108.217368,16.041286],[108.216137,16.04116]]},"properties":{"h":"residential","w":0.7}},{"type":"Feature","geometry":{"type":"LineString","coordinates":[[108.217397,16.041023],[108.216237,16.040897]]},"properties":{"h":"residential","w":0.7}},{"type":"Feature","geometry":{"type":"LineString","coordinates":[[108.217397,16.041023],[108.217368,16.041286]]},"properties":{"h":"residential","w":0.7}},{"type":"Feature","geometry":{"type":"LineString","coordinates":[[108.217397,16.041023],[108.217712,16.041058]]},"properties":{"h":"residential","w":0.7}},{"type":"Feature","geometry":{"type":"LineString","coordinates":[[108.216137,16.04116],[108.216237,16.040897]]},"properties":{"h":"residential","w":0.7}},{"type":"Feature","geometry":{"type":"LineString","coordinates":[[108.216137,16.04116],[108.217368,16.041286]]},"properties":{"h":"residential","w":0.7}},{"type":"Feature","geometry":{"type":"LineString","coordinates":[[108.216137,16.04116],[108.215927,16.041788]]},"properties":{"h":"residential","w":0.7}},{"type":"Feature","geometry":{"type":"LineString","coordinates":[[108.216237,16.040897],[108.217397,16.041023]]},"properties":{"h":"residential","w":0.7}},{"type":"Feature","geometry":{"type":"LineString","coordinates":[[108.216237,16.040897],[108.215887,16.040858]]},"properties":{"h":"residential","w":0.7}},{"type":"Feature","geometry":{"type":"LineString","coordinates":[[108.216237,16.040897],[108.216137,16.04116]]},"properties":{"h":"residential","w":0.7}},{"type":"Feature","geometry":{"type":"LineString","coordinates":[[108.215927,16.041788],[108.216137,16.04116]]},"properties":{"h":"residential","w":0.7}},{"type":"Feature","geometry":{"type":"LineString","coordinates":[[108.214024,16.044243],[108.213996,16.044523]]},"properties":{"h":"residential","w":0.7}},{"type":"Feature","geometry":{"type":"LineString","coordinates":[[108.214024,16.044243],[108.214401,16.044274],[108.216374,16.044552],[108.216814,16.044587]]},"properties":{"h":"residential","w":0.7}},{"type":"Feature","geometry":{"type":"LineString","coordinates":[[108.214024,16.044243],[108.21408,16.043941]]},"properties":{"h":"residential","w":0.7}},{"type":"Feature","geometry":{"type":"LineString","coordinates":[[108.214024,16.044243],[108.213802,16.044209]]},"properties":{"h":"residential","w":0.7}},{"type":"Feature","geometry":{"type":"LineString","coordinates":[[108.213996,16.044523],[108.214024,16.044243]]},"properties":{"h":"residential","w":0.7}},{"type":"Feature","geometry":{"type":"LineString","coordinates":[[108.213996,16.044523],[108.216311,16.044823],[108.216813,16.044819]]},"properties":{"h":"secondary","w":1.3}},{"type":"Feature","geometry":{"type":"LineString","coordinates":[[108.213996,16.044523],[108.213767,16.044487]]},"properties":{"h":"secondary","w":1.3}},{"type":"Feature","geometry":{"type":"LineString","coordinates":[[108.217479,16.04544],[108.218152,16.045451]]},"properties":{"h":"residential","w":0.7}},{"type":"Feature","geometry":{"type":"LineString","coordinates":[[108.217479,16.04544],[108.217423,16.045784]]},"properties":{"h":"residential","w":0.7}},{"type":"Feature","geometry":{"type":"LineString","coordinates":[[108.217479,16.04544],[108.217482,16.045289],[108.217557,16.045024]]},"properties":{"h":"residential","w":0.7}},{"type":"Feature","geometry":{"type":"LineString","coordinates":[[108.213184,16.083304],[108.213048,16.083373]]},"properties":{"h":"primary_link","w":1.0}},{"type":"Feature","geometry":{"type":"LineString","coordinates":[[108.213184,16.083304],[108.213413,16.083781]]},"properties":{"h":"primary","w":1.8}},{"type":"Feature","geometry":{"type":"LineString","coordinates":[[108.222465,16.075311],[108.222701,16.074163]]},"properties":{"h":"residential","w":0.7}},{"type":"Feature","geometry":{"type":"LineString","coordinates":[[108.222465,16.075311],[108.221855,16.075193]]},"properties":{"h":"secondary","w":1.3}},{"type":"Feature","geometry":{"type":"LineString","coordinates":[[108.222465,16.075311],[108.223496,16.075514]]},"properties":{"h":"secondary","w":1.3}},{"type":"Feature","geometry":{"type":"LineString","coordinates":[[108.222701,16.074163],[108.223675,16.074306]]},"properties":{"h":"residential","w":0.7}},{"type":"Feature","geometry":{"type":"LineString","coordinates":[[108.222701,16.074163],[108.222465,16.075311]]},"properties":{"h":"residential","w":0.7}},{"type":"Feature","geometry":{"type":"LineString","coordinates":[[108.222701,16.074163],[108.22248,16.074102],[108.222489,16.073905]]},"properties":{"h":"residential","w":0.7}},{"type":"Feature","geometry":{"type":"LineString","coordinates":[[108.22324,16.062122],[108.22249,16.062194]]},"properties":{"h":"residential","w":0.7}},{"type":"Feature","geometry":{"type":"LineString","coordinates":[[108.22324,16.062122],[108.223183,16.06162]]},"properties":{"h":"primary","w":1.8}},{"type":"Feature","geometry":{"type":"LineString","coordinates":[[108.22249,16.062194],[108.22324,16.062122]]},"properties":{"h":"residential","w":0.7}},{"type":"Feature","geometry":{"type":"LineString","coordinates":[[108.207975,16.052607],[108.207995,16.05245]]},"properties":{"h":"residential","w":0.7}},{"type":"Feature","geometry":{"type":"LineString","coordinates":[[108.208987,16.0518],[108.208165,16.051577]]},"properties":{"h":"residential","w":0.7}},{"type":"Feature","geometry":{"type":"LineString","coordinates":[[108.208987,16.0518],[108.209052,16.051353]]},"properties":{"h":"primary","w":1.8}},{"type":"Feature","geometry":{"type":"LineString","coordinates":[[108.208035,16.052108],[108.208098,16.05173]]},"properties":{"h":"residential","w":0.7}},{"type":"Feature","geometry":{"type":"LineString","coordinates":[[108.208035,16.052108],[108.208001,16.052406]]},"properties":{"h":"residential","w":0.7}},{"type":"Feature","geometry":{"type":"LineString","coordinates":[[108.208035,16.052108],[108.207398,16.052004]]},"properties":{"h":"residential","w":0.7}},{"type":"Feature","geometry":{"type":"LineString","coordinates":[[108.207398,16.052004],[108.208035,16.052108]]},"properties":{"h":"residential","w":0.7}},{"type":"Feature","geometry":{"type":"LineString","coordinates":[[108.208098,16.05173],[108.208035,16.052108]]},"properties":{"h":"residential","w":0.7}},{"type":"Feature","geometry":{"type":"LineString","coordinates":[[108.208098,16.05173],[108.207592,16.051676]]},"properties":{"h":"residential","w":0.7}},{"type":"Feature","geometry":{"type":"LineString","coordinates":[[108.208098,16.05173],[108.208116,16.051601],[108.208131,16.051578],[108.208165,16.051577]]},"properties":{"h":"residential","w":0.7}},{"type":"Feature","geometry":{"type":"LineString","coordinates":[[108.207592,16.051676],[108.208098,16.05173]]},"properties":{"h":"residential","w":0.7}},{"type":"Feature","geometry":{"type":"LineString","coordinates":[[108.207592,16.051676],[108.207572,16.051849]]},"properties":{"h":"residential","w":0.7}},{"type":"Feature","geometry":{"type":"LineString","coordinates":[[108.207592,16.051676],[108.207616,16.051495]]},"properties":{"h":"residential","w":0.7}},{"type":"Feature","geometry":{"type":"LineString","coordinates":[[108.207616,16.051495],[108.207592,16.051676]]},"properties":{"h":"residential","w":0.7}},{"type":"Feature","geometry":{"type":"LineString","coordinates":[[108.207572,16.051849],[108.207592,16.051676]]},"properties":{"h":"residential","w":0.7}},{"type":"Feature","geometry":{"type":"LineString","coordinates":[[108.220908,16.088006],[108.219526,16.090647]]},"properties":{"h":"tertiary","w":0.8}},{"type":"Feature","geometry":{"type":"LineString","coordinates":[[108.220908,16.088006],[108.220188,16.087657]]},"properties":{"h":"residential","w":0.7}},{"type":"Feature","geometry":{"type":"LineString","coordinates":[[108.219526,16.090647],[108.219239,16.091128],[108.219035,16.091369],[108.218566,16.091793],[108.218057,16.092216],[108.217814,16.092457],[108.217584,16.092775],[108.217274,16.093334]]},"properties":{"h":"tertiary","w":0.8}},{"type":"Feature","geometry":{"type":"LineString","coordinates":[[108.219526,16.090647],[108.218976,16.090379],[108.21883,16.090329]]},"properties":{"h":"tertiary","w":0.8}},{"type":"Feature","geometry":{"type":"LineString","coordinates":[[108.206268,16.044969],[108.206241,16.044842],[108.205882,16.044641],[108.205849,16.044546]]},"properties":{"h":"residential","w":0.7}},{"type":"Feature","geometry":{"type":"LineString","coordinates":[[108.206268,16.044969],[108.206342,16.045539],[108.206406,16.045685]]},"properties":{"h":"residential","w":0.7}},{"type":"Feature","geometry":{"type":"LineString","coordinates":[[108.206268,16.044969],[108.205684,16.044911],[108.205547,16.0448],[108.205445,16.044648]]},"properties":{"h":"residential","w":0.7}},{"type":"Feature","geometry":{"type":"LineString","coordinates":[[108.211273,16.051944],[108.210472,16.052442]]},"properties":{"h":"tertiary","w":0.8}},{"type":"Feature","geometry":{"type":"LineString","coordinates":[[108.211273,16.051944],[108.212879,16.050943]]},"properties":{"h":"tertiary","w":0.8}},{"type":"Feature","geometry":{"type":"LineString","coordinates":[[108.211273,16.051944],[108.210701,16.051026]]},"properties":{"h":"residential","w":0.7}},{"type":"Feature","geometry":{"type":"LineString","coordinates":[[108.210263,16.050374],[108.210358,16.050515]]},"properties":{"h":"residential","w":0.7}},{"type":"Feature","geometry":{"type":"LineString","coordinates":[[108.210701,16.051026],[108.210358,16.050515]]},"properties":{"h":"residential","w":0.7}},{"type":"Feature","geometry":{"type":"LineString","coordinates":[[108.210701,16.051026],[108.21025,16.051328]]},"properties":{"h":"residential","w":0.7}},{"type":"Feature","geometry":{"type":"LineString","coordinates":[[108.210701,16.051026],[108.211119,16.050769]]},"properties":{"h":"residential","w":0.7}},{"type":"Feature","geometry":{"type":"LineString","coordinates":[[108.210701,16.051026],[108.211273,16.051944]]},"properties":{"h":"residential","w":0.7}},{"type":"Feature","geometry":{"type":"LineString","coordinates":[[108.21025,16.051328],[108.210701,16.051026]]},"properties":{"h":"residential","w":0.7}},{"type":"Feature","geometry":{"type":"LineString","coordinates":[[108.210358,16.050515],[108.210263,16.050374]]},"properties":{"h":"residential","w":0.7}},{"type":"Feature","geometry":{"type":"LineString","coordinates":[[108.210358,16.050515],[108.210701,16.051026]]},"properties":{"h":"residential","w":0.7}},{"type":"Feature","geometry":{"type":"LineString","coordinates":[[108.210358,16.050515],[108.209893,16.050821]]},"properties":{"h":"residential","w":0.7}},{"type":"Feature","geometry":{"type":"LineString","coordinates":[[108.209893,16.050821],[108.210358,16.050515]]},"properties":{"h":"residential","w":0.7}},{"type":"Feature","geometry":{"type":"LineString","coordinates":[[108.209082,16.05198],[108.209239,16.051939],[108.209622,16.051694]]},"properties":{"h":"residential","w":0.7}},{"type":"Feature","geometry":{"type":"LineString","coordinates":[[108.209082,16.05198],[108.209009,16.052591]]},"properties":{"h":"primary","w":1.8}},{"type":"Feature","geometry":{"type":"LineString","coordinates":[[108.209622,16.051694],[108.209239,16.051939],[108.209082,16.05198]]},"properties":{"h":"residential","w":0.7}},{"type":"Feature","geometry":{"type":"LineString","coordinates":[[108.212879,16.050943],[108.211273,16.051944]]},"properties":{"h":"tertiary","w":0.8}},{"type":"Feature","geometry":{"type":"LineString","coordinates":[[108.212879,16.050943],[108.213807,16.050363]]},"properties":{"h":"tertiary","w":0.8}},{"type":"Feature","geometry":{"type":"LineString","coordinates":[[108.212879,16.050943],[108.213004,16.051673]]},"properties":{"h":"residential","w":0.7}},{"type":"Feature","geometry":{"type":"LineString","coordinates":[[108.213004,16.051673],[108.213235,16.051655]]},"properties":{"h":"residential","w":0.7}},{"type":"Feature","geometry":{"type":"LineString","coordinates":[[108.213004,16.051673],[108.212879,16.050943]]},"properties":{"h":"residential","w":0.7}},{"type":"Feature","geometry":{"type":"LineString","coordinates":[[108.213004,16.051673],[108.212897,16.051681],[108.212901,16.05189],[108.212879,16.051921],[108.212956,16.052048]]},"properties":{"h":"residential","w":0.7}},{"type":"Feature","geometry":{"type":"LineString","coordinates":[[108.213235,16.051655],[108.213004,16.051673]]},"properties":{"h":"residential","w":0.7}},{"type":"Feature","geometry":{"type":"LineString","coordinates":[[108.221669,16.046445],[108.22176,16.045853]]},"properties":{"h":"residential","w":0.7}},{"type":"Feature","geometry":{"type":"LineString","coordinates":[[108.221669,16.046445],[108.221097,16.046389]]},"properties":{"h":"secondary","w":1.3}},{"type":"Feature","geometry":{"type":"LineString","coordinates":[[108.221669,16.046445],[108.221771,16.046457]]},"properties":{"h":"secondary","w":1.3}},{"type":"Feature","geometry":{"type":"LineString","coordinates":[[108.22176,16.045853],[108.221669,16.046445]]},"properties":{"h":"residential","w":0.7}},{"type":"Feature","geometry":{"type":"LineString","coordinates":[[108.22176,16.045853],[108.221938,16.045876],[108.221961,16.045745]]},"properties":{"h":"residential","w":0.7}},{"type":"Feature","geometry":{"type":"LineString","coordinates":[[108.22176,16.045853],[108.221723,16.0458],[108.221204,16.045723]]},"properties":{"h":"residential","w":0.7}},{"type":"Feature","geometry":{"type":"LineString","coordinates":[[108.221961,16.045745],[108.221938,16.045876],[108.22176,16.045853]]},"properties":{"h":"residential","w":0.7}},{"type":"Feature","geometry":{"type":"LineString","coordinates":[[108.221928,16.03523],[108.221716,16.035206]]},"properties":{"h":"residential","w":0.7}},{"type":"Feature","geometry":{"type":"LineString","coordinates":[[108.223579,16.034475],[108.22354,16.034769],[108.223474,16.035044]]},"properties":{"h":"residential","w":0.7}},{"type":"Feature","geometry":{"type":"LineString","coordinates":[[108.209193,16.051291],[108.209082,16.05198]]},"properties":{"h":"primary","w":1.8}},{"type":"Feature","geometry":{"type":"LineString","coordinates":[[108.224246,16.061131],[108.224065,16.061328]]},"properties":{"h":"primary_link","w":1.0}},{"type":"Feature","geometry":{"type":"LineString","coordinates":[[108.224246,16.061131],[108.224002,16.061128]]},"properties":{"h":"primary","w":1.8}},{"type":"Feature","geometry":{"type":"LineString","coordinates":[[108.213877,16.043643],[108.213838,16.04395]]},"properties":{"h":"residential","w":0.7}},{"type":"Feature","geometry":{"type":"LineString","coordinates":[[108.213877,16.043643],[108.213927,16.043213]]},"properties":{"h":"residential","w":0.7}},{"type":"Feature","geometry":{"type":"LineString","coordinates":[[108.213877,16.043643],[108.214097,16.04365]]},"properties":{"h":"residential","w":0.7}},{"type":"Feature","geometry":{"type":"LineString","coordinates":[[108.214097,16.04365],[108.214226,16.043672]]},"properties":{"h":"residential","w":0.7}},{"type":"Feature","geometry":{"type":"LineString","coordinates":[[108.214097,16.04365],[108.213877,16.043643]]},"properties":{"h":"residential","w":0.7}},{"type":"Feature","geometry":{"type":"LineString","coordinates":[[108.214097,16.04365],[108.21414,16.043439],[108.214268,16.042333]]},"properties":{"h":"residential","w":0.7}},{"type":"Feature","geometry":{"type":"LineString","coordinates":[[108.214226,16.043672],[108.21408,16.043941]]},"properties":{"h":"residential","w":0.7}},{"type":"Feature","geometry":{"type":"LineString","coordinates":[[108.214226,16.043672],[108.214097,16.04365]]},"properties":{"h":"residential","w":0.7}},{"type":"Feature","geometry":{"type":"LineString","coordinates":[[108.214226,16.043672],[108.214643,16.043064],[108.214792,16.043128],[108.214873,16.043139],[108.215178,16.042586]]},"properties":{"h":"residential","w":0.7}},{"type":"Feature","geometry":{"type":"LineString","coordinates":[[108.214268,16.042333],[108.214032,16.042319]]},"properties":{"h":"residential","w":0.7}},{"type":"Feature","geometry":{"type":"LineString","coordinates":[[108.214268,16.042333],[108.21414,16.043439],[108.214097,16.04365]]},"properties":{"h":"residential","w":0.7}},{"type":"Feature","geometry":{"type":"LineString","coordinates":[[108.214268,16.042333],[108.214379,16.041394]]},"properties":{"h":"residential","w":0.7}},{"type":"Feature","geometry":{"type":"LineString","coordinates":[[108.214379,16.041394],[108.214268,16.042333]]},"properties":{"h":"residential","w":0.7}},{"type":"Feature","geometry":{"type":"LineString","coordinates":[[108.215289,16.042375],[108.215178,16.042586]]},"properties":{"h":"residential","w":0.7}},{"type":"Feature","geometry":{"type":"LineString","coordinates":[[108.215289,16.042375],[108.216025,16.042677],[108.216292,16.042753]]},"properties":{"h":"residential","w":0.7}},{"type":"Feature","geometry":{"type":"LineString","coordinates":[[108.215289,16.042375],[108.215413,16.041926],[108.215887,16.040858]]},"properties":{"h":"residential","w":0.7}},{"type":"Feature","geometry":{"type":"LineString","coordinates":[[108.216292,16.042753],[108.216025,16.042677],[108.215289,16.042375]]},"properties":{"h":"residential","w":0.7}},{"type":"Feature","geometry":{"type":"LineString","coordinates":[[108.21408,16.043941],[108.214226,16.043672]]},"properties":{"h":"residential","w":0.7}},{"type":"Feature","geometry":{"type":"LineString","coordinates":[[108.21408,16.043941],[108.214024,16.044243]]},"properties":{"h":"residential","w":0.7}},{"type":"Feature","geometry":{"type":"LineString","coordinates":[[108.21408,16.043941],[108.213838,16.04395]]},"properties":{"h":"residential","w":0.7}},{"type":"Feature","geometry":{"type":"LineString","coordinates":[[108.224048,16.071613],[108.224121,16.070693],[108.22405,16.070394]]},"properties":{"h":"primary_link","w":1.0}},{"type":"Feature","geometry":{"type":"LineString","coordinates":[[108.224048,16.071613],[108.225035,16.071747]]},"properties":{"h":"primary_link","w":1.0}},{"type":"Feature","geometry":{"type":"LineString","coordinates":[[108.224032,16.071748],[108.224248,16.071816]]},"properties":{"h":"primary","w":1.8}},{"type":"Feature","geometry":{"type":"LineString","coordinates":[[108.224032,16.071748],[108.224048,16.071613]]},"properties":{"h":"primary_link","w":1.0}},{"type":"Feature","geometry":{"type":"LineString","coordinates":[[108.219674,16.052253],[108.219946,16.052236]]},"properties":{"h":"residential","w":0.7}},{"type":"Feature","geometry":{"type":"LineString","coordinates":[[108.219948,16.052267],[108.219946,16.052236]]},"properties":{"h":"residential","w":0.7}},{"type":"Feature","geometry":{"type":"LineString","coordinates":[[108.219946,16.052236],[108.219948,16.052267]]},"properties":{"h":"residential","w":0.7}},{"type":"Feature","geometry":{"type":"LineString","coordinates":[[108.219946,16.052236],[108.219932,16.052058]]},"properties":{"h":"residential","w":0.7}},{"type":"Feature","geometry":{"type":"LineString","coordinates":[[108.219946,16.052236],[108.219674,16.052253]]},"properties":{"h":"residential","w":0.7}},{"type":"Feature","geometry":{"type":"LineString","coordinates":[[108.219911,16.051802],[108.219932,16.052058]]},"properties":{"h":"residential","w":0.7}},{"type":"Feature","geometry":{"type":"LineString","coordinates":[[108.219911,16.051802],[108.219714,16.051814]]},"properties":{"h":"residential","w":0.7}},{"type":"Feature","geometry":{"type":"LineString","coordinates":[[108.219911,16.051802],[108.220472,16.0518]]},"properties":{"h":"residential","w":0.7}},{"type":"Feature","geometry":{"type":"LineString","coordinates":[[108.215632,16.052254],[108.215568,16.052717]]},"properties":{"h":"residential","w":0.7}},{"type":"Feature","geometry":{"type":"LineString","coordinates":[[108.215632,16.052254],[108.215711,16.051546],[108.215759,16.0514],[108.21602,16.051023]]},"properties":{"h":"residential","w":0.7}},{"type":"Feature","geometry":{"type":"LineString","coordinates":[[108.215632,16.052254],[108.215437,16.052218],[108.215256,16.052211]]},"properties":{"h":"residential","w":0.7}},{"type":"Feature","geometry":{"type":"LineString","coordinates":[[108.215051,16.050172],[108.214662,16.049835]]},"properties":{"h":"secondary","w":1.3}},{"type":"Feature","geometry":{"type":"LineString","coordinates":[[108.215051,16.050172],[108.215914,16.050929]]},"properties":{"h":"secondary","w":1.3}},{"type":"Feature","geometry":{"type":"LineString","coordinates":[[108.215051,16.050172],[108.214174,16.050639],[108.214019,16.050704],[108.213984,16.050773],[108.213979,16.051045]]},"properties":{"h":"residential","w":0.7}},{"type":"Feature","geometry":{"type":"LineString","coordinates":[[108.213045,16.049541],[108.212878,16.048494],[108.212886,16.048439],[108.212945,16.048335]]},"properties":{"h":"residential","w":0.7}},{"type":"Feature","geometry":{"type":"LineString","coordinates":[[108.216832,16.049674],[108.2168,16.049699],[108.216263,16.049657]]},"properties":{"h":"residential","w":0.7}},{"type":"Feature","geometry":{"type":"LineString","coordinates":[[108.214262,16.05305],[108.214254,16.052965],[108.214055,16.052948],[108.214039,16.052418],[108.214121,16.052016]]},"properties":{"h":"residential","w":0.7}},{"type":"Feature","geometry":{"type":"LineString","coordinates":[[108.213268,16.05846],[108.213223,16.058162]]},"properties":{"h":"tertiary","w":0.8}},{"type":"Feature","geometry":{"type":"LineString","coordinates":[[108.213268,16.05846],[108.213363,16.059027]]},"properties":{"h":"tertiary","w":0.8}},{"type":"Feature","geometry":{"type":"LineString","coordinates":[[108.213023,16.057077],[108.212822,16.056264]]},"properties":{"h":"tertiary","w":0.8}},{"type":"Feature","geometry":{"type":"LineString","coordinates":[[108.213023,16.057077],[108.213139,16.057581],[108.213223,16.058162]]},"properties":{"h":"tertiary","w":0.8}},{"type":"Feature","geometry":{"type":"LineString","coordinates":[[108.216282,16.0529],[108.216213,16.053638],[108.216167,16.053653],[108.216103,16.053859]]},"properties":{"h":"residential","w":0.7}},{"type":"Feature","geometry":{"type":"LineString","coordinates":[[108.216282,16.0529],[108.215902,16.05286],[108.215749,16.052835],[108.215721,16.052815]]},"properties":{"h":"residential","w":0.7}},{"type":"Feature","geometry":{"type":"LineString","coordinates":[[108.216282,16.0529],[108.216389,16.052892],[108.216715,16.052929]]},"properties":{"h":"residential","w":0.7}},{"type":"Feature","geometry":{"type":"LineString","coordinates":[[108.217789,16.055681],[108.217769,16.056077]]},"properties":{"h":"residential","w":0.7}},{"type":"Feature","geometry":{"type":"LineString","coordinates":[[108.209698,16.047349],[108.209592,16.048148]]},"properties":{"h":"primary","w":1.8}},{"type":"Feature","geometry":{"type":"LineString","coordinates":[[108.209698,16.047349],[108.209851,16.04736],[108.209878,16.047346],[108.210028,16.046883],[108.210091,16.046758],[108.210564,16.046181]]},"properties":{"h":"residential","w":0.7}},{"type":"Feature","geometry":{"type":"LineString","coordinates":[[108.210564,16.046181],[108.210374,16.046011]]},"properties":{"h":"secondary","w":1.3}},{"type":"Feature","geometry":{"type":"LineString","coordinates":[[108.210564,16.046181],[108.212599,16.048031]]},"properties":{"h":"secondary","w":1.3}},{"type":"Feature","geometry":{"type":"LineString","coordinates":[[108.210564,16.046181],[108.210091,16.046758],[108.210028,16.046883],[108.209878,16.047346],[108.209851,16.04736],[108.209698,16.047349]]},"properties":{"h":"residential","w":0.7}},{"type":"Feature","geometry":{"type":"LineString","coordinates":[[108.209923,16.044279],[108.20995,16.043997]]},"properties":{"h":"primary","w":1.8}},{"type":"Feature","geometry":{"type":"LineString","coordinates":[[108.209923,16.044279],[108.209565,16.044255]]},"properties":{"h":"residential","w":0.7}},{"type":"Feature","geometry":{"type":"LineString","coordinates":[[108.208907,16.049865],[108.208991,16.04986],[108.209067,16.049829],[108.209253,16.049646]]},"properties":{"h":"primary_link","w":1.0}},{"type":"Feature","geometry":{"type":"LineString","coordinates":[[108.208907,16.049865],[108.209054,16.050026],[108.209127,16.050164]]},"properties":{"h":"residential","w":0.7}},{"type":"Feature","geometry":{"type":"LineString","coordinates":[[108.203271,16.060688],[108.202368,16.060556],[108.202287,16.060478],[108.202319,16.060135],[108.20248,16.059012]]},"properties":{"h":"residential","w":0.7}},{"type":"Feature","geometry":{"type":"LineString","coordinates":[[108.203271,16.060688],[108.203502,16.059163]]},"properties":{"h":"residential","w":0.7}},{"type":"Feature","geometry":{"type":"LineString","coordinates":[[108.203271,16.060688],[108.203478,16.060732],[108.203711,16.060874]]},"properties":{"h":"residential","w":0.7}},{"type":"Feature","geometry":{"type":"LineString","coordinates":[[108.203502,16.059163],[108.20248,16.059012]]},"properties":{"h":"residential","w":0.7}},{"type":"Feature","geometry":{"type":"LineString","coordinates":[[108.203502,16.059163],[108.203271,16.060688]]},"properties":{"h":"residential","w":0.7}},{"type":"Feature","geometry":{"type":"LineString","coordinates":[[108.203502,16.059163],[108.203646,16.058064]]},"properties":{"h":"residential","w":0.7}},{"type":"Feature","geometry":{"type":"LineString","coordinates":[[108.203646,16.058064],[108.203615,16.058059]]},"properties":{"h":"tertiary","w":0.8}},{"type":"Feature","geometry":{"type":"LineString","coordinates":[[108.203646,16.058064],[108.203502,16.059163]]},"properties":{"h":"residential","w":0.7}},{"type":"Feature","geometry":{"type":"LineString","coordinates":[[108.20384,16.055722],[108.204016,16.055744]]},"properties":{"h":"tertiary","w":0.8}},{"type":"Feature","geometry":{"type":"LineString","coordinates":[[108.20384,16.055722],[108.203785,16.055686]]},"properties":{"h":"tertiary","w":0.8}},{"type":"Feature","geometry":{"type":"LineString","coordinates":[[108.222949,16.064965],[108.222886,16.064448]]},"properties":{"h":"residential","w":0.7}},{"type":"Feature","geometry":{"type":"LineString","coordinates":[[108.222949,16.064965],[108.222371,16.065034]]},"properties":{"h":"residential","w":0.7}},{"type":"Feature","geometry":{"type":"LineString","coordinates":[[108.222949,16.064965],[108.223505,16.064906]]},"properties":{"h":"residential","w":0.7}},{"type":"Feature","geometry":{"type":"LineString","coordinates":[[108.222874,16.064352],[108.222886,16.064448]]},"properties":{"h":"residential","w":0.7}},{"type":"Feature","geometry":{"type":"LineString","coordinates":[[108.206125,16.052907],[108.206215,16.052314]]},"properties":{"h":"residential","w":0.7}},{"type":"Feature","geometry":{"type":"LineString","coordinates":[[108.206125,16.052907],[108.206078,16.05322],[108.205624,16.053176]]},"properties":{"h":"residential","w":0.7}},{"type":"Feature","geometry":{"type":"LineString","coordinates":[[108.206125,16.052907],[108.205783,16.052855],[108.205808,16.052731]]},"properties":{"h":"residential","w":0.7}},{"type":"Feature","geometry":{"type":"LineString","coordinates":[[108.205687,16.052714],[108.205656,16.052941]]},"properties":{"h":"residential","w":0.7}},{"type":"Feature","geometry":{"type":"LineString","coordinates":[[108.205687,16.052714],[108.205808,16.052731]]},"properties":{"h":"residential","w":0.7}},{"type":"Feature","geometry":{"type":"LineString","coordinates":[[108.205687,16.052714],[108.204627,16.052532]]},"properties":{"h":"residential","w":0.7}},{"type":"Feature","geometry":{"type":"LineString","coordinates":[[108.208001,16.052406],[108.208035,16.052108]]},"properties":{"h":"residential","w":0.7}},{"type":"Feature","geometry":{"type":"LineString","coordinates":[[108.208001,16.052406],[108.207995,16.05245]]},"properties":{"h":"residential","w":0.7}},{"type":"Feature","geometry":{"type":"LineString","coordinates":[[108.208001,16.052406],[108.207712,16.05237],[108.207634,16.052446],[108.207572,16.052465],[108.207304,16.052442]]},"properties":{"h":"residential","w":0.7}},{"type":"Feature","geometry":{"type":"LineString","coordinates":[[108.207304,16.052442],[108.207572,16.052465],[108.207634,16.052446],[108.207712,16.05237],[108.208001,16.052406]]},"properties":{"h":"residential","w":0.7}},{"type":"Feature","geometry":{"type":"LineString","coordinates":[[108.207995,16.05245],[108.208457,16.052513]]},"properties":{"h":"residential","w":0.7}},{"type":"Feature","geometry":{"type":"LineString","coordinates":[[108.207995,16.05245],[108.208001,16.052406]]},"properties":{"h":"residential","w":0.7}},{"type":"Feature","geometry":{"type":"LineString","coordinates":[[108.207995,16.05245],[108.207975,16.052607]]},"properties":{"h":"residential","w":0.7}},{"type":"Feature","geometry":{"type":"LineString","coordinates":[[108.208789,16.054298],[108.208701,16.054791],[108.20858,16.055181],[108.208493,16.055367],[108.208307,16.055644]]},"properties":{"h":"primary","w":1.8}},{"type":"Feature","geometry":{"type":"LineString","coordinates":[[108.208518,16.052027],[108.208457,16.052513]]},"properties":{"h":"residential","w":0.7}},{"type":"Feature","geometry":{"type":"LineString","coordinates":[[108.208457,16.052513],[108.207995,16.05245]]},"properties":{"h":"residential","w":0.7}},{"type":"Feature","geometry":{"type":"LineString","coordinates":[[108.208457,16.052513],[108.208518,16.052027]]},"properties":{"h":"residential","w":0.7}},{"type":"Feature","geometry":{"type":"LineString","coordinates":[[108.208457,16.052513],[108.208893,16.05258]]},"properties":{"h":"residential","w":0.7}},{"type":"Feature","geometry":{"type":"LineString","coordinates":[[108.217988,16.063211],[108.218006,16.063275],[108.218211,16.063595],[108.218639,16.064213]]},"properties":{"h":"tertiary","w":0.8}},{"type":"Feature","geometry":{"type":"LineString","coordinates":[[108.217988,16.063211],[108.217589,16.063275],[108.21718,16.063304]]},"properties":{"h":"residential","w":0.7}},{"type":"Feature","geometry":{"type":"LineString","coordinates":[[108.21718,16.063304],[108.217589,16.063275],[108.217988,16.063211]]},"properties":{"h":"residential","w":0.7}},{"type":"Feature","geometry":{"type":"LineString","coordinates":[[108.220091,16.041317],[108.220867,16.041401]]},"properties":{"h":"residential","w":0.7}},{"type":"Feature","geometry":{"type":"LineString","coordinates":[[108.220091,16.041317],[108.218479,16.041141]]},"properties":{"h":"residential","w":0.7}},{"type":"Feature","geometry":{"type":"LineString","coordinates":[[108.220091,16.041317],[108.220051,16.041584]]},"properties":{"h":"residential","w":0.7}},{"type":"Feature","geometry":{"type":"LineString","coordinates":[[108.209968,16.053186],[108.210015,16.052898],[108.210082,16.052722]]},"properties":{"h":"tertiary","w":0.8}},{"type":"Feature","geometry":{"type":"LineString","coordinates":[[108.211393,16.053753],[108.210472,16.052442]]},"properties":{"h":"secondary","w":1.3}},{"type":"Feature","geometry":{"type":"LineString","coordinates":[[108.211393,16.053753],[108.211869,16.054462]]},"properties":{"h":"secondary","w":1.3}},{"type":"Feature","geometry":{"type":"LineString","coordinates":[[108.216725,16.052875],[108.216715,16.052929]]},"properties":{"h":"residential","w":0.7}},{"type":"Feature","geometry":{"type":"LineString","coordinates":[[108.216725,16.052875],[108.217234,16.053006],[108.217636,16.053072]]},"properties":{"h":"residential","w":0.7}},{"type":"Feature","geometry":{"type":"LineString","coordinates":[[108.216725,16.052875],[108.216891,16.052019],[108.216987,16.051875]]},"properties":{"h":"residential","w":0.7}},{"type":"Feature","geometry":{"type":"LineString","coordinates":[[108.215568,16.052717],[108.215734,16.052753]]},"properties":{"h":"residential","w":0.7}},{"type":"Feature","geometry":{"type":"LineString","coordinates":[[108.215568,16.052717],[108.215431,16.053518],[108.215415,16.053852],[108.214973,16.053881],[108.214541,16.053833],[108.214516,16.05382],[108.21449,16.053593],[108.214144,16.053614],[108.213722,16.053604]]},"properties":{"h":"residential","w":0.7}},{"type":"Feature","geometry":{"type":"LineString","coordinates":[[108.215568,16.052717],[108.215632,16.052254]]},"properties":{"h":"residential","w":0.7}},{"type":"Feature","geometry":{"type":"LineString","coordinates":[[108.215568,16.052717],[108.215265,16.052717],[108.215056,16.052689],[108.214605,16.052573]]},"properties":{"h":"residential","w":0.7}},{"type":"Feature","geometry":{"type":"LineString","coordinates":[[108.215734,16.052753],[108.215568,16.052717]]},"properties":{"h":"residential","w":0.7}},{"type":"Feature","geometry":{"type":"LineString","coordinates":[[108.215721,16.052815],[108.215749,16.052835],[108.215902,16.05286],[108.216282,16.0529]]},"properties":{"h":"residential","w":0.7}},{"type":"Feature","geometry":{"type":"LineString","coordinates":[[108.213577,16.037758],[108.214053,16.037795]]},"properties":{"h":"residential","w":0.7}},{"type":"Feature","geometry":{"type":"LineString","coordinates":[[108.213577,16.037758],[108.213734,16.036599]]},"properties":{"h":"residential","w":0.7}},{"type":"Feature","geometry":{"type":"LineString","coordinates":[[108.213577,16.037758],[108.213526,16.03813]]},"properties":{"h":"residential","w":0.7}},{"type":"Feature","geometry":{"type":"LineString","coordinates":[[108.223733,16.051361],[108.222826,16.051353]]},"properties":{"h":"residential","w":0.7}},{"type":"Feature","geometry":{"type":"LineString","coordinates":[[108.223733,16.051361],[108.223718,16.052224]]},"properties":{"h":"primary","w":1.8}},{"type":"Feature","geometry":{"type":"LineString","coordinates":[[108.223688,16.053102],[108.222734,16.053084]]},"properties":{"h":"residential","w":0.7}},{"type":"Feature","geometry":{"type":"LineString","coordinates":[[108.223688,16.053102],[108.223669,16.05358]]},"properties":{"h":"primary","w":1.8}},{"type":"Feature","geometry":{"type":"LineString","coordinates":[[108.223143,16.057561],[108.223794,16.057389]]},"properties":{"h":"residential","w":0.7}},{"type":"Feature","geometry":{"type":"LineString","coordinates":[[108.223143,16.057561],[108.222766,16.057677],[108.222596,16.057753]]},"properties":{"h":"residential","w":0.7}},{"type":"Feature","geometry":{"type":"LineString","coordinates":[[108.223143,16.057561],[108.22296,16.056895],[108.222899,16.056431],[108.222847,16.055463]]},"properties":{"h":"residential","w":0.7}},{"type":"Feature","geometry":{"type":"LineString","coordinates":[[108.222847,16.055463],[108.223651,16.055418]]},"properties":{"h":"residential","w":0.7}},{"type":"Feature","geometry":{"type":"LineString","coordinates":[[108.222847,16.055463],[108.222251,16.055491]]},"properties":{"h":"residential","w":0.7}},{"type":"Feature","geometry":{"type":"LineString","coordinates":[[108.222847,16.055463],[108.222899,16.056431],[108.22296,16.056895],[108.223143,16.057561]]},"properties":{"h":"residential","w":0.7}},{"type":"Feature","geometry":{"type":"LineString","coordinates":[[108.222847,16.055463],[108.222742,16.054033]]},"properties":{"h":"residential","w":0.7}},{"type":"Feature","geometry":{"type":"LineString","coordinates":[[108.222742,16.054033],[108.223293,16.054048]]},"properties":{"h":"tertiary","w":0.8}},{"type":"Feature","geometry":{"type":"LineString","coordinates":[[108.222742,16.054033],[108.222723,16.053389],[108.222734,16.053084]]},"properties":{"h":"residential","w":0.7}},{"type":"Feature","geometry":{"type":"LineString","coordinates":[[108.222742,16.054033],[108.222175,16.054025]]},"properties":{"h":"tertiary","w":0.8}},{"type":"Feature","geometry":{"type":"LineString","coordinates":[[108.222742,16.054033],[108.222847,16.055463]]},"properties":{"h":"residential","w":0.7}},{"type":"Feature","geometry":{"type":"LineString","coordinates":[[108.222758,16.052224],[108.222734,16.053084]]},"properties":{"h":"residential","w":0.7}},{"type":"Feature","geometry":{"type":"LineString","coordinates":[[108.222758,16.052224],[108.223718,16.052224]]},"properties":{"h":"residential","w":0.7}},{"type":"Feature","geometry":{"type":"LineString","coordinates":[[108.222758,16.052224],[108.222826,16.051353]]},"properties":{"h":"residential","w":0.7}},{"type":"Feature","geometry":{"type":"LineString","coordinates":[[108.222758,16.052224],[108.222223,16.052225]]},"properties":{"h":"residential","w":0.7}},{"type":"Feature","geometry":{"type":"LineString","coordinates":[[108.222826,16.051353],[108.223733,16.051361]]},"properties":{"h":"residential","w":0.7}},{"type":"Feature","geometry":{"type":"LineString","coordinates":[[108.222826,16.051353],[108.222758,16.052224]]},"properties":{"h":"residential","w":0.7}},{"type":"Feature","geometry":{"type":"LineString","coordinates":[[108.222826,16.051353],[108.222875,16.050425]]},"properties":{"h":"residential","w":0.7}},{"type":"Feature","geometry":{"type":"LineString","coordinates":[[108.222875,16.050425],[108.22237,16.050422]]},"properties":{"h":"residential","w":0.7}},{"type":"Feature","geometry":{"type":"LineString","coordinates":[[108.222875,16.050425],[108.222826,16.051353]]},"properties":{"h":"residential","w":0.7}},{"type":"Feature","geometry":{"type":"LineString","coordinates":[[108.222875,16.050425],[108.223761,16.050438]]},"properties":{"h":"residential","w":0.7}},{"type":"Feature","geometry":{"type":"LineString","coordinates":[[108.223669,16.05358],[108.223646,16.054446]]},"properties":{"h":"primary","w":1.8}},{"type":"Feature","geometry":{"type":"LineString","coordinates":[[108.223761,16.050438],[108.222875,16.050425]]},"properties":{"h":"residential","w":0.7}},{"type":"Feature","geometry":{"type":"LineString","coordinates":[[108.223761,16.050438],[108.223733,16.051361]]},"properties":{"h":"primary","w":1.8}},{"type":"Feature","geometry":{"type":"LineString","coordinates":[[108.22237,16.050422],[108.222875,16.050425]]},"properties":{"h":"residential","w":0.7}},{"type":"Feature","geometry":{"type":"LineString","coordinates":[[108.22237,16.050422],[108.222295,16.051628],[108.222237,16.05195]]},"properties":{"h":"primary","w":1.8}},{"type":"Feature","geometry":{"type":"LineString","coordinates":[[108.223718,16.052224],[108.222758,16.052224]]},"properties":{"h":"residential","w":0.7}},{"type":"Feature","geometry":{"type":"LineString","coordinates":[[108.223718,16.052224],[108.223688,16.053102]]},"properties":{"h":"primary","w":1.8}},{"type":"Feature","geometry":{"type":"LineString","coordinates":[[108.222223,16.052225],[108.222758,16.052224]]},"properties":{"h":"residential","w":0.7}},{"type":"Feature","geometry":{"type":"LineString","coordinates":[[108.222223,16.052225],[108.222154,16.053444],[108.222175,16.054025]]},"properties":{"h":"primary","w":1.8}},{"type":"Feature","geometry":{"type":"LineString","coordinates":[[108.223794,16.057389],[108.223933,16.059575],[108.223942,16.060092]]},"properties":{"h":"primary","w":1.8}},{"type":"Feature","geometry":{"type":"LineString","coordinates":[[108.223794,16.057389],[108.223143,16.057561]]},"properties":{"h":"residential","w":0.7}},{"type":"Feature","geometry":{"type":"LineString","coordinates":[[108.223646,16.054446],[108.223651,16.055418]]},"properties":{"h":"primary","w":1.8}},{"type":"Feature","geometry":{"type":"LineString","coordinates":[[108.223646,16.054446],[108.223567,16.054421],[108.22343,16.054332],[108.223334,16.054202],[108.223293,16.054048]]},"properties":{"h":"tertiary","w":0.8}},{"type":"Feature","geometry":{"type":"LineString","coordinates":[[108.223293,16.054048],[108.222742,16.054033]]},"properties":{"h":"tertiary","w":0.8}},{"type":"Feature","geometry":{"type":"LineString","coordinates":[[108.223293,16.054048],[108.223319,16.053866],[108.223419,16.053709],[108.223492,16.053649],[108.223669,16.05358]]},"properties":{"h":"tertiary","w":0.8}},{"type":"Feature","geometry":{"type":"LineString","coordinates":[[108.222175,16.054025],[108.222067,16.054024]]},"properties":{"h":"tertiary","w":0.8}},{"type":"Feature","geometry":{"type":"LineString","coordinates":[[108.222175,16.054025],[108.222742,16.054033]]},"properties":{"h":"tertiary","w":0.8}},{"type":"Feature","geometry":{"type":"LineString","coordinates":[[108.222175,16.054025],[108.222251,16.055491]]},"properties":{"h":"primary","w":1.8}},{"type":"Feature","geometry":{"type":"LineString","coordinates":[[108.21901,16.025166],[108.220754,16.026031]]},"properties":{"h":"trunk","w":2.2}},{"type":"Feature","geometry":{"type":"LineString","coordinates":[[108.21901,16.025166],[108.21939,16.024511],[108.219591,16.024207],[108.22048,16.023508]]},"properties":{"h":"residential","w":0.7}},{"type":"Feature","geometry":{"type":"LineString","coordinates":[[108.229998,16.0368],[108.229766,16.036783]]},"properties":{"h":"residential","w":0.7}},{"type":"Feature","geometry":{"type":"LineString","coordinates":[[108.229998,16.0368],[108.230115,16.035855]]},"properties":{"h":"residential","w":0.7}},{"type":"Feature","geometry":{"type":"LineString","coordinates":[[108.229998,16.0368],[108.230559,16.036849],[108.230677,16.035907]]},"properties":{"h":"residential","w":0.7}},{"type":"Feature","geometry":{"type":"LineString","coordinates":[[108.230677,16.035907],[108.230777,16.035207]]},"properties":{"h":"residential","w":0.7}},{"type":"Feature","geometry":{"type":"LineString","coordinates":[[108.230677,16.035907],[108.232995,16.036185]]},"properties":{"h":"residential","w":0.7}},{"type":"Feature","geometry":{"type":"LineString","coordinates":[[108.230677,16.035907],[108.230115,16.035855]]},"properties":{"h":"residential","w":0.7}},{"type":"Feature","geometry":{"type":"LineString","coordinates":[[108.230677,16.035907],[108.230559,16.036849],[108.229998,16.0368]]},"properties":{"h":"residential","w":0.7}},{"type":"Feature","geometry":{"type":"LineString","coordinates":[[108.230852,16.03462],[108.229666,16.034351]]},"properties":{"h":"tertiary","w":0.8}},{"type":"Feature","geometry":{"type":"LineString","coordinates":[[108.230852,16.03462],[108.233104,16.035123]]},"properties":{"h":"tertiary","w":0.8}},{"type":"Feature","geometry":{"type":"LineString","coordinates":[[108.230852,16.03462],[108.230777,16.035207]]},"properties":{"h":"residential","w":0.7}},{"type":"Feature","geometry":{"type":"LineString","coordinates":[[108.230777,16.035207],[108.230852,16.03462]]},"properties":{"h":"residential","w":0.7}},{"type":"Feature","geometry":{"type":"LineString","coordinates":[[108.230777,16.035207],[108.230677,16.035907]]},"properties":{"h":"residential","w":0.7}},{"type":"Feature","geometry":{"type":"LineString","coordinates":[[108.230777,16.035207],[108.233032,16.035689]]},"properties":{"h":"residential","w":0.7}},{"type":"Feature","geometry":{"type":"LineString","coordinates":[[108.230777,16.035207],[108.230213,16.035085]]},"properties":{"h":"residential","w":0.7}},{"type":"Feature","geometry":{"type":"LineString","coordinates":[[108.230213,16.035085],[108.230115,16.035855]]},"properties":{"h":"residential","w":0.7}},{"type":"Feature","geometry":{"type":"LineString","coordinates":[[108.230213,16.035085],[108.230777,16.035207]]},"properties":{"h":"residential","w":0.7}},{"type":"Feature","geometry":{"type":"LineString","coordinates":[[108.230213,16.035085],[108.229586,16.034971]]},"properties":{"h":"residential","w":0.7}},{"type":"Feature","geometry":{"type":"LineString","coordinates":[[108.229666,16.034351],[108.230852,16.03462]]},"properties":{"h":"tertiary","w":0.8}},{"type":"Feature","geometry":{"type":"LineString","coordinates":[[108.229666,16.034351],[108.229586,16.034971]]},"properties":{"h":"residential","w":0.7}},{"type":"Feature","geometry":{"type":"LineString","coordinates":[[108.229666,16.034351],[108.228851,16.034162]]},"properties":{"h":"tertiary","w":0.8}},{"type":"Feature","geometry":{"type":"LineString","coordinates":[[108.229586,16.034971],[108.229666,16.034351]]},"properties":{"h":"residential","w":0.7}},{"type":"Feature","geometry":{"type":"LineString","coordinates":[[108.229586,16.034971],[108.229484,16.035778]]},"properties":{"h":"residential","w":0.7}},{"type":"Feature","geometry":{"type":"LineString","coordinates":[[108.229586,16.034971],[108.230213,16.035085]]},"properties":{"h":"residential","w":0.7}},{"type":"Feature","geometry":{"type":"LineString","coordinates":[[108.229484,16.035778],[108.229586,16.034971]]},"properties":{"h":"residential","w":0.7}},{"type":"Feature","geometry":{"type":"LineString","coordinates":[[108.229484,16.035778],[108.229353,16.036743]]},"properties":{"h":"residential","w":0.7}},{"type":"Feature","geometry":{"type":"LineString","coordinates":[[108.229484,16.035778],[108.230115,16.035855]]},"properties":{"h":"residential","w":0.7}},{"type":"Feature","geometry":{"type":"LineString","coordinates":[[108.229484,16.035778],[108.22866,16.035685]]},"properties":{"h":"residential","w":0.7}},{"type":"Feature","geometry":{"type":"LineString","coordinates":[[108.233861,16.037736],[108.232809,16.037614]]},"properties":{"h":"residential","w":0.7}},{"type":"Feature","geometry":{"type":"LineString","coordinates":[[108.233861,16.037736],[108.234109,16.036313]]},"properties":{"h":"tertiary","w":0.8}},{"type":"Feature","geometry":{"type":"LineString","coordinates":[[108.233861,16.037736],[108.233815,16.038245],[108.23369,16.03864],[108.233373,16.039421]]},"properties":{"h":"tertiary","w":0.8}},{"type":"Feature","geometry":{"type":"LineString","coordinates":[[108.22179,16.062143],[108.221752,16.062005]]},"properties":{"h":"residential","w":0.7}},{"type":"Feature","geometry":{"type":"LineString","coordinates":[[108.22179,16.062143],[108.221843,16.062332]]},"properties":{"h":"residential","w":0.7}},{"type":"Feature","geometry":{"type":"LineString","coordinates":[[108.22179,16.062143],[108.221099,16.062202],[108.221088,16.06213],[108.220837,16.062178]]},"properties":{"h":"residential","w":0.7}},{"type":"Feature","geometry":{"type":"LineString","coordinates":[[108.223554,16.081727],[108.223336,16.081667]]},"properties":{"h":"residential","w":0.7}},{"type":"Feature","geometry":{"type":"LineString","coordinates":[[108.223554,16.081727],[108.223461,16.082692]]},"properties":{"h":"tertiary","w":0.8}},{"type":"Feature","geometry":{"type":"LineString","coordinates":[[108.208165,16.051577],[108.208987,16.0518]]},"properties":{"h":"residential","w":0.7}},{"type":"Feature","geometry":{"type":"LineString","coordinates":[[108.208165,16.051577],[108.20821,16.051364]]},"properties":{"h":"residential","w":0.7}},{"type":"Feature","geometry":{"type":"LineString","coordinates":[[108.208165,16.051577],[108.208131,16.051578],[108.208116,16.051601],[108.208098,16.05173]]},"properties":{"h":"residential","w":0.7}},{"type":"Feature","geometry":{"type":"LineString","coordinates":[[108.209332,16.050206],[108.209411,16.050266]]},"properties":{"h":"primary","w":1.8}},{"type":"Feature","geometry":{"type":"LineString","coordinates":[[108.209411,16.050266],[108.209551,16.050162],[108.209835,16.050013]]},"properties":{"h":"primary","w":1.8}},{"type":"Feature","geometry":{"type":"LineString","coordinates":[[108.209411,16.050266],[108.20949,16.050404],[108.209493,16.050561]]},"properties":{"h":"primary","w":1.8}},{"type":"Feature","geometry":{"type":"LineString","coordinates":[[108.20897,16.050757],[108.208813,16.050863],[108.208556,16.050965]]},"properties":{"h":"tertiary","w":0.8}},{"type":"Feature","geometry":{"type":"LineString","coordinates":[[108.20897,16.050757],[108.208865,16.050644],[108.208835,16.050574],[108.208831,16.050422]]},"properties":{"h":"primary","w":1.8}},{"type":"Feature","geometry":{"type":"LineString","coordinates":[[108.232911,16.03253],[108.232985,16.032932]]},"properties":{"h":"residential","w":0.7}},{"type":"Feature","geometry":{"type":"LineString","coordinates":[[108.232911,16.03253],[108.231882,16.032313]]},"properties":{"h":"residential","w":0.7}},{"type":"Feature","geometry":{"type":"LineString","coordinates":[[108.232911,16.03253],[108.232801,16.032063]]},"properties":{"h":"residential","w":0.7}},{"type":"Feature","geometry":{"type":"LineString","coordinates":[[108.233236,16.033989],[108.233408,16.034619]]},"properties":{"h":"residential","w":0.7}},{"type":"Feature","geometry":{"type":"LineString","coordinates":[[108.233236,16.033989],[108.233123,16.033528]]},"properties":{"h":"residential","w":0.7}},{"type":"Feature","geometry":{"type":"LineString","coordinates":[[108.233236,16.033989],[108.231587,16.033653]]},"properties":{"h":"residential","w":0.7}},{"type":"Feature","geometry":{"type":"LineString","coordinates":[[108.233123,16.033528],[108.233236,16.033989]]},"properties":{"h":"residential","w":0.7}},{"type":"Feature","geometry":{"type":"LineString","coordinates":[[108.233123,16.033528],[108.233003,16.033031]]},"properties":{"h":"residential","w":0.7}},{"type":"Feature","geometry":{"type":"LineString","coordinates":[[108.233123,16.033528],[108.231682,16.033199]]},"properties":{"h":"residential","w":0.7}},{"type":"Feature","geometry":{"type":"LineString","coordinates":[[108.211119,16.050769],[108.210701,16.051026]]},"properties":{"h":"residential","w":0.7}},{"type":"Feature","geometry":{"type":"LineString","coordinates":[[108.211119,16.050769],[108.211403,16.050583]]},"properties":{"h":"residential","w":0.7}},{"type":"Feature","geometry":{"type":"LineString","coordinates":[[108.211119,16.050769],[108.211387,16.051183]]},"properties":{"h":"residential","w":0.7}},{"type":"Feature","geometry":{"type":"LineString","coordinates":[[108.211387,16.051183],[108.211119,16.050769]]},"properties":{"h":"residential","w":0.7}},{"type":"Feature","geometry":{"type":"LineString","coordinates":[[108.211403,16.050583],[108.211119,16.050769]]},"properties":{"h":"residential","w":0.7}},{"type":"Feature","geometry":{"type":"LineString","coordinates":[[108.225107,16.028841],[108.224788,16.028589]]},"properties":{"h":"residential","w":0.7}},{"type":"Feature","geometry":{"type":"LineString","coordinates":[[108.223721,16.027687],[108.223941,16.027461]]},"properties":{"h":"residential","w":0.7}},{"type":"Feature","geometry":{"type":"LineString","coordinates":[[108.223721,16.027687],[108.223631,16.027773],[108.223581,16.027771],[108.222995,16.027332],[108.222771,16.027119],[108.221939,16.026167],[108.221914,16.026122],[108.221921,16.026087],[108.222266,16.025798]]},"properties":{"h":"residential","w":0.7}},{"type":"Feature","geometry":{"type":"LineString","coordinates":[[108.223721,16.027687],[108.224659,16.028483]]},"properties":{"h":"residential","w":0.7}},{"type":"Feature","geometry":{"type":"LineString","coordinates":[[108.211731,16.078957],[108.21171,16.079068]]},"properties":{"h":"secondary","w":1.3}},{"type":"Feature","geometry":{"type":"LineString","coordinates":[[108.211731,16.078957],[108.211807,16.078456]]},"properties":{"h":"secondary","w":1.3}},{"type":"Feature","geometry":{"type":"LineString","coordinates":[[108.211731,16.078957],[108.211385,16.078834],[108.211324,16.078842],[108.211085,16.07924]]},"properties":{"h":"residential","w":0.7}},{"type":"Feature","geometry":{"type":"LineString","coordinates":[[108.213979,16.051045],[108.213984,16.050773],[108.214019,16.050704],[108.214174,16.050639],[108.215051,16.050172]]},"properties":{"h":"residential","w":0.7}},{"type":"Feature","geometry":{"type":"LineString","coordinates":[[108.218112,16.079876],[108.219232,16.080024]]},"properties":{"h":"tertiary","w":0.8}},{"type":"Feature","geometry":{"type":"LineString","coordinates":[[108.218112,16.079876],[108.218487,16.080423]]},"properties":{"h":"secondary","w":1.3}},{"type":"Feature","geometry":{"type":"LineString","coordinates":[[108.218112,16.079876],[108.217072,16.078336]]},"properties":{"h":"secondary","w":1.3}},{"type":"Feature","geometry":{"type":"LineString","coordinates":[[108.229057,16.033209],[108.229173,16.032693]]},"properties":{"h":"tertiary","w":0.8}},{"type":"Feature","geometry":{"type":"LineString","coordinates":[[108.229057,16.033209],[108.228944,16.033754]]},"properties":{"h":"tertiary","w":0.8}},{"type":"Feature","geometry":{"type":"LineString","coordinates":[[108.229057,16.033209],[108.231561,16.033719]]},"properties":{"h":"residential","w":0.7}},{"type":"Feature","geometry":{"type":"LineString","coordinates":[[108.2209,16.076509],[108.220968,16.076513],[108.220978,16.076493],[108.22109,16.07558]]},"properties":{"h":"residential","w":0.7}},{"type":"Feature","geometry":{"type":"LineString","coordinates":[[108.2209,16.076509],[108.220861,16.076755],[108.220892,16.076796],[108.220988,16.076825],[108.221009,16.076857],[108.220927,16.077402]]},"properties":{"h":"residential","w":0.7}},{"type":"Feature","geometry":{"type":"LineString","coordinates":[[108.2209,16.076509],[108.220434,16.076432]]},"properties":{"h":"residential","w":0.7}},{"type":"Feature","geometry":{"type":"LineString","coordinates":[[108.220434,16.076432],[108.220316,16.077326]]},"properties":{"h":"tertiary","w":0.8}},{"type":"Feature","geometry":{"type":"LineString","coordinates":[[108.220434,16.076432],[108.2209,16.076509]]},"properties":{"h":"residential","w":0.7}},{"type":"Feature","geometry":{"type":"LineString","coordinates":[[108.221624,16.052308],[108.222097,16.052351]]},"properties":{"h":"residential","w":0.7}},{"type":"Feature","geometry":{"type":"LineString","coordinates":[[108.221624,16.052308],[108.221662,16.051913],[108.222119,16.051947]]},"properties":{"h":"residential","w":0.7}},{"type":"Feature","geometry":{"type":"LineString","coordinates":[[108.221624,16.052308],[108.22151,16.05343],[108.221509,16.053562],[108.221556,16.053714]]},"properties":{"h":"residential","w":0.7}},{"type":"Feature","geometry":{"type":"LineString","coordinates":[[108.222097,16.052351],[108.221624,16.052308]]},"properties":{"h":"residential","w":0.7}},{"type":"Feature","geometry":{"type":"LineString","coordinates":[[108.222097,16.052351],[108.222119,16.051947]]},"properties":{"h":"primary","w":1.8}},{"type":"Feature","geometry":{"type":"LineString","coordinates":[[108.208582,16.048235],[108.208886,16.048628]]},"properties":{"h":"residential","w":0.7}},{"type":"Feature","geometry":{"type":"LineString","coordinates":[[108.208582,16.048235],[108.208893,16.048204]]},"properties":{"h":"residential","w":0.7}},{"type":"Feature","geometry":{"type":"LineString","coordinates":[[108.208582,16.048235],[108.208162,16.048307]]},"properties":{"h":"residential","w":0.7}},{"type":"Feature","geometry":{"type":"LineString","coordinates":[[108.215206,16.078452],[108.215077,16.078156],[108.214965,16.077675]]},"properties":{"h":"residential","w":0.7}},{"type":"Feature","geometry":{"type":"LineString","coordinates":[[108.214965,16.077675],[108.215089,16.077591]]},"properties":{"h":"residential","w":0.7}},{"type":"Feature","geometry":{"type":"LineString","coordinates":[[108.214965,16.077675],[108.214688,16.077862]]},"properties":{"h":"residential","w":0.7}},{"type":"Feature","geometry":{"type":"LineString","coordinates":[[108.214965,16.077675],[108.215077,16.078156],[108.215206,16.078452]]},"properties":{"h":"residential","w":0.7}},{"type":"Feature","geometry":{"type":"LineString","coordinates":[[108.223875,16.071733],[108.224032,16.071748]]},"properties":{"h":"primary","w":1.8}},{"type":"Feature","geometry":{"type":"LineString","coordinates":[[108.223875,16.071733],[108.223895,16.071562]]},"properties":{"h":"primary_link","w":1.0}},{"type":"Feature","geometry":{"type":"LineString","coordinates":[[108.212684,16.074261],[108.212591,16.0747]]},"properties":{"h":"secondary","w":1.3}},{"type":"Feature","geometry":{"type":"LineString","coordinates":[[108.212684,16.074261],[108.212715,16.074116]]},"properties":{"h":"secondary","w":1.3}},{"type":"Feature","geometry":{"type":"LineString","coordinates":[[108.212591,16.0747],[108.212684,16.074261]]},"properties":{"h":"secondary","w":1.3}},{"type":"Feature","geometry":{"type":"LineString","coordinates":[[108.212591,16.0747],[108.212267,16.076176]]},"properties":{"h":"secondary","w":1.3}},{"type":"Feature","geometry":{"type":"LineString","coordinates":[[108.213397,16.059194],[108.213363,16.059027]]},"properties":{"h":"tertiary","w":0.8}},{"type":"Feature","geometry":{"type":"LineString","coordinates":[[108.222507,16.073195],[108.222606,16.072736],[108.222701,16.071665]]},"properties":{"h":"residential","w":0.7}},{"type":"Feature","geometry":{"type":"LineString","coordinates":[[108.22185,16.073822],[108.222489,16.073905]]},"properties":{"h":"residential","w":0.7}},{"type":"Feature","geometry":{"type":"LineString","coordinates":[[108.222489,16.073905],[108.222512,16.073629]]},"properties":{"h":"residential","w":0.7}},{"type":"Feature","geometry":{"type":"LineString","coordinates":[[108.222489,16.073905],[108.22185,16.073822]]},"properties":{"h":"residential","w":0.7}},{"type":"Feature","geometry":{"type":"LineString","coordinates":[[108.222489,16.073905],[108.22248,16.074102],[108.222701,16.074163]]},"properties":{"h":"residential","w":0.7}},{"type":"Feature","geometry":{"type":"LineString","coordinates":[[108.222512,16.073629],[108.222489,16.073905]]},"properties":{"h":"residential","w":0.7}},{"type":"Feature","geometry":{"type":"LineString","coordinates":[[108.222512,16.073629],[108.222248,16.073587]]},"properties":{"h":"residential","w":0.7}},{"type":"Feature","geometry":{"type":"LineString","coordinates":[[108.222512,16.073629],[108.222796,16.073673]]},"properties":{"h":"residential","w":0.7}},{"type":"Feature","geometry":{"type":"LineString","coordinates":[[108.221952,16.074398],[108.221734,16.074375],[108.221567,16.075135]]},"properties":{"h":"residential","w":0.7}},{"type":"Feature","geometry":{"type":"LineString","coordinates":[[108.221567,16.075135],[108.221187,16.075061]]},"properties":{"h":"secondary","w":1.3}},{"type":"Feature","geometry":{"type":"LineString","coordinates":[[108.221567,16.075135],[108.221855,16.075193]]},"properties":{"h":"secondary","w":1.3}},{"type":"Feature","geometry":{"type":"LineString","coordinates":[[108.221567,16.075135],[108.221734,16.074375],[108.221952,16.074398]]},"properties":{"h":"residential","w":0.7}},{"type":"Feature","geometry":{"type":"LineString","coordinates":[[108.221149,16.073233],[108.220864,16.073207]]},"properties":{"h":"residential","w":0.7}},{"type":"Feature","geometry":{"type":"LineString","coordinates":[[108.220864,16.073207],[108.221149,16.073233]]},"properties":{"h":"residential","w":0.7}},{"type":"Feature","geometry":{"type":"LineString","coordinates":[[108.220864,16.073207],[108.22076,16.073981]]},"properties":{"h":"tertiary","w":0.8}},{"type":"Feature","geometry":{"type":"LineString","coordinates":[[108.219901,16.080108],[108.219873,16.080105]]},"properties":{"h":"tertiary","w":0.8}},{"type":"Feature","geometry":{"type":"LineString","coordinates":[[108.219901,16.080108],[108.22086,16.080228]]},"properties":{"h":"tertiary","w":0.8}},{"type":"Feature","geometry":{"type":"LineString","coordinates":[[108.220911,16.079331],[108.220839,16.079981],[108.22086,16.080228]]},"properties":{"h":"residential","w":0.7}},{"type":"Feature","geometry":{"type":"LineString","coordinates":[[108.22086,16.080228],[108.220839,16.079981],[108.220911,16.079331]]},"properties":{"h":"residential","w":0.7}},{"type":"Feature","geometry":{"type":"LineString","coordinates":[[108.22086,16.080228],[108.221389,16.080294]]},"properties":{"h":"tertiary","w":0.8}},{"type":"Feature","geometry":{"type":"LineString","coordinates":[[108.22086,16.080228],[108.219901,16.080108]]},"properties":{"h":"tertiary","w":0.8}},{"type":"Feature","geometry":{"type":"LineString","coordinates":[[108.219212,16.057191],[108.219149,16.057227],[108.218903,16.057297]]},"properties":{"h":"residential","w":0.7}},{"type":"Feature","geometry":{"type":"LineString","coordinates":[[108.218903,16.057297],[108.218861,16.057059]]},"properties":{"h":"tertiary","w":0.8}},{"type":"Feature","geometry":{"type":"LineString","coordinates":[[108.218903,16.057297],[108.219149,16.057227],[108.219212,16.057191]]},"properties":{"h":"residential","w":0.7}},{"type":"Feature","geometry":{"type":"LineString","coordinates":[[108.204988,16.058317],[108.205537,16.05848]]},"properties":{"h":"tertiary","w":0.8}},{"type":"Feature","geometry":{"type":"LineString","coordinates":[[108.204988,16.058317],[108.205179,16.057882],[108.205228,16.057731],[108.20536,16.056855],[108.205423,16.056596],[108.205519,16.056027]]},"properties":{"h":"unclassified","w":0.7}},{"type":"Feature","geometry":{"type":"LineString","coordinates":[[108.207827,16.055933],[108.208113,16.055668],[108.208227,16.055527],[108.208381,16.055262],[108.2085,16.054959],[108.208559,16.054764],[108.208626,16.054416],[108.208779,16.053251],[108.208893,16.05258]]},"properties":{"h":"primary","w":1.8}},{"type":"Feature","geometry":{"type":"LineString","coordinates":[[108.207827,16.055933],[108.207721,16.055812]]},"properties":{"h":"residential","w":0.7}},{"type":"Feature","geometry":{"type":"LineString","coordinates":[[108.207721,16.055812],[108.207827,16.055933]]},"properties":{"h":"residential","w":0.7}},{"type":"Feature","geometry":{"type":"LineString","coordinates":[[108.221363,16.05574],[108.221348,16.055533]]},"properties":{"h":"residential","w":0.7}},{"type":"Feature","geometry":{"type":"LineString","coordinates":[[108.221348,16.055533],[108.220807,16.05556]]},"properties":{"h":"residential","w":0.7}},{"type":"Feature","geometry":{"type":"LineString","coordinates":[[108.221348,16.055533],[108.222141,16.055495]]},"properties":{"h":"residential","w":0.7}},{"type":"Feature","geometry":{"type":"LineString","coordinates":[[108.221348,16.055533],[108.221363,16.05574]]},"properties":{"h":"residential","w":0.7}},{"type":"Feature","geometry":{"type":"LineString","coordinates":[[108.220311,16.057017],[108.219659,16.057042],[108.219457,16.057075]]},"properties":{"h":"residential","w":0.7}},{"type":"Feature","geometry":{"type":"LineString","coordinates":[[108.220311,16.057017],[108.220223,16.056526]]},"properties":{"h":"secondary","w":1.3}},{"type":"Feature","geometry":{"type":"LineString","coordinates":[[108.219457,16.057075],[108.219659,16.057042],[108.220311,16.057017]]},"properties":{"h":"residential","w":0.7}},{"type":"Feature","geometry":{"type":"LineString","coordinates":[[108.217859,16.056085],[108.217769,16.056077]]},"properties":{"h":"residential","w":0.7}},{"type":"Feature","geometry":{"type":"LineString","coordinates":[[108.217859,16.056085],[108.217836,16.056385]]},"properties":{"h":"residential","w":0.7}},{"type":"Feature","geometry":{"type":"LineString","coordinates":[[108.217859,16.056085],[108.217995,16.056108]]},"properties":{"h":"residential","w":0.7}},{"type":"Feature","geometry":{"type":"LineString","coordinates":[[108.218728,16.056155],[108.218728,16.056129]]},"properties":{"h":"tertiary","w":0.8}},{"type":"Feature","geometry":{"type":"LineString","coordinates":[[108.218728,16.056155],[108.217995,16.056108]]},"properties":{"h":"residential","w":0.7}},{"type":"Feature","geometry":{"type":"LineString","coordinates":[[108.213145,16.055519],[108.213072,16.055789],[108.213007,16.055909]]},"properties":{"h":"residential","w":0.7}},{"type":"Feature","geometry":{"type":"LineString","coordinates":[[108.213007,16.055909],[108.213274,16.055975]]},"properties":{"h":"residential","w":0.7}},{"type":"Feature","geometry":{"type":"LineString","coordinates":[[108.213007,16.055909],[108.212695,16.055842]]},"properties":{"h":"residential","w":0.7}},{"type":"Feature","geometry":{"type":"LineString","coordinates":[[108.213007,16.055909],[108.213072,16.055789],[108.213145,16.055519]]},"properties":{"h":"residential","w":0.7}},{"type":"Feature","geometry":{"type":"LineString","coordinates":[[108.212901,16.05534],[108.213365,16.055365]]},"properties":{"h":"residential","w":0.7}},{"type":"Feature","geometry":{"type":"LineString","coordinates":[[108.221909,16.048189],[108.221998,16.047382]]},"properties":{"h":"residential","w":0.7}},{"type":"Feature","geometry":{"type":"LineString","coordinates":[[108.221909,16.048189],[108.221474,16.048139]]},"properties":{"h":"residential","w":0.7}},{"type":"Feature","geometry":{"type":"LineString","coordinates":[[108.221909,16.048189],[108.222343,16.048254]]},"properties":{"h":"residential","w":0.7}},{"type":"Feature","geometry":{"type":"LineString","coordinates":[[108.206406,16.045685],[108.206576,16.045546]]},"properties":{"h":"residential","w":0.7}},{"type":"Feature","geometry":{"type":"LineString","coordinates":[[108.206406,16.045685],[108.206325,16.045752]]},"properties":{"h":"residential","w":0.7}},{"type":"Feature","geometry":{"type":"LineString","coordinates":[[108.206406,16.045685],[108.206342,16.045539],[108.206268,16.044969]]},"properties":{"h":"residential","w":0.7}},{"type":"Feature","geometry":{"type":"LineString","coordinates":[[108.207349,16.045866],[108.208551,16.04443]]},"properties":{"h":"residential","w":0.7}},{"type":"Feature","geometry":{"type":"LineString","coordinates":[[108.207053,16.047213],[108.2074,16.047708],[108.207853,16.048441]]},"properties":{"h":"residential","w":0.7}},{"type":"Feature","geometry":{"type":"LineString","coordinates":[[108.207053,16.047213],[108.206853,16.046941],[108.206856,16.046908],[108.20744,16.046529],[108.207468,16.046519],[108.207491,16.046533],[108.207684,16.046836]]},"properties":{"h":"residential","w":0.7}},{"type":"Feature","geometry":{"type":"LineString","coordinates":[[108.207053,16.047213],[108.207102,16.047207],[108.207356,16.047056]]},"properties":{"h":"residential","w":0.7}},{"type":"Feature","geometry":{"type":"LineString","coordinates":[[108.207684,16.046836],[108.207881,16.046668]]},"properties":{"h":"residential","w":0.7}},{"type":"Feature","geometry":{"type":"LineString","coordinates":[[108.207684,16.046836],[108.207631,16.046875]]},"properties":{"h":"residential","w":0.7}},{"type":"Feature","geometry":{"type":"LineString","coordinates":[[108.207684,16.046836],[108.207491,16.046533],[108.207468,16.046519],[108.20744,16.046529],[108.206856,16.046908],[108.206853,16.046941],[108.207053,16.047213]]},"properties":{"h":"residential","w":0.7}},{"type":"Feature","geometry":{"type":"LineString","coordinates":[[108.205445,16.044648],[108.205547,16.0448],[108.205684,16.044911],[108.206268,16.044969]]},"properties":{"h":"residential","w":0.7}},{"type":"Feature","geometry":{"type":"LineString","coordinates":[[108.213368,16.049774],[108.213626,16.049725]]},"properties":{"h":"residential","w":0.7}},{"type":"Feature","geometry":{"type":"LineString","coordinates":[[108.219234,16.053923],[108.219035,16.053745]]},"properties":{"h":"secondary","w":1.3}},{"type":"Feature","geometry":{"type":"LineString","coordinates":[[108.219234,16.053923],[108.219952,16.054571],[108.220091,16.054741]]},"properties":{"h":"secondary","w":1.3}},{"type":"Feature","geometry":{"type":"LineString","coordinates":[[108.209565,16.044255],[108.209923,16.044279]]},"properties":{"h":"residential","w":0.7}},{"type":"Feature","geometry":{"type":"LineString","coordinates":[[108.209565,16.044255],[108.209529,16.04428],[108.209143,16.044957]]},"properties":{"h":"residential","w":0.7}},{"type":"Feature","geometry":{"type":"LineString","coordinates":[[108.209565,16.044255],[108.209501,16.044186],[108.209301,16.044123]]},"properties":{"h":"residential","w":0.7}},{"type":"Feature","geometry":{"type":"LineString","coordinates":[[108.20906,16.047206],[108.208842,16.047098]]},"properties":{"h":"residential","w":0.7}},{"type":"Feature","geometry":{"type":"LineString","coordinates":[[108.208909,16.046975],[108.208842,16.047098]]},"properties":{"h":"residential","w":0.7}},{"type":"Feature","geometry":{"type":"LineString","coordinates":[[108.208909,16.046975],[108.208659,16.046858]]},"properties":{"h":"residential","w":0.7}},{"type":"Feature","geometry":{"type":"LineString","coordinates":[[108.208909,16.046975],[108.209207,16.046541],[108.209288,16.046462],[108.209351,16.046453],[108.209611,16.045902],[108.209751,16.045755]]},"properties":{"h":"residential","w":0.7}},{"type":"Feature","geometry":{"type":"LineString","coordinates":[[108.224088,16.047383],[108.224211,16.047408]]},"properties":{"h":"secondary_link","w":0.8}},{"type":"Feature","geometry":{"type":"LineString","coordinates":[[108.224088,16.047383],[108.224251,16.046116]]},"properties":{"h":"secondary","w":1.3}},{"type":"Feature","geometry":{"type":"LineString","coordinates":[[108.221666,16.047346],[108.221771,16.046457]]},"properties":{"h":"residential","w":0.7}},{"type":"Feature","geometry":{"type":"LineString","coordinates":[[108.221771,16.046457],[108.222097,16.046494]]},"properties":{"h":"secondary","w":1.3}},{"type":"Feature","geometry":{"type":"LineString","coordinates":[[108.221771,16.046457],[108.221666,16.047346]]},"properties":{"h":"residential","w":0.7}},{"type":"Feature","geometry":{"type":"LineString","coordinates":[[108.221771,16.046457],[108.221669,16.046445]]},"properties":{"h":"secondary","w":1.3}},{"type":"Feature","geometry":{"type":"LineString","coordinates":[[108.221773,16.047358],[108.221998,16.047382]]},"properties":{"h":"residential","w":0.7}},{"type":"Feature","geometry":{"type":"LineString","coordinates":[[108.206298,16.043784],[108.206456,16.043504]]},"properties":{"h":"residential","w":0.7}},{"type":"Feature","geometry":{"type":"LineString","coordinates":[[108.206298,16.043784],[108.206068,16.043724],[108.206002,16.04373],[108.205977,16.043765],[108.206056,16.044485]]},"properties":{"h":"residential","w":0.7}},{"type":"Feature","geometry":{"type":"LineString","coordinates":[[108.206298,16.043784],[108.206516,16.043902],[108.207073,16.044261]]},"properties":{"h":"residential","w":0.7}},{"type":"Feature","geometry":{"type":"LineString","coordinates":[[108.206456,16.043504],[108.206298,16.043784]]},"properties":{"h":"residential","w":0.7}},{"type":"Feature","geometry":{"type":"LineString","coordinates":[[108.206456,16.043504],[108.206214,16.043353],[108.205877,16.043225]]},"properties":{"h":"residential","w":0.7}},{"type":"Feature","geometry":{"type":"LineString","coordinates":[[108.206456,16.043504],[108.206603,16.043595],[108.206699,16.043615],[108.20679,16.043546],[108.207137,16.043168]]},"properties":{"h":"residential","w":0.7}},{"type":"Feature","geometry":{"type":"LineString","coordinates":[[108.205877,16.043225],[108.206214,16.043353],[108.206456,16.043504]]},"properties":{"h":"residential","w":0.7}},{"type":"Feature","geometry":{"type":"LineString","coordinates":[[108.207137,16.043168],[108.206339,16.042437]]},"properties":{"h":"residential","w":0.7}},{"type":"Feature","geometry":{"type":"LineString","coordinates":[[108.207137,16.043168],[108.207453,16.04346]]},"properties":{"h":"residential","w":0.7}},{"type":"Feature","geometry":{"type":"LineString","coordinates":[[108.207137,16.043168],[108.20679,16.043546],[108.206699,16.043615],[108.206603,16.043595],[108.206456,16.043504]]},"properties":{"h":"residential","w":0.7}},{"type":"Feature","geometry":{"type":"LineString","coordinates":[[108.205849,16.044546],[108.205785,16.044541],[108.205683,16.044405]]},"properties":{"h":"residential","w":0.7}},{"type":"Feature","geometry":{"type":"LineString","coordinates":[[108.205849,16.044546],[108.206056,16.044485]]},"properties":{"h":"residential","w":0.7}},{"type":"Feature","geometry":{"type":"LineString","coordinates":[[108.205849,16.044546],[108.205882,16.044641],[108.206241,16.044842],[108.206268,16.044969]]},"properties":{"h":"residential","w":0.7}},{"type":"Feature","geometry":{"type":"LineString","coordinates":[[108.205683,16.044405],[108.205785,16.044541],[108.205849,16.044546]]},"properties":{"h":"residential","w":0.7}},{"type":"Feature","geometry":{"type":"LineString","coordinates":[[108.20799,16.043923],[108.20822,16.044129]]},"properties":{"h":"residential","w":0.7}},{"type":"Feature","geometry":{"type":"LineString","coordinates":[[108.20799,16.043923],[108.207918,16.043872]]},"properties":{"h":"residential","w":0.7}},{"type":"Feature","geometry":{"type":"LineString","coordinates":[[108.20799,16.043923],[108.20759,16.04435],[108.207051,16.044707],[108.20699,16.044718],[108.206917,16.0447],[108.206736,16.044607]]},"properties":{"h":"residential","w":0.7}},{"type":"Feature","geometry":{"type":"LineString","coordinates":[[108.206735,16.040671],[108.206255,16.040753]]},"properties":{"h":"residential","w":0.7}},{"type":"Feature","geometry":{"type":"LineString","coordinates":[[108.206735,16.040671],[108.206647,16.040133],[108.2062,16.040159],[108.206178,16.04018],[108.206255,16.040753]]},"properties":{"h":"residential","w":0.7}},{"type":"Feature","geometry":{"type":"LineString","coordinates":[[108.206735,16.040671],[108.206796,16.041172],[108.206365,16.041282]]},"properties":{"h":"residential","w":0.7}},{"type":"Feature","geometry":{"type":"LineString","coordinates":[[108.205826,16.040839],[108.205756,16.040278]]},"properties":{"h":"residential","w":0.7}},{"type":"Feature","geometry":{"type":"LineString","coordinates":[[108.205826,16.040839],[108.206255,16.040753]]},"properties":{"h":"residential","w":0.7}},{"type":"Feature","geometry":{"type":"LineString","coordinates":[[108.205826,16.040839],[108.205911,16.041502],[108.205871,16.041616],[108.205946,16.04181],[108.205866,16.041991]]},"properties":{"h":"residential","w":0.7}},{"type":"Feature","geometry":{"type":"LineString","coordinates":[[108.206255,16.040753],[108.206365,16.041282]]},"properties":{"h":"residential","w":0.7}},{"type":"Feature","geometry":{"type":"LineString","coordinates":[[108.206255,16.040753],[108.206735,16.040671]]},"properties":{"h":"residential","w":0.7}},{"type":"Feature","geometry":{"type":"LineString","coordinates":[[108.206255,16.040753],[108.206178,16.04018],[108.2062,16.040159],[108.206647,16.040133],[108.206735,16.040671]]},"properties":{"h":"residential","w":0.7}},{"type":"Feature","geometry":{"type":"LineString","coordinates":[[108.206255,16.040753],[108.205826,16.040839]]},"properties":{"h":"residential","w":0.7}},{"type":"Feature","geometry":{"type":"LineString","coordinates":[[108.206365,16.041282],[108.206255,16.040753]]},"properties":{"h":"residential","w":0.7}},{"type":"Feature","geometry":{"type":"LineString","coordinates":[[108.206365,16.041282],[108.206466,16.041701],[108.206452,16.041781],[108.206602,16.042293]]},"properties":{"h":"residential","w":0.7}},{"type":"Feature","geometry":{"type":"LineString","coordinates":[[108.206365,16.041282],[108.206796,16.041172],[108.206735,16.040671]]},"properties":{"h":"residential","w":0.7}},{"type":"Feature","geometry":{"type":"LineString","coordinates":[[108.206602,16.042293],[108.206339,16.042437]]},"properties":{"h":"residential","w":0.7}},{"type":"Feature","geometry":{"type":"LineString","coordinates":[[108.206602,16.042293],[108.206452,16.041781],[108.206466,16.041701],[108.206365,16.041282]]},"properties":{"h":"residential","w":0.7}},{"type":"Feature","geometry":{"type":"LineString","coordinates":[[108.206602,16.042293],[108.206996,16.042091]]},"properties":{"h":"residential","w":0.7}},{"type":"Feature","geometry":{"type":"LineString","coordinates":[[108.206339,16.042437],[108.207137,16.043168]]},"properties":{"h":"residential","w":0.7}},{"type":"Feature","geometry":{"type":"LineString","coordinates":[[108.206339,16.042437],[108.206602,16.042293]]},"properties":{"h":"residential","w":0.7}},{"type":"Feature","geometry":{"type":"LineString","coordinates":[[108.206339,16.042437],[108.205866,16.041991]]},"properties":{"h":"residential","w":0.7}},{"type":"Feature","geometry":{"type":"LineString","coordinates":[[108.206996,16.042091],[108.206602,16.042293]]},"properties":{"h":"residential","w":0.7}},{"type":"Feature","geometry":{"type":"LineString","coordinates":[[108.217847,16.044941],[108.217799,16.045115]]},"properties":{"h":"residential","w":0.7}},{"type":"Feature","geometry":{"type":"LineString","coordinates":[[108.217847,16.044941],[108.217627,16.0449],[108.217589,16.044942],[108.217557,16.045024]]},"properties":{"h":"residential","w":0.7}},{"type":"Feature","geometry":{"type":"LineString","coordinates":[[108.217847,16.044941],[108.217964,16.044329],[108.217952,16.044298],[108.2179,16.044278],[108.217919,16.044193]]},"properties":{"h":"residential","w":0.7}},{"type":"Feature","geometry":{"type":"LineString","coordinates":[[108.217799,16.045115],[108.217847,16.044941]]},"properties":{"h":"residential","w":0.7}},{"type":"Feature","geometry":{"type":"LineString","coordinates":[[108.217799,16.045115],[108.217557,16.045024]]},"properties":{"h":"secondary","w":1.3}},{"type":"Feature","geometry":{"type":"LineString","coordinates":[[108.217799,16.045115],[108.218259,16.045325]]},"properties":{"h":"secondary","w":1.3}},{"type":"Feature","geometry":{"type":"LineString","coordinates":[[108.227748,16.045445],[108.227891,16.045949]]},"properties":{"h":"residential","w":0.7}},{"type":"Feature","geometry":{"type":"LineString","coordinates":[[108.205756,16.040278],[108.205826,16.040839]]},"properties":{"h":"residential","w":0.7}},{"type":"Feature","geometry":{"type":"LineString","coordinates":[[108.214032,16.042319],[108.214268,16.042333]]},"properties":{"h":"residential","w":0.7}},{"type":"Feature","geometry":{"type":"LineString","coordinates":[[108.214032,16.042319],[108.213927,16.043213]]},"properties":{"h":"residential","w":0.7}},{"type":"Feature","geometry":{"type":"LineString","coordinates":[[108.214032,16.042319],[108.214224,16.040677]]},"properties":{"h":"residential","w":0.7}},{"type":"Feature","geometry":{"type":"LineString","coordinates":[[108.213927,16.043213],[108.213397,16.043139]]},"properties":{"h":"residential","w":0.7}},{"type":"Feature","geometry":{"type":"LineString","coordinates":[[108.213927,16.043213],[108.213877,16.043643]]},"properties":{"h":"residential","w":0.7}},{"type":"Feature","geometry":{"type":"LineString","coordinates":[[108.213927,16.043213],[108.214032,16.042319]]},"properties":{"h":"residential","w":0.7}},{"type":"Feature","geometry":{"type":"LineString","coordinates":[[108.218906,16.089083],[108.218424,16.088808]]},"properties":{"h":"residential","w":0.7}},{"type":"Feature","geometry":{"type":"LineString","coordinates":[[108.218906,16.089083],[108.218793,16.089178],[108.218715,16.089205],[108.218558,16.089218],[108.217069,16.089151]]},"properties":{"h":"residential","w":0.7}},{"type":"Feature","geometry":{"type":"LineString","coordinates":[[108.218906,16.089083],[108.219292,16.088408]]},"properties":{"h":"residential","w":0.7}},{"type":"Feature","geometry":{"type":"LineString","coordinates":[[108.221774,16.085062],[108.221089,16.084602]]},"properties":{"h":"residential","w":0.7}},{"type":"Feature","geometry":{"type":"LineString","coordinates":[[108.221774,16.085062],[108.222348,16.083968]]},"properties":{"h":"residential","w":0.7}},{"type":"Feature","geometry":{"type":"LineString","coordinates":[[108.221774,16.085062],[108.221373,16.085801]]},"properties":{"h":"residential","w":0.7}},{"type":"Feature","geometry":{"type":"LineString","coordinates":[[108.222348,16.083968],[108.221717,16.083812]]},"properties":{"h":"residential","w":0.7}},{"type":"Feature","geometry":{"type":"LineString","coordinates":[[108.222348,16.083968],[108.22295,16.084142]]},"properties":{"h":"residential","w":0.7}},{"type":"Feature","geometry":{"type":"LineString","coordinates":[[108.222348,16.083968],[108.221774,16.085062]]},"properties":{"h":"residential","w":0.7}},{"type":"Feature","geometry":{"type":"LineString","coordinates":[[108.205866,16.041991],[108.20571,16.042654]]},"properties":{"h":"residential","w":0.7}},{"type":"Feature","geometry":{"type":"LineString","coordinates":[[108.205866,16.041991],[108.206339,16.042437]]},"properties":{"h":"residential","w":0.7}},{"type":"Feature","geometry":{"type":"LineString","coordinates":[[108.205866,16.041991],[108.205946,16.04181],[108.205871,16.041616],[108.205911,16.041502],[108.205826,16.040839]]},"properties":{"h":"residential","w":0.7}},{"type":"Feature","geometry":{"type":"LineString","coordinates":[[108.203162,16.055349],[108.203031,16.054818],[108.203083,16.054426]]},"properties":{"h":"tertiary","w":0.8}},{"type":"Feature","geometry":{"type":"LineString","coordinates":[[108.202821,16.057634],[108.202773,16.057575]]},"properties":{"h":"tertiary_link","w":0.6}},{"type":"Feature","geometry":{"type":"LineString","coordinates":[[108.202821,16.057634],[108.203162,16.055349]]},"properties":{"h":"tertiary","w":0.8}},{"type":"Feature","geometry":{"type":"LineString","coordinates":[[108.20248,16.059012],[108.202584,16.058184],[108.202662,16.057945]]},"properties":{"h":"residential","w":0.7}},{"type":"Feature","geometry":{"type":"LineString","coordinates":[[108.20248,16.059012],[108.202319,16.060135],[108.202287,16.060478],[108.202368,16.060556],[108.203271,16.060688]]},"properties":{"h":"residential","w":0.7}},{"type":"Feature","geometry":{"type":"LineString","coordinates":[[108.20248,16.059012],[108.203502,16.059163]]},"properties":{"h":"residential","w":0.7}},{"type":"Feature","geometry":{"type":"LineString","coordinates":[[108.204016,16.055744],[108.20384,16.055722]]},"properties":{"h":"tertiary","w":0.8}},{"type":"Feature","geometry":{"type":"LineString","coordinates":[[108.204016,16.055744],[108.203733,16.057641],[108.203733,16.057711],[108.20378,16.057829]]},"properties":{"h":"tertiary","w":0.8}},{"type":"Feature","geometry":{"type":"LineString","coordinates":[[108.204016,16.055744],[108.20419,16.054572]]},"properties":{"h":"tertiary","w":0.8}},{"type":"Feature","geometry":{"type":"LineString","coordinates":[[108.234109,16.036313],[108.232995,16.036185]]},"properties":{"h":"residential","w":0.7}},{"type":"Feature","geometry":{"type":"LineString","coordinates":[[108.234109,16.036313],[108.2342,16.035365]]},"properties":{"h":"tertiary","w":0.8}},{"type":"Feature","geometry":{"type":"LineString","coordinates":[[108.234109,16.036313],[108.233861,16.037736]]},"properties":{"h":"tertiary","w":0.8}},{"type":"Feature","geometry":{"type":"LineString","coordinates":[[108.209569,16.07908],[108.209181,16.079389]]},"properties":{"h":"residential","w":0.7}},{"type":"Feature","geometry":{"type":"LineString","coordinates":[[108.208434,16.080552],[108.208078,16.080761]]},"properties":{"h":"residential","w":0.7}},{"type":"Feature","geometry":{"type":"LineString","coordinates":[[108.208434,16.080552],[108.208494,16.080632],[108.208495,16.08066]]},"properties":{"h":"residential","w":0.7}},{"type":"Feature","geometry":{"type":"LineString","coordinates":[[108.208434,16.080552],[108.209162,16.080121],[108.209213,16.080106],[108.209297,16.080148],[108.209599,16.080557],[108.209626,16.080619],[108.209612,16.080685]]},"properties":{"h":"residential","w":0.7}},{"type":"Feature","geometry":{"type":"LineString","coordinates":[[108.208495,16.08066],[108.208494,16.080632],[108.208434,16.080552]]},"properties":{"h":"residential","w":0.7}},{"type":"Feature","geometry":{"type":"LineString","coordinates":[[108.208495,16.08066],[108.208143,16.080858]]},"properties":{"h":"residential","w":0.7}},{"type":"Feature","geometry":{"type":"LineString","coordinates":[[108.208495,16.08066],[108.20858,16.080695],[108.20879,16.081006],[108.208868,16.08104],[108.209035,16.081],[108.209518,16.080758]]},"properties":{"h":"residential","w":0.7}},{"type":"Feature","geometry":{"type":"LineString","coordinates":[[108.208143,16.080858],[108.208078,16.080761]]},"properties":{"h":"residential","w":0.7}},{"type":"Feature","geometry":{"type":"LineString","coordinates":[[108.208143,16.080858],[108.208692,16.081586]]},"properties":{"h":"residential","w":0.7}},{"type":"Feature","geometry":{"type":"LineString","coordinates":[[108.208143,16.080858],[108.208495,16.08066]]},"properties":{"h":"residential","w":0.7}},{"type":"Feature","geometry":{"type":"LineString","coordinates":[[108.208078,16.080761],[108.208434,16.080552]]},"properties":{"h":"residential","w":0.7}},{"type":"Feature","geometry":{"type":"LineString","coordinates":[[108.208078,16.080761],[108.207748,16.080272]]},"properties":{"h":"residential","w":0.7}},{"type":"Feature","geometry":{"type":"LineString","coordinates":[[108.208078,16.080761],[108.208143,16.080858]]},"properties":{"h":"residential","w":0.7}},{"type":"Feature","geometry":{"type":"LineString","coordinates":[[108.209518,16.080758],[108.209748,16.08111]]},"properties":{"h":"residential","w":0.7}},{"type":"Feature","geometry":{"type":"LineString","coordinates":[[108.209518,16.080758],[108.209612,16.080685]]},"properties":{"h":"residential","w":0.7}},{"type":"Feature","geometry":{"type":"LineString","coordinates":[[108.209518,16.080758],[108.209035,16.081],[108.208868,16.08104],[108.20879,16.081006],[108.20858,16.080695],[108.208495,16.08066]]},"properties":{"h":"residential","w":0.7}},{"type":"Feature","geometry":{"type":"LineString","coordinates":[[108.209748,16.08111],[108.209518,16.080758]]},"properties":{"h":"residential","w":0.7}},{"type":"Feature","geometry":{"type":"LineString","coordinates":[[108.209748,16.08111],[108.20986,16.081044]]},"properties":{"h":"residential","w":0.7}},{"type":"Feature","geometry":{"type":"LineString","coordinates":[[108.209748,16.08111],[108.209281,16.081375],[108.208789,16.081567],[108.208692,16.081586]]},"properties":{"h":"residential","w":0.7}},{"type":"Feature","geometry":{"type":"LineString","coordinates":[[108.209612,16.080685],[108.20986,16.081044]]},"properties":{"h":"residential","w":0.7}},{"type":"Feature","geometry":{"type":"LineString","coordinates":[[108.209612,16.080685],[108.209518,16.080758]]},"properties":{"h":"residential","w":0.7}},{"type":"Feature","geometry":{"type":"LineString","coordinates":[[108.209612,16.080685],[108.209626,16.080619],[108.209599,16.080557],[108.209297,16.080148],[108.209213,16.080106],[108.209162,16.080121],[108.208434,16.080552]]},"properties":{"h":"residential","w":0.7}},{"type":"Feature","geometry":{"type":"LineString","coordinates":[[108.20986,16.081044],[108.209612,16.080685]]},"properties":{"h":"residential","w":0.7}},{"type":"Feature","geometry":{"type":"LineString","coordinates":[[108.20986,16.081044],[108.209748,16.08111]]},"properties":{"h":"residential","w":0.7}},{"type":"Feature","geometry":{"type":"LineString","coordinates":[[108.20986,16.081044],[108.21027,16.080754]]},"properties":{"h":"residential","w":0.7}},{"type":"Feature","geometry":{"type":"LineString","coordinates":[[108.20876,16.081734],[108.208692,16.081586]]},"properties":{"h":"residential","w":0.7}},{"type":"Feature","geometry":{"type":"LineString","coordinates":[[108.209181,16.079389],[108.207748,16.080272]]},"properties":{"h":"residential","w":0.7}},{"type":"Feature","geometry":{"type":"LineString","coordinates":[[108.209181,16.079389],[108.209569,16.07908]]},"properties":{"h":"residential","w":0.7}},{"type":"Feature","geometry":{"type":"LineString","coordinates":[[108.209181,16.079389],[108.20882,16.078958]]},"properties":{"h":"residential","w":0.7}},{"type":"Feature","geometry":{"type":"LineString","coordinates":[[108.209181,16.079389],[108.209903,16.080259],[108.21027,16.080754]]},"properties":{"h":"residential","w":0.7}},{"type":"Feature","geometry":{"type":"LineString","coordinates":[[108.207438,16.079791],[108.20882,16.078958]]},"properties":{"h":"residential","w":0.7}},{"type":"Feature","geometry":{"type":"LineString","coordinates":[[108.207438,16.079791],[108.20717,16.079374]]},"properties":{"h":"residential","w":0.7}},{"type":"Feature","geometry":{"type":"LineString","coordinates":[[108.207438,16.079791],[108.207748,16.080272]]},"properties":{"h":"residential","w":0.7}},{"type":"Feature","geometry":{"type":"LineString","coordinates":[[108.20843,16.078569],[108.20717,16.079374]]},"properties":{"h":"residential","w":0.7}},{"type":"Feature","geometry":{"type":"LineString","coordinates":[[108.20843,16.078569],[108.208088,16.078164]]},"properties":{"h":"residential","w":0.7}},{"type":"Feature","geometry":{"type":"LineString","coordinates":[[108.20843,16.078569],[108.20882,16.078958]]},"properties":{"h":"residential","w":0.7}},{"type":"Feature","geometry":{"type":"LineString","coordinates":[[108.20717,16.079374],[108.20843,16.078569]]},"properties":{"h":"residential","w":0.7}},{"type":"Feature","geometry":{"type":"LineString","coordinates":[[108.20717,16.079374],[108.20688,16.078934]]},"properties":{"h":"residential","w":0.7}},{"type":"Feature","geometry":{"type":"LineString","coordinates":[[108.20717,16.079374],[108.207438,16.079791]]},"properties":{"h":"residential","w":0.7}},{"type":"Feature","geometry":{"type":"LineString","coordinates":[[108.207935,16.078033],[108.206767,16.078763]]},"properties":{"h":"residential","w":0.7}},{"type":"Feature","geometry":{"type":"LineString","coordinates":[[108.207935,16.078033],[108.208244,16.077718]]},"properties":{"h":"residential","w":0.7}},{"type":"Feature","geometry":{"type":"LineString","coordinates":[[108.207935,16.078033],[108.207449,16.077633]]},"properties":{"h":"residential","w":0.7}},{"type":"Feature","geometry":{"type":"LineString","coordinates":[[108.207935,16.078033],[108.208088,16.078164]]},"properties":{"h":"residential","w":0.7}},{"type":"Feature","geometry":{"type":"LineString","coordinates":[[108.206456,16.078293],[108.206767,16.078763]]},"properties":{"h":"residential","w":0.7}},{"type":"Feature","geometry":{"type":"LineString","coordinates":[[108.206456,16.078293],[108.207449,16.077633]]},"properties":{"h":"residential","w":0.7}},{"type":"Feature","geometry":{"type":"LineString","coordinates":[[108.207084,16.077285],[108.207449,16.077633]]},"properties":{"h":"residential","w":0.7}},{"type":"Feature","geometry":{"type":"LineString","coordinates":[[108.206767,16.078763],[108.206298,16.079065]]},"properties":{"h":"residential","w":0.7}},{"type":"Feature","geometry":{"type":"LineString","coordinates":[[108.206767,16.078763],[108.207935,16.078033]]},"properties":{"h":"residential","w":0.7}},{"type":"Feature","geometry":{"type":"LineString","coordinates":[[108.206767,16.078763],[108.206456,16.078293]]},"properties":{"h":"residential","w":0.7}},{"type":"Feature","geometry":{"type":"LineString","coordinates":[[108.206767,16.078763],[108.20688,16.078934]]},"properties":{"h":"residential","w":0.7}},{"type":"Feature","geometry":{"type":"LineString","coordinates":[[108.206407,16.079228],[108.20633,16.079277]]},"properties":{"h":"residential","w":0.7}},{"type":"Feature","geometry":{"type":"LineString","coordinates":[[108.206407,16.079228],[108.20688,16.078934]]},"properties":{"h":"residential","w":0.7}},{"type":"Feature","geometry":{"type":"LineString","coordinates":[[108.206407,16.079228],[108.207086,16.080223],[108.207275,16.080564]]},"properties":{"h":"residential","w":0.7}},{"type":"Feature","geometry":{"type":"LineString","coordinates":[[108.20688,16.078934],[108.206407,16.079228]]},"properties":{"h":"residential","w":0.7}},{"type":"Feature","geometry":{"type":"LineString","coordinates":[[108.20688,16.078934],[108.208088,16.078164]]},"properties":{"h":"residential","w":0.7}},{"type":"Feature","geometry":{"type":"LineString","coordinates":[[108.20688,16.078934],[108.206767,16.078763]]},"properties":{"h":"residential","w":0.7}},{"type":"Feature","geometry":{"type":"LineString","coordinates":[[108.20688,16.078934],[108.20717,16.079374]]},"properties":{"h":"residential","w":0.7}},{"type":"Feature","geometry":{"type":"LineString","coordinates":[[108.207275,16.080564],[108.207199,16.080611]]},"properties":{"h":"residential","w":0.7}},{"type":"Feature","geometry":{"type":"LineString","coordinates":[[108.207275,16.080564],[108.207748,16.080272]]},"properties":{"h":"residential","w":0.7}},{"type":"Feature","geometry":{"type":"LineString","coordinates":[[108.207275,16.080564],[108.207779,16.081849]]},"properties":{"h":"residential","w":0.7}},{"type":"Feature","geometry":{"type":"LineString","coordinates":[[108.207684,16.081876],[108.207199,16.080611]]},"properties":{"h":"residential","w":0.7}},{"type":"Feature","geometry":{"type":"LineString","coordinates":[[108.207684,16.081876],[108.207779,16.081849]]},"properties":{"h":"residential","w":0.7}},{"type":"Feature","geometry":{"type":"LineString","coordinates":[[108.207449,16.077633],[108.207084,16.077285]]},"properties":{"h":"residential","w":0.7}},{"type":"Feature","geometry":{"type":"LineString","coordinates":[[108.207449,16.077633],[108.207935,16.078033]]},"properties":{"h":"residential","w":0.7}},{"type":"Feature","geometry":{"type":"LineString","coordinates":[[108.207449,16.077633],[108.206456,16.078293]]},"properties":{"h":"residential","w":0.7}},{"type":"Feature","geometry":{"type":"LineString","coordinates":[[108.208088,16.078164],[108.20688,16.078934]]},"properties":{"h":"residential","w":0.7}},{"type":"Feature","geometry":{"type":"LineString","coordinates":[[108.208088,16.078164],[108.208378,16.077895]]},"properties":{"h":"residential","w":0.7}},{"type":"Feature","geometry":{"type":"LineString","coordinates":[[108.208088,16.078164],[108.207935,16.078033]]},"properties":{"h":"residential","w":0.7}},{"type":"Feature","geometry":{"type":"LineString","coordinates":[[108.208088,16.078164],[108.20843,16.078569]]},"properties":{"h":"residential","w":0.7}},{"type":"Feature","geometry":{"type":"LineString","coordinates":[[108.20882,16.078958],[108.207438,16.079791]]},"properties":{"h":"residential","w":0.7}},{"type":"Feature","geometry":{"type":"LineString","coordinates":[[108.20882,16.078958],[108.20843,16.078569]]},"properties":{"h":"residential","w":0.7}},{"type":"Feature","geometry":{"type":"LineString","coordinates":[[108.20882,16.078958],[108.209181,16.079389]]},"properties":{"h":"residential","w":0.7}},{"type":"Feature","geometry":{"type":"LineString","coordinates":[[108.21027,16.080754],[108.20986,16.081044]]},"properties":{"h":"residential","w":0.7}},{"type":"Feature","geometry":{"type":"LineString","coordinates":[[108.21027,16.080754],[108.209903,16.080259],[108.209181,16.079389]]},"properties":{"h":"residential","w":0.7}},{"type":"Feature","geometry":{"type":"LineString","coordinates":[[108.21027,16.080754],[108.210719,16.080431],[108.210868,16.080354]]},"properties":{"h":"residential","w":0.7}},{"type":"Feature","geometry":{"type":"LineString","coordinates":[[108.207748,16.080272],[108.207275,16.080564]]},"properties":{"h":"residential","w":0.7}},{"type":"Feature","geometry":{"type":"LineString","coordinates":[[108.207748,16.080272],[108.209181,16.079389]]},"properties":{"h":"residential","w":0.7}},{"type":"Feature","geometry":{"type":"LineString","coordinates":[[108.207748,16.080272],[108.207438,16.079791]]},"properties":{"h":"residential","w":0.7}},{"type":"Feature","geometry":{"type":"LineString","coordinates":[[108.207748,16.080272],[108.208078,16.080761]]},"properties":{"h":"residential","w":0.7}},{"type":"Feature","geometry":{"type":"LineString","coordinates":[[108.208692,16.081586],[108.20876,16.081734]]},"properties":{"h":"residential","w":0.7}},{"type":"Feature","geometry":{"type":"LineString","coordinates":[[108.208692,16.081586],[108.208143,16.080858]]},"properties":{"h":"residential","w":0.7}},{"type":"Feature","geometry":{"type":"LineString","coordinates":[[108.208692,16.081586],[108.207779,16.081849]]},"properties":{"h":"residential","w":0.7}},{"type":"Feature","geometry":{"type":"LineString","coordinates":[[108.208692,16.081586],[108.208789,16.081567],[108.209281,16.081375],[108.209748,16.08111]]},"properties":{"h":"residential","w":0.7}},{"type":"Feature","geometry":{"type":"LineString","coordinates":[[108.225484,16.033209],[108.225491,16.033034]]},"properties":{"h":"tertiary","w":0.8}},{"type":"Feature","geometry":{"type":"LineString","coordinates":[[108.225484,16.033209],[108.227432,16.033624],[108.228915,16.033912]]},"properties":{"h":"trunk","w":2.2}},{"type":"Feature","geometry":{"type":"LineString","coordinates":[[108.224331,16.03309],[108.224203,16.033072]]},"properties":{"h":"trunk","w":2.2}},{"type":"Feature","geometry":{"type":"LineString","coordinates":[[108.224331,16.03309],[108.224263,16.033526]]},"properties":{"h":"primary","w":1.8}},{"type":"Feature","geometry":{"type":"LineString","coordinates":[[108.224186,16.032611],[108.224072,16.031916]]},"properties":{"h":"trunk","w":2.2}},{"type":"Feature","geometry":{"type":"LineString","coordinates":[[108.224892,16.033078],[108.225087,16.033114]]},"properties":{"h":"trunk","w":2.2}},{"type":"Feature","geometry":{"type":"LineString","coordinates":[[108.226013,16.033552],[108.225623,16.033348]]},"properties":{"h":"trunk_link","w":1.2}},{"type":"Feature","geometry":{"type":"LineString","coordinates":[[108.226013,16.033552],[108.22467,16.033279]]},"properties":{"h":"tertiary","w":0.8}},{"type":"Feature","geometry":{"type":"LineString","coordinates":[[108.225623,16.033348],[108.225031,16.033229]]},"properties":{"h":"trunk","w":2.2}},{"type":"Feature","geometry":{"type":"LineString","coordinates":[[108.224336,16.03297],[108.224331,16.03309]]},"properties":{"h":"trunk","w":2.2}},{"type":"Feature","geometry":{"type":"LineString","coordinates":[[108.224336,16.03297],[108.224892,16.033078]]},"properties":{"h":"trunk","w":2.2}},{"type":"Feature","geometry":{"type":"LineString","coordinates":[[108.224203,16.033072],[108.224207,16.032951]]},"properties":{"h":"trunk","w":2.2}},{"type":"Feature","geometry":{"type":"LineString","coordinates":[[108.224203,16.033072],[108.223749,16.033014]]},"properties":{"h":"primary","w":1.8}},{"type":"Feature","geometry":{"type":"LineString","coordinates":[[108.224207,16.032951],[108.224336,16.03297]]},"properties":{"h":"trunk","w":2.2}},{"type":"Feature","geometry":{"type":"LineString","coordinates":[[108.224207,16.032951],[108.224186,16.032611]]},"properties":{"h":"trunk","w":2.2}},{"type":"Feature","geometry":{"type":"LineString","coordinates":[[108.204627,16.052532],[108.205687,16.052714]]},"properties":{"h":"residential","w":0.7}},{"type":"Feature","geometry":{"type":"LineString","coordinates":[[108.232995,16.036185],[108.234109,16.036313]]},"properties":{"h":"residential","w":0.7}},{"type":"Feature","geometry":{"type":"LineString","coordinates":[[108.232995,16.036185],[108.230677,16.035907]]},"properties":{"h":"residential","w":0.7}},{"type":"Feature","geometry":{"type":"LineString","coordinates":[[108.232995,16.036185],[108.233032,16.035689]]},"properties":{"h":"residential","w":0.7}},{"type":"Feature","geometry":{"type":"LineString","coordinates":[[108.232995,16.036185],[108.232912,16.036685]]},"properties":{"h":"residential","w":0.7}},{"type":"Feature","geometry":{"type":"LineString","coordinates":[[108.230115,16.035855],[108.229998,16.0368]]},"properties":{"h":"residential","w":0.7}},{"type":"Feature","geometry":{"type":"LineString","coordinates":[[108.230115,16.035855],[108.230213,16.035085]]},"properties":{"h":"residential","w":0.7}},{"type":"Feature","geometry":{"type":"LineString","coordinates":[[108.230115,16.035855],[108.230677,16.035907]]},"properties":{"h":"residential","w":0.7}},{"type":"Feature","geometry":{"type":"LineString","coordinates":[[108.230115,16.035855],[108.229484,16.035778]]},"properties":{"h":"residential","w":0.7}},{"type":"Feature","geometry":{"type":"LineString","coordinates":[[108.232985,16.032932],[108.233003,16.033031]]},"properties":{"h":"residential","w":0.7}},{"type":"Feature","geometry":{"type":"LineString","coordinates":[[108.232985,16.032932],[108.232911,16.03253]]},"properties":{"h":"residential","w":0.7}},{"type":"Feature","geometry":{"type":"LineString","coordinates":[[108.232985,16.032932],[108.233616,16.032819]]},"properties":{"h":"residential","w":0.7}},{"type":"Feature","geometry":{"type":"LineString","coordinates":[[108.233616,16.032819],[108.233644,16.032919]]},"properties":{"h":"tertiary","w":0.8}},{"type":"Feature","geometry":{"type":"LineString","coordinates":[[108.233616,16.032819],[108.23326,16.031295],[108.233171,16.031057],[108.233069,16.03087],[108.232941,16.030731],[108.232748,16.030586],[108.232559,16.030497],[108.232255,16.030416]]},"properties":{"h":"tertiary","w":0.8}},{"type":"Feature","geometry":{"type":"LineString","coordinates":[[108.232304,16.032794],[108.232985,16.032932]]},"properties":{"h":"residential","w":0.7}},{"type":"Feature","geometry":{"type":"LineString","coordinates":[[108.232304,16.032794],[108.232285,16.032884]]},"properties":{"h":"residential","w":0.7}},{"type":"Feature","geometry":{"type":"LineString","coordinates":[[108.232285,16.032884],[108.232304,16.032794]]},"properties":{"h":"residential","w":0.7}},{"type":"Feature","geometry":{"type":"LineString","coordinates":[[108.232285,16.032884],[108.231807,16.032773],[108.231776,16.032751]]},"properties":{"h":"residential","w":0.7}},{"type":"Feature","geometry":{"type":"LineString","coordinates":[[108.216865,16.060805],[108.215684,16.060643]]},"properties":{"h":"primary","w":1.8}},{"type":"Feature","geometry":{"type":"LineString","coordinates":[[108.216865,16.060805],[108.216872,16.060712],[108.216912,16.060662]]},"properties":{"h":"primary","w":1.8}},{"type":"Feature","geometry":{"type":"LineString","coordinates":[[108.217128,16.060834],[108.217115,16.060853]]},"properties":{"h":"primary","w":1.8}},{"type":"Feature","geometry":{"type":"LineString","coordinates":[[108.22416,16.028265],[108.224305,16.028282]]},"properties":{"h":"residential","w":0.7}},{"type":"Feature","geometry":{"type":"LineString","coordinates":[[108.22416,16.028265],[108.223828,16.028226],[108.223443,16.028143]]},"properties":{"h":"residential","w":0.7}},{"type":"Feature","geometry":{"type":"LineString","coordinates":[[108.22416,16.028265],[108.224019,16.028687],[108.224076,16.028702],[108.2241,16.028728],[108.224103,16.028993],[108.223984,16.029383],[108.223982,16.029668]]},"properties":{"h":"residential","w":0.7}},{"type":"Feature","geometry":{"type":"LineString","coordinates":[[108.223982,16.029668],[108.223984,16.029383],[108.224103,16.028993],[108.2241,16.028728],[108.224076,16.028702],[108.224019,16.028687],[108.22416,16.028265]]},"properties":{"h":"residential","w":0.7}},{"type":"Feature","geometry":{"type":"LineString","coordinates":[[108.224332,16.029681],[108.224409,16.029669],[108.224451,16.02936],[108.224512,16.029123],[108.224506,16.028797]]},"properties":{"h":"residential","w":0.7}},{"type":"Feature","geometry":{"type":"LineString","coordinates":[[108.224305,16.028282],[108.22416,16.028265]]},"properties":{"h":"residential","w":0.7}},{"type":"Feature","geometry":{"type":"LineString","coordinates":[[108.224851,16.030313],[108.224846,16.03002]]},"properties":{"h":"residential","w":0.7}},{"type":"Feature","geometry":{"type":"LineString","coordinates":[[108.206772,16.045744],[108.206576,16.045546]]},"properties":{"h":"residential","w":0.7}},{"type":"Feature","geometry":{"type":"LineString","coordinates":[[108.208236,16.049055],[108.207853,16.048441]]},"properties":{"h":"residential","w":0.7}},{"type":"Feature","geometry":{"type":"LineString","coordinates":[[108.208236,16.049055],[108.208378,16.049278],[108.208491,16.049223],[108.208598,16.04939],[108.208682,16.049368],[108.208826,16.049551]]},"properties":{"h":"residential","w":0.7}},{"type":"Feature","geometry":{"type":"LineString","coordinates":[[108.208236,16.049055],[108.208886,16.048628]]},"properties":{"h":"residential","w":0.7}},{"type":"Feature","geometry":{"type":"LineString","coordinates":[[108.205614,16.043055],[108.20571,16.042654]]},"properties":{"h":"residential","w":0.7}},{"type":"Feature","geometry":{"type":"LineString","coordinates":[[108.205436,16.042558],[108.20571,16.042654]]},"properties":{"h":"residential","w":0.7}},{"type":"Feature","geometry":{"type":"LineString","coordinates":[[108.20571,16.042654],[108.205436,16.042558]]},"properties":{"h":"residential","w":0.7}},{"type":"Feature","geometry":{"type":"LineString","coordinates":[[108.20571,16.042654],[108.205866,16.041991]]},"properties":{"h":"residential","w":0.7}},{"type":"Feature","geometry":{"type":"LineString","coordinates":[[108.20571,16.042654],[108.205614,16.043055]]},"properties":{"h":"residential","w":0.7}},{"type":"Feature","geometry":{"type":"LineString","coordinates":[[108.221473,16.03662],[108.222223,16.036822]]},"properties":{"h":"residential","w":0.7}},{"type":"Feature","geometry":{"type":"LineString","coordinates":[[108.222223,16.036822],[108.221473,16.03662]]},"properties":{"h":"residential","w":0.7}},{"type":"Feature","geometry":{"type":"LineString","coordinates":[[108.222223,16.036822],[108.222297,16.036219]]},"properties":{"h":"secondary","w":1.3}},{"type":"Feature","geometry":{"type":"LineString","coordinates":[[108.222223,16.036822],[108.222179,16.037159]]},"properties":{"h":"secondary","w":1.3}},{"type":"Feature","geometry":{"type":"LineString","coordinates":[[108.213683,16.055421],[108.213616,16.055691]]},"properties":{"h":"residential","w":0.7}},{"type":"Feature","geometry":{"type":"LineString","coordinates":[[108.2149,16.055757],[108.214642,16.055694]]},"properties":{"h":"residential","w":0.7}},{"type":"Feature","geometry":{"type":"LineString","coordinates":[[108.2149,16.055757],[108.214715,16.056422]]},"properties":{"h":"residential","w":0.7}},{"type":"Feature","geometry":{"type":"LineString","coordinates":[[108.2149,16.055757],[108.214999,16.055441]]},"properties":{"h":"residential","w":0.7}},{"type":"Feature","geometry":{"type":"LineString","coordinates":[[108.2149,16.055757],[108.215124,16.055814]]},"properties":{"h":"residential","w":0.7}},{"type":"Feature","geometry":{"type":"LineString","coordinates":[[108.213529,16.05604],[108.213433,16.056446]]},"properties":{"h":"residential","w":0.7}},{"type":"Feature","geometry":{"type":"LineString","coordinates":[[108.213529,16.05604],[108.213616,16.055691]]},"properties":{"h":"residential","w":0.7}},{"type":"Feature","geometry":{"type":"LineString","coordinates":[[108.213529,16.05604],[108.213274,16.055975]]},"properties":{"h":"residential","w":0.7}},{"type":"Feature","geometry":{"type":"LineString","coordinates":[[108.213529,16.05604],[108.213709,16.056096],[108.213956,16.056122],[108.214159,16.056187],[108.21453,16.056347]]},"properties":{"h":"residential","w":0.7}},{"type":"Feature","geometry":{"type":"LineString","coordinates":[[108.214715,16.056422],[108.214602,16.056376]]},"properties":{"h":"residential","w":0.7}},{"type":"Feature","geometry":{"type":"LineString","coordinates":[[108.214715,16.056422],[108.214762,16.056437]]},"properties":{"h":"residential","w":0.7}},{"type":"Feature","geometry":{"type":"LineString","coordinates":[[108.214715,16.056422],[108.2149,16.055757]]},"properties":{"h":"residential","w":0.7}},{"type":"Feature","geometry":{"type":"LineString","coordinates":[[108.222333,16.043592],[108.222451,16.043612]]},"properties":{"h":"residential","w":0.7}},{"type":"Feature","geometry":{"type":"LineString","coordinates":[[108.223439,16.039373],[108.222958,16.039308]]},"properties":{"h":"residential","w":0.7}},{"type":"Feature","geometry":{"type":"LineString","coordinates":[[108.223439,16.039373],[108.223621,16.037802]]},"properties":{"h":"primary","w":1.8}},{"type":"Feature","geometry":{"type":"LineString","coordinates":[[108.219754,16.039736],[108.221044,16.039915]]},"properties":{"h":"residential","w":0.7}},{"type":"Feature","geometry":{"type":"LineString","coordinates":[[108.219754,16.039736],[108.219813,16.039401]]},"properties":{"h":"residential","w":0.7}},{"type":"Feature","geometry":{"type":"LineString","coordinates":[[108.219754,16.039736],[108.218883,16.03962]]},"properties":{"h":"residential","w":0.7}},{"type":"Feature","geometry":{"type":"LineString","coordinates":[[108.219813,16.039401],[108.219754,16.039736]]},"properties":{"h":"residential","w":0.7}},{"type":"Feature","geometry":{"type":"LineString","coordinates":[[108.219813,16.039401],[108.220762,16.039527]]},"properties":{"h":"residential","w":0.7}},{"type":"Feature","geometry":{"type":"LineString","coordinates":[[108.219813,16.039401],[108.218932,16.039298]]},"properties":{"h":"residential","w":0.7}},{"type":"Feature","geometry":{"type":"LineString","coordinates":[[108.221553,16.074475],[108.221624,16.074069],[108.22076,16.073981]]},"properties":{"h":"residential","w":0.7}},{"type":"Feature","geometry":{"type":"LineString","coordinates":[[108.213225,16.078952],[108.21287,16.079228]]},"properties":{"h":"residential","w":0.7}},{"type":"Feature","geometry":{"type":"LineString","coordinates":[[108.213225,16.078952],[108.213612,16.078638]]},"properties":{"h":"residential","w":0.7}},{"type":"Feature","geometry":{"type":"LineString","coordinates":[[108.213225,16.078952],[108.213912,16.079966],[108.21406,16.079879]]},"properties":{"h":"residential","w":0.7}},{"type":"Feature","geometry":{"type":"LineString","coordinates":[[108.222016,16.082582],[108.221953,16.083014]]},"properties":{"h":"residential","w":0.7}},{"type":"Feature","geometry":{"type":"LineString","coordinates":[[108.222016,16.082582],[108.222186,16.082606]]},"properties":{"h":"secondary","w":1.3}},{"type":"Feature","geometry":{"type":"LineString","coordinates":[[108.222016,16.082582],[108.221551,16.0825]]},"properties":{"h":"secondary","w":1.3}},{"type":"Feature","geometry":{"type":"LineString","coordinates":[[108.223761,16.037864],[108.223621,16.037802]]},"properties":{"h":"tertiary","w":0.8}},{"type":"Feature","geometry":{"type":"LineString","coordinates":[[108.223761,16.037864],[108.223693,16.038344]]},"properties":{"h":"primary","w":1.8}},{"type":"Feature","geometry":{"type":"LineString","coordinates":[[108.220127,16.071321],[108.220412,16.071326]]},"properties":{"h":"primary","w":1.8}},{"type":"Feature","geometry":{"type":"LineString","coordinates":[[108.220127,16.071321],[108.218642,16.07114]]},"properties":{"h":"primary","w":1.8}},{"type":"Feature","geometry":{"type":"LineString","coordinates":[[108.223895,16.071562],[108.223968,16.070682],[108.22405,16.070394]]},"properties":{"h":"primary_link","w":1.0}},{"type":"Feature","geometry":{"type":"LineString","coordinates":[[108.223659,16.071713],[108.223805,16.071651],[108.223895,16.071562]]},"properties":{"h":"primary_link","w":1.0}},{"type":"Feature","geometry":{"type":"LineString","coordinates":[[108.223659,16.071713],[108.223875,16.071733]]},"properties":{"h":"primary","w":1.8}},{"type":"Feature","geometry":{"type":"LineString","coordinates":[[108.223654,16.071776],[108.222701,16.071665]]},"properties":{"h":"primary","w":1.8}},{"type":"Feature","geometry":{"type":"LineString","coordinates":[[108.221855,16.075193],[108.221567,16.075135]]},"properties":{"h":"secondary","w":1.3}},{"type":"Feature","geometry":{"type":"LineString","coordinates":[[108.221855,16.075193],[108.221715,16.075737],[108.22109,16.07558]]},"properties":{"h":"residential","w":0.7}},{"type":"Feature","geometry":{"type":"LineString","coordinates":[[108.221855,16.075193],[108.222465,16.075311]]},"properties":{"h":"secondary","w":1.3}},{"type":"Feature","geometry":{"type":"LineString","coordinates":[[108.217006,16.060632],[108.217018,16.060401]]},"properties":{"h":"secondary","w":1.3}},{"type":"Feature","geometry":{"type":"LineString","coordinates":[[108.217006,16.060632],[108.21707,16.060648],[108.21712,16.06069]]},"properties":{"h":"primary","w":1.8}},{"type":"Feature","geometry":{"type":"LineString","coordinates":[[108.222295,16.071921],[108.222331,16.071621]]},"properties":{"h":"residential","w":0.7}},{"type":"Feature","geometry":{"type":"LineString","coordinates":[[108.222331,16.071621],[108.222295,16.071921]]},"properties":{"h":"residential","w":0.7}},{"type":"Feature","geometry":{"type":"LineString","coordinates":[[108.222331,16.071621],[108.221096,16.071463]]},"properties":{"h":"primary","w":1.8}},{"type":"Feature","geometry":{"type":"LineString","coordinates":[[108.222534,16.047024],[108.222587,16.046555]]},"properties":{"h":"primary","w":1.8}},{"type":"Feature","geometry":{"type":"LineString","coordinates":[[108.22467,16.033279],[108.224486,16.03333],[108.224263,16.033526]]},"properties":{"h":"tertiary","w":0.8}},{"type":"Feature","geometry":{"type":"LineString","coordinates":[[108.225031,16.033229],[108.22467,16.033279]]},"properties":{"h":"trunk_link","w":1.2}},{"type":"Feature","geometry":{"type":"LineString","coordinates":[[108.225031,16.033229],[108.224331,16.03309]]},"properties":{"h":"trunk","w":2.2}},{"type":"Feature","geometry":{"type":"LineString","coordinates":[[108.221852,16.025304],[108.220964,16.024256],[108.22048,16.023508]]},"properties":{"h":"tertiary","w":0.8}},{"type":"Feature","geometry":{"type":"LineString","coordinates":[[108.216161,16.067953],[108.216214,16.067682]]},"properties":{"h":"residential","w":0.7}},{"type":"Feature","geometry":{"type":"LineString","coordinates":[[108.216214,16.067682],[108.216161,16.067953]]},"properties":{"h":"residential","w":0.7}},{"type":"Feature","geometry":{"type":"LineString","coordinates":[[108.216214,16.067682],[108.217611,16.06798]]},"properties":{"h":"tertiary","w":0.8}},{"type":"Feature","geometry":{"type":"LineString","coordinates":[[108.216214,16.067682],[108.215847,16.067601]]},"properties":{"h":"tertiary","w":0.8}},{"type":"Feature","geometry":{"type":"LineString","coordinates":[[108.220197,16.075663],[108.220533,16.075685]]},"properties":{"h":"residential","w":0.7}},{"type":"Feature","geometry":{"type":"LineString","coordinates":[[108.220533,16.075685],[108.220197,16.075663]]},"properties":{"h":"residential","w":0.7}},{"type":"Feature","geometry":{"type":"LineString","coordinates":[[108.220533,16.075685],[108.220434,16.076432]]},"properties":{"h":"tertiary","w":0.8}},{"type":"Feature","geometry":{"type":"LineString","coordinates":[[108.218424,16.088808],[108.218906,16.089083]]},"properties":{"h":"residential","w":0.7}},{"type":"Feature","geometry":{"type":"LineString","coordinates":[[108.218424,16.088808],[108.218267,16.088826],[108.217094,16.088773]]},"properties":{"h":"residential","w":0.7}},{"type":"Feature","geometry":{"type":"LineString","coordinates":[[108.218424,16.088808],[108.218523,16.088752],[108.218567,16.088701],[108.218669,16.088504]]},"properties":{"h":"residential","w":0.7}},{"type":"Feature","geometry":{"type":"LineString","coordinates":[[108.224494,16.028463],[108.224506,16.028797]]},"properties":{"h":"residential","w":0.7}},{"type":"Feature","geometry":{"type":"LineString","coordinates":[[108.214086,16.073783],[108.215274,16.075536]]},"properties":{"h":"secondary","w":1.3}},{"type":"Feature","geometry":{"type":"LineString","coordinates":[[108.214086,16.073783],[108.213936,16.073559]]},"properties":{"h":"secondary","w":1.3}},{"type":"Feature","geometry":{"type":"LineString","coordinates":[[108.213692,16.073224],[108.213936,16.073559]]},"properties":{"h":"secondary","w":1.3}},{"type":"Feature","geometry":{"type":"LineString","coordinates":[[108.213512,16.07347],[108.213325,16.073436]]},"properties":{"h":"secondary","w":1.3}},{"type":"Feature","geometry":{"type":"LineString","coordinates":[[108.213512,16.07347],[108.213611,16.073464],[108.213685,16.073407],[108.213692,16.073224]]},"properties":{"h":"secondary_link","w":0.8}},{"type":"Feature","geometry":{"type":"LineString","coordinates":[[108.213512,16.07347],[108.213936,16.073559]]},"properties":{"h":"secondary","w":1.3}},{"type":"Feature","geometry":{"type":"LineString","coordinates":[[108.214209,16.073615],[108.214168,16.073621],[108.214103,16.073668],[108.214085,16.073704],[108.214086,16.073783]]},"properties":{"h":"secondary_link","w":0.8}},{"type":"Feature","geometry":{"type":"LineString","coordinates":[[108.214209,16.073615],[108.213936,16.073559]]},"properties":{"h":"secondary","w":1.3}},{"type":"Feature","geometry":{"type":"LineString","coordinates":[[108.214209,16.073615],[108.21739,16.074262],[108.218025,16.074411]]},"properties":{"h":"secondary","w":1.3}},{"type":"Feature","geometry":{"type":"LineString","coordinates":[[108.215041,16.087242],[108.2158,16.08676]]},"properties":{"h":"residential","w":0.7}},{"type":"Feature","geometry":{"type":"LineString","coordinates":[[108.215041,16.087242],[108.215144,16.087394]]},"properties":{"h":"primary","w":1.8}},{"type":"Feature","geometry":{"type":"LineString","coordinates":[[108.214251,16.083533],[108.213441,16.083841]]},"properties":{"h":"residential","w":0.7}},{"type":"Feature","geometry":{"type":"LineString","coordinates":[[108.214251,16.083533],[108.214812,16.084886],[108.215056,16.085421]]},"properties":{"h":"residential","w":0.7}},{"type":"Feature","geometry":{"type":"LineString","coordinates":[[108.214251,16.083533],[108.213684,16.082164]]},"properties":{"h":"residential","w":0.7}},{"type":"Feature","geometry":{"type":"LineString","coordinates":[[108.213441,16.083841],[108.214251,16.083533]]},"properties":{"h":"residential","w":0.7}},{"type":"Feature","geometry":{"type":"LineString","coordinates":[[108.213441,16.083841],[108.213864,16.084738]]},"properties":{"h":"primary","w":1.8}},{"type":"Feature","geometry":{"type":"LineString","coordinates":[[108.204431,16.058132],[108.204377,16.058241]]},"properties":{"h":"residential","w":0.7}},{"type":"Feature","geometry":{"type":"LineString","coordinates":[[108.204431,16.058132],[108.204988,16.058317]]},"properties":{"h":"tertiary","w":0.8}},{"type":"Feature","geometry":{"type":"LineString","coordinates":[[108.218229,16.069328],[108.217363,16.069156]]},"properties":{"h":"residential","w":0.7}},{"type":"Feature","geometry":{"type":"LineString","coordinates":[[108.217363,16.069156],[108.218229,16.069328]]},"properties":{"h":"residential","w":0.7}},{"type":"Feature","geometry":{"type":"LineString","coordinates":[[108.217363,16.069156],[108.217274,16.069578]]},"properties":{"h":"tertiary","w":0.8}},{"type":"Feature","geometry":{"type":"LineString","coordinates":[[108.217363,16.069156],[108.217611,16.06798]]},"properties":{"h":"tertiary","w":0.8}},{"type":"Feature","geometry":{"type":"LineString","coordinates":[[108.215089,16.077591],[108.214965,16.077675]]},"properties":{"h":"residential","w":0.7}},{"type":"Feature","geometry":{"type":"LineString","coordinates":[[108.215089,16.077591],[108.215279,16.077462]]},"properties":{"h":"residential","w":0.7}},{"type":"Feature","geometry":{"type":"LineString","coordinates":[[108.215089,16.077591],[108.215163,16.077704],[108.215227,16.077894],[108.215652,16.078539],[108.215667,16.078581],[108.215665,16.078709]]},"properties":{"h":"residential","w":0.7}},{"type":"Feature","geometry":{"type":"LineString","coordinates":[[108.209899,16.045808],[108.209698,16.047349]]},"properties":{"h":"primary","w":1.8}},{"type":"Feature","geometry":{"type":"LineString","coordinates":[[108.210022,16.045711],[108.210035,16.045723]]},"properties":{"h":"secondary","w":1.3}},{"type":"Feature","geometry":{"type":"LineString","coordinates":[[108.210022,16.045711],[108.209952,16.045749],[108.209899,16.045808]]},"properties":{"h":"primary_link","w":1.0}},{"type":"Feature","geometry":{"type":"LineString","coordinates":[[108.210022,16.045711],[108.209924,16.045621]]},"properties":{"h":"secondary","w":1.3}},{"type":"Feature","geometry":{"type":"LineString","coordinates":[[108.212882,16.077069],[108.215274,16.075536]]},"properties":{"h":"tertiary","w":0.8}},{"type":"Feature","geometry":{"type":"LineString","coordinates":[[108.212882,16.077069],[108.212227,16.077499],[108.212,16.077584]]},"properties":{"h":"tertiary","w":0.8}},{"type":"Feature","geometry":{"type":"LineString","coordinates":[[108.212882,16.077069],[108.212378,16.076338],[108.212243,16.0763]]},"properties":{"h":"residential","w":0.7}},{"type":"Feature","geometry":{"type":"LineString","coordinates":[[108.212243,16.0763],[108.212267,16.076176]]},"properties":{"h":"secondary","w":1.3}},{"type":"Feature","geometry":{"type":"LineString","coordinates":[[108.212243,16.0763],[108.212378,16.076338],[108.212882,16.077069]]},"properties":{"h":"residential","w":0.7}},{"type":"Feature","geometry":{"type":"LineString","coordinates":[[108.212243,16.0763],[108.212168,16.076718]]},"properties":{"h":"secondary","w":1.3}},{"type":"Feature","geometry":{"type":"LineString","coordinates":[[108.210629,16.076111],[108.210215,16.076358],[108.209879,16.076637],[108.209238,16.076789],[108.208754,16.077173]]},"properties":{"h":"residential","w":0.7}},{"type":"Feature","geometry":{"type":"LineString","coordinates":[[108.210629,16.076111],[108.210868,16.076438],[108.211139,16.076527],[108.212168,16.076718]]},"properties":{"h":"residential","w":0.7}},{"type":"Feature","geometry":{"type":"LineString","coordinates":[[108.221882,16.053536],[108.221556,16.053714]]},"properties":{"h":"residential","w":0.7}},{"type":"Feature","geometry":{"type":"LineString","coordinates":[[108.221882,16.053536],[108.222045,16.053315]]},"properties":{"h":"residential","w":0.7}},{"type":"Feature","geometry":{"type":"LineString","coordinates":[[108.220384,16.071825],[108.220344,16.071819]]},"properties":{"h":"tertiary_link","w":0.6}},{"type":"Feature","geometry":{"type":"LineString","coordinates":[[108.220344,16.071819],[108.220384,16.071825]]},"properties":{"h":"tertiary_link","w":0.6}},{"type":"Feature","geometry":{"type":"LineString","coordinates":[[108.220344,16.071819],[108.220404,16.071387]]},"properties":{"h":"tertiary","w":0.8}},{"type":"Feature","geometry":{"type":"LineString","coordinates":[[108.220317,16.072312],[108.220277,16.072307]]},"properties":{"h":"tertiary_link","w":0.6}},{"type":"Feature","geometry":{"type":"LineString","coordinates":[[108.220277,16.072307],[108.220298,16.072154]]},"properties":{"h":"tertiary","w":0.8}},{"type":"Feature","geometry":{"type":"LineString","coordinates":[[108.220277,16.072307],[108.220317,16.072312]]},"properties":{"h":"tertiary_link","w":0.6}},{"type":"Feature","geometry":{"type":"LineString","coordinates":[[108.220338,16.072157],[108.220298,16.072154]]},"properties":{"h":"tertiary_link","w":0.6}},{"type":"Feature","geometry":{"type":"LineString","coordinates":[[108.220298,16.072154],[108.220338,16.072157]]},"properties":{"h":"tertiary_link","w":0.6}},{"type":"Feature","geometry":{"type":"LineString","coordinates":[[108.220298,16.072154],[108.220344,16.071819]]},"properties":{"h":"tertiary","w":0.8}},{"type":"Feature","geometry":{"type":"LineString","coordinates":[[108.221104,16.071397],[108.221096,16.071463]]},"properties":{"h":"tertiary","w":0.8}},{"type":"Feature","geometry":{"type":"LineString","coordinates":[[108.221104,16.071397],[108.222709,16.07159]]},"properties":{"h":"primary","w":1.8}},{"type":"Feature","geometry":{"type":"LineString","coordinates":[[108.220412,16.071326],[108.221104,16.071397]]},"properties":{"h":"primary","w":1.8}},{"type":"Feature","geometry":{"type":"LineString","coordinates":[[108.220412,16.071326],[108.220508,16.070573]]},"properties":{"h":"tertiary","w":0.8}},{"type":"Feature","geometry":{"type":"LineString","coordinates":[[108.21512,16.081513],[108.214671,16.080804]]},"properties":{"h":"residential","w":0.7}},{"type":"Feature","geometry":{"type":"LineString","coordinates":[[108.222734,16.053084],[108.223688,16.053102]]},"properties":{"h":"residential","w":0.7}},{"type":"Feature","geometry":{"type":"LineString","coordinates":[[108.222734,16.053084],[108.222758,16.052224]]},"properties":{"h":"residential","w":0.7}},{"type":"Feature","geometry":{"type":"LineString","coordinates":[[108.222734,16.053084],[108.222723,16.053389],[108.222742,16.054033]]},"properties":{"h":"residential","w":0.7}},{"type":"Feature","geometry":{"type":"LineString","coordinates":[[108.214564,16.0804],[108.213914,16.080807]]},"properties":{"h":"residential","w":0.7}},{"type":"Feature","geometry":{"type":"LineString","coordinates":[[108.213914,16.080807],[108.213721,16.080509]]},"properties":{"h":"residential","w":0.7}},{"type":"Feature","geometry":{"type":"LineString","coordinates":[[108.213914,16.080807],[108.214068,16.081055]]},"properties":{"h":"residential","w":0.7}},{"type":"Feature","geometry":{"type":"LineString","coordinates":[[108.213914,16.080807],[108.214564,16.0804]]},"properties":{"h":"residential","w":0.7}},{"type":"Feature","geometry":{"type":"LineString","coordinates":[[108.214371,16.080102],[108.213721,16.080509]]},"properties":{"h":"residential","w":0.7}},{"type":"Feature","geometry":{"type":"LineString","coordinates":[[108.213721,16.080509],[108.213914,16.080807]]},"properties":{"h":"residential","w":0.7}},{"type":"Feature","geometry":{"type":"LineString","coordinates":[[108.213721,16.080509],[108.214371,16.080102]]},"properties":{"h":"residential","w":0.7}},{"type":"Feature","geometry":{"type":"LineString","coordinates":[[108.213721,16.080509],[108.213423,16.080047]]},"properties":{"h":"residential","w":0.7}},{"type":"Feature","geometry":{"type":"LineString","coordinates":[[108.223809,16.032322],[108.223277,16.032327]]},"properties":{"h":"residential","w":0.7}},{"type":"Feature","geometry":{"type":"LineString","coordinates":[[108.222165,16.061362],[108.22217,16.061088]]},"properties":{"h":"residential","w":0.7}},{"type":"Feature","geometry":{"type":"LineString","coordinates":[[108.22217,16.061088],[108.222094,16.061049]]},"properties":{"h":"residential","w":0.7}},{"type":"Feature","geometry":{"type":"LineString","coordinates":[[108.22217,16.061088],[108.222165,16.061362]]},"properties":{"h":"residential","w":0.7}},{"type":"Feature","geometry":{"type":"LineString","coordinates":[[108.222796,16.073673],[108.222512,16.073629]]},"properties":{"h":"residential","w":0.7}},{"type":"Feature","geometry":{"type":"LineString","coordinates":[[108.222796,16.073673],[108.22296,16.073695],[108.222975,16.07358],[108.222818,16.073561],[108.222796,16.073673]]},"properties":{"h":"residential","w":0.7}},{"type":"Feature","geometry":{"type":"LineString","coordinates":[[108.222796,16.073673],[108.222818,16.073561],[108.222975,16.07358],[108.22296,16.073695],[108.222796,16.073673]]},"properties":{"h":"residential","w":0.7}},{"type":"Feature","geometry":{"type":"LineString","coordinates":[[108.202662,16.057945],[108.202584,16.058184],[108.20248,16.059012]]},"properties":{"h":"residential","w":0.7}},{"type":"Feature","geometry":{"type":"LineString","coordinates":[[108.202662,16.057945],[108.202747,16.057722],[108.202773,16.057575]]},"properties":{"h":"unclassified","w":0.7}},{"type":"Feature","geometry":{"type":"LineString","coordinates":[[108.202773,16.057575],[108.203086,16.05548],[108.203162,16.055349]]},"properties":{"h":"unclassified","w":0.7}},{"type":"Feature","geometry":{"type":"LineString","coordinates":[[108.214524,16.056565],[108.214602,16.056376]]},"properties":{"h":"residential","w":0.7}},{"type":"Feature","geometry":{"type":"LineString","coordinates":[[108.214602,16.056376],[108.21453,16.056347]]},"properties":{"h":"residential","w":0.7}},{"type":"Feature","geometry":{"type":"LineString","coordinates":[[108.214602,16.056376],[108.214715,16.056422]]},"properties":{"h":"residential","w":0.7}},{"type":"Feature","geometry":{"type":"LineString","coordinates":[[108.214602,16.056376],[108.214524,16.056565]]},"properties":{"h":"residential","w":0.7}},{"type":"Feature","geometry":{"type":"LineString","coordinates":[[108.214687,16.056732],[108.214762,16.056437]]},"properties":{"h":"residential","w":0.7}},{"type":"Feature","geometry":{"type":"LineString","coordinates":[[108.214762,16.056437],[108.214715,16.056422]]},"properties":{"h":"residential","w":0.7}},{"type":"Feature","geometry":{"type":"LineString","coordinates":[[108.214762,16.056437],[108.214857,16.056468]]},"properties":{"h":"residential","w":0.7}},{"type":"Feature","geometry":{"type":"LineString","coordinates":[[108.214762,16.056437],[108.214687,16.056732]]},"properties":{"h":"residential","w":0.7}},{"type":"Feature","geometry":{"type":"LineString","coordinates":[[108.21527,16.056548],[108.21517,16.056545],[108.215006,16.056509]]},"properties":{"h":"residential","w":0.7}},{"type":"Feature","geometry":{"type":"LineString","coordinates":[[108.21527,16.056548],[108.215401,16.056537],[108.215811,16.056428]]},"properties":{"h":"residential","w":0.7}},{"type":"Feature","geometry":{"type":"LineString","coordinates":[[108.21527,16.056548],[108.21526,16.056722],[108.215182,16.056812],[108.215113,16.057108]]},"properties":{"h":"residential","w":0.7}},{"type":"Feature","geometry":{"type":"LineString","coordinates":[[108.232867,16.037142],[108.232809,16.037614]]},"properties":{"h":"residential","w":0.7}},{"type":"Feature","geometry":{"type":"LineString","coordinates":[[108.232867,16.037142],[108.231963,16.037037],[108.231905,16.037015],[108.231892,16.036961],[108.231935,16.036645],[108.231962,16.036598],[108.232018,16.036581],[108.232912,16.036685]]},"properties":{"h":"residential","w":0.7}},{"type":"Feature","geometry":{"type":"LineString","coordinates":[[108.232867,16.037142],[108.232912,16.036685]]},"properties":{"h":"residential","w":0.7}},{"type":"Feature","geometry":{"type":"LineString","coordinates":[[108.232912,16.036685],[108.232018,16.036581],[108.231962,16.036598],[108.231935,16.036645],[108.231892,16.036961],[108.231905,16.037015],[108.231963,16.037037],[108.232867,16.037142]]},"properties":{"h":"residential","w":0.7}},{"type":"Feature","geometry":{"type":"LineString","coordinates":[[108.232912,16.036685],[108.232867,16.037142]]},"properties":{"h":"residential","w":0.7}},{"type":"Feature","geometry":{"type":"LineString","coordinates":[[108.232912,16.036685],[108.232995,16.036185]]},"properties":{"h":"residential","w":0.7}},{"type":"Feature","geometry":{"type":"LineString","coordinates":[[108.231561,16.033719],[108.231587,16.033653]]},"properties":{"h":"residential","w":0.7}},{"type":"Feature","geometry":{"type":"LineString","coordinates":[[108.231561,16.033719],[108.231428,16.034233]]},"properties":{"h":"residential","w":0.7}},{"type":"Feature","geometry":{"type":"LineString","coordinates":[[108.231561,16.033719],[108.229057,16.033209]]},"properties":{"h":"residential","w":0.7}},{"type":"Feature","geometry":{"type":"LineString","coordinates":[[108.231587,16.033653],[108.231561,16.033719]]},"properties":{"h":"residential","w":0.7}},{"type":"Feature","geometry":{"type":"LineString","coordinates":[[108.231587,16.033653],[108.233236,16.033989]]},"properties":{"h":"residential","w":0.7}},{"type":"Feature","geometry":{"type":"LineString","coordinates":[[108.231587,16.033653],[108.231682,16.033199]]},"properties":{"h":"residential","w":0.7}},{"type":"Feature","geometry":{"type":"LineString","coordinates":[[108.222492,16.033218],[108.222697,16.033248]]},"properties":{"h":"residential","w":0.7}},{"type":"Feature","geometry":{"type":"LineString","coordinates":[[108.222697,16.033248],[108.222492,16.033218]]},"properties":{"h":"residential","w":0.7}},{"type":"Feature","geometry":{"type":"LineString","coordinates":[[108.222697,16.033248],[108.222753,16.032894]]},"properties":{"h":"secondary","w":1.3}},{"type":"Feature","geometry":{"type":"LineString","coordinates":[[108.222697,16.033248],[108.222572,16.03417]]},"properties":{"h":"secondary","w":1.3}},{"type":"Feature","geometry":{"type":"LineString","coordinates":[[108.215697,16.060543],[108.215684,16.060643]]},"properties":{"h":"primary_link","w":1.0}},{"type":"Feature","geometry":{"type":"LineString","coordinates":[[108.215697,16.060543],[108.21648,16.060647],[108.216762,16.060671],[108.216912,16.060662]]},"properties":{"h":"primary","w":1.8}},{"type":"Feature","geometry":{"type":"LineString","coordinates":[[108.215684,16.060643],[108.215697,16.060543]]},"properties":{"h":"primary_link","w":1.0}},{"type":"Feature","geometry":{"type":"LineString","coordinates":[[108.212671,16.081763],[108.212915,16.081689]]},"properties":{"h":"residential","w":0.7}},{"type":"Feature","geometry":{"type":"LineString","coordinates":[[108.212671,16.081763],[108.213077,16.082256]]},"properties":{"h":"residential","w":0.7}},{"type":"Feature","geometry":{"type":"LineString","coordinates":[[108.212671,16.081763],[108.212523,16.081573],[108.212067,16.080624],[108.21178,16.080114],[108.211643,16.079921],[108.211525,16.079811]]},"properties":{"h":"residential","w":0.7}},{"type":"Feature","geometry":{"type":"LineString","coordinates":[[108.21495,16.082654],[108.214651,16.082047]]},"properties":{"h":"residential","w":0.7}},{"type":"Feature","geometry":{"type":"LineString","coordinates":[[108.222139,16.033967],[108.222118,16.034095]]},"properties":{"h":"residential","w":0.7}},{"type":"Feature","geometry":{"type":"LineString","coordinates":[[108.222118,16.034095],[108.222572,16.03417]]},"properties":{"h":"residential","w":0.7}},{"type":"Feature","geometry":{"type":"LineString","coordinates":[[108.222118,16.034095],[108.221869,16.034059]]},"properties":{"h":"residential","w":0.7}},{"type":"Feature","geometry":{"type":"LineString","coordinates":[[108.222118,16.034095],[108.222139,16.033967]]},"properties":{"h":"residential","w":0.7}},{"type":"Feature","geometry":{"type":"LineString","coordinates":[[108.217622,16.036406],[108.217708,16.036441]]},"properties":{"h":"tertiary","w":0.8}},{"type":"Feature","geometry":{"type":"LineString","coordinates":[[108.217622,16.036406],[108.217139,16.037139]]},"properties":{"h":"residential","w":0.7}},{"type":"Feature","geometry":{"type":"LineString","coordinates":[[108.217622,16.036406],[108.217181,16.036223]]},"properties":{"h":"tertiary","w":0.8}},{"type":"Feature","geometry":{"type":"LineString","coordinates":[[108.22235,16.037197],[108.222179,16.037159]]},"properties":{"h":"residential","w":0.7}},{"type":"Feature","geometry":{"type":"LineString","coordinates":[[108.222179,16.037159],[108.222124,16.037548]]},"properties":{"h":"secondary","w":1.3}},{"type":"Feature","geometry":{"type":"LineString","coordinates":[[108.222179,16.037159],[108.222223,16.036822]]},"properties":{"h":"secondary","w":1.3}},{"type":"Feature","geometry":{"type":"LineString","coordinates":[[108.222179,16.037159],[108.22235,16.037197]]},"properties":{"h":"residential","w":0.7}},{"type":"Feature","geometry":{"type":"LineString","coordinates":[[108.224151,16.033457],[108.22399,16.033224],[108.223749,16.033014]]},"properties":{"h":"primary_link","w":1.0}},{"type":"Feature","geometry":{"type":"LineString","coordinates":[[108.224151,16.033457],[108.224203,16.033072]]},"properties":{"h":"primary","w":1.8}},{"type":"Feature","geometry":{"type":"LineString","coordinates":[[108.224284,16.07199],[108.224964,16.072088]]},"properties":{"h":"primary_link","w":1.0}},{"type":"Feature","geometry":{"type":"LineString","coordinates":[[108.215253,16.084186],[108.214671,16.08269],[108.214488,16.082165],[108.214501,16.082107],[108.214651,16.082047]]},"properties":{"h":"residential","w":0.7}},{"type":"Feature","geometry":{"type":"LineString","coordinates":[[108.214651,16.082047],[108.21411,16.081123]]},"properties":{"h":"residential","w":0.7}},{"type":"Feature","geometry":{"type":"LineString","coordinates":[[108.214651,16.082047],[108.21495,16.082654]]},"properties":{"h":"residential","w":0.7}},{"type":"Feature","geometry":{"type":"LineString","coordinates":[[108.214651,16.082047],[108.214501,16.082107],[108.214488,16.082165],[108.214671,16.08269],[108.215253,16.084186]]},"properties":{"h":"residential","w":0.7}},{"type":"Feature","geometry":{"type":"LineString","coordinates":[[108.223334,16.036336],[108.223294,16.036741]]},"properties":{"h":"residential","w":0.7}},{"type":"Feature","geometry":{"type":"LineString","coordinates":[[108.223334,16.036336],[108.222996,16.036303]]},"properties":{"h":"residential","w":0.7}},{"type":"Feature","geometry":{"type":"LineString","coordinates":[[108.223334,16.036336],[108.223801,16.03639]]},"properties":{"h":"residential","w":0.7}},{"type":"Feature","geometry":{"type":"LineString","coordinates":[[108.223334,16.036336],[108.223423,16.03547]]},"properties":{"h":"residential","w":0.7}},{"type":"Feature","geometry":{"type":"LineString","coordinates":[[108.223598,16.032992],[108.222753,16.032894]]},"properties":{"h":"primary","w":1.8}},{"type":"Feature","geometry":{"type":"LineString","coordinates":[[108.223598,16.032992],[108.223566,16.033187],[108.223452,16.033426]]},"properties":{"h":"residential","w":0.7}},{"type":"Feature","geometry":{"type":"LineString","coordinates":[[108.223452,16.033426],[108.223566,16.033187],[108.223598,16.032992]]},"properties":{"h":"residential","w":0.7}},{"type":"Feature","geometry":{"type":"LineString","coordinates":[[108.208971,16.044114],[108.208755,16.044024]]},"properties":{"h":"residential","w":0.7}},{"type":"Feature","geometry":{"type":"LineString","coordinates":[[108.208755,16.044024],[108.208842,16.043886]]},"properties":{"h":"residential","w":0.7}},{"type":"Feature","geometry":{"type":"LineString","coordinates":[[108.208755,16.044024],[108.208971,16.044114]]},"properties":{"h":"residential","w":0.7}},{"type":"Feature","geometry":{"type":"LineString","coordinates":[[108.208755,16.044024],[108.208541,16.04442]]},"properties":{"h":"residential","w":0.7}},{"type":"Feature","geometry":{"type":"LineString","coordinates":[[108.209801,16.045289],[108.209872,16.044684]]},"properties":{"h":"primary","w":1.8}},{"type":"Feature","geometry":{"type":"LineString","coordinates":[[108.209647,16.045385],[108.209627,16.045367]]},"properties":{"h":"residential","w":0.7}},{"type":"Feature","geometry":{"type":"LineString","coordinates":[[108.209647,16.045385],[108.209776,16.045488]]},"properties":{"h":"residential","w":0.7}},{"type":"Feature","geometry":{"type":"LineString","coordinates":[[108.209647,16.045385],[108.209752,16.045347],[108.209801,16.045289]]},"properties":{"h":"primary_link","w":1.0}},{"type":"Feature","geometry":{"type":"LineString","coordinates":[[108.219954,16.066039],[108.220081,16.065994]]},"properties":{"h":"tertiary_link","w":0.6}},{"type":"Feature","geometry":{"type":"LineString","coordinates":[[108.219954,16.066039],[108.22008,16.066221]]},"properties":{"h":"tertiary","w":0.8}},{"type":"Feature","geometry":{"type":"LineString","coordinates":[[108.221474,16.065123],[108.221466,16.064752]]},"properties":{"h":"residential","w":0.7}},{"type":"Feature","geometry":{"type":"LineString","coordinates":[[108.221474,16.065123],[108.220731,16.065202]]},"properties":{"h":"residential","w":0.7}},{"type":"Feature","geometry":{"type":"LineString","coordinates":[[108.221474,16.065123],[108.222371,16.065034]]},"properties":{"h":"residential","w":0.7}},{"type":"Feature","geometry":{"type":"LineString","coordinates":[[108.21795,16.060881],[108.217314,16.061202]]},"properties":{"h":"residential","w":0.7}},{"type":"Feature","geometry":{"type":"LineString","coordinates":[[108.225087,16.033114],[108.225484,16.033209]]},"properties":{"h":"trunk","w":2.2}},{"type":"Feature","geometry":{"type":"LineString","coordinates":[[108.224766,16.032902],[108.225491,16.033034]]},"properties":{"h":"tertiary","w":0.8}},{"type":"Feature","geometry":{"type":"LineString","coordinates":[[108.224766,16.032902],[108.225087,16.033114]]},"properties":{"h":"trunk_link","w":1.2}},{"type":"Feature","geometry":{"type":"LineString","coordinates":[[108.222207,16.029533],[108.221964,16.029584]]},"properties":{"h":"residential","w":0.7}},{"type":"Feature","geometry":{"type":"LineString","coordinates":[[108.222589,16.027587],[108.222466,16.027757]]},"properties":{"h":"residential","w":0.7}},{"type":"Feature","geometry":{"type":"LineString","coordinates":[[108.222466,16.027757],[108.222589,16.027587]]},"properties":{"h":"residential","w":0.7}},{"type":"Feature","geometry":{"type":"LineString","coordinates":[[108.222466,16.027757],[108.22257,16.027984]]},"properties":{"h":"trunk","w":2.2}},{"type":"Feature","geometry":{"type":"LineString","coordinates":[[108.223306,16.027908],[108.223252,16.028099]]},"properties":{"h":"residential","w":0.7}},{"type":"Feature","geometry":{"type":"LineString","coordinates":[[108.223252,16.028099],[108.223443,16.028143]]},"properties":{"h":"residential","w":0.7}},{"type":"Feature","geometry":{"type":"LineString","coordinates":[[108.223252,16.028099],[108.223306,16.027908]]},"properties":{"h":"residential","w":0.7}},{"type":"Feature","geometry":{"type":"LineString","coordinates":[[108.223252,16.028099],[108.222737,16.027986],[108.22257,16.027984]]},"properties":{"h":"residential","w":0.7}},{"type":"Feature","geometry":{"type":"LineString","coordinates":[[108.212599,16.048031],[108.210564,16.046181]]},"properties":{"h":"secondary","w":1.3}},{"type":"Feature","geometry":{"type":"LineString","coordinates":[[108.212599,16.048031],[108.212829,16.048234]]},"properties":{"h":"secondary","w":1.3}},{"type":"Feature","geometry":{"type":"LineString","coordinates":[[108.212573,16.048319],[108.212682,16.048267],[108.212829,16.048234]]},"properties":{"h":"primary","w":1.8}},{"type":"Feature","geometry":{"type":"LineString","coordinates":[[108.212573,16.048319],[108.212598,16.048216]]},"properties":{"h":"primary_link","w":1.0}},{"type":"Feature","geometry":{"type":"LineString","coordinates":[[108.212598,16.048216],[108.210752,16.047981],[108.210271,16.047963],[108.210031,16.048006],[108.209592,16.048148]]},"properties":{"h":"residential","w":0.7}},{"type":"Feature","geometry":{"type":"LineString","coordinates":[[108.212598,16.048216],[108.212599,16.048031]]},"properties":{"h":"primary_link","w":1.0}},{"type":"Feature","geometry":{"type":"LineString","coordinates":[[108.222785,16.031369],[108.222784,16.03134]]},"properties":{"h":"secondary","w":1.3}},{"type":"Feature","geometry":{"type":"LineString","coordinates":[[108.222785,16.031369],[108.222799,16.031723]]},"properties":{"h":"secondary","w":1.3}},{"type":"Feature","geometry":{"type":"LineString","coordinates":[[108.222785,16.031369],[108.223485,16.031307],[108.223823,16.03118]]},"properties":{"h":"residential","w":0.7}},{"type":"Feature","geometry":{"type":"LineString","coordinates":[[108.222951,16.030473],[108.222715,16.030452]]},"properties":{"h":"residential","w":0.7}},{"type":"Feature","geometry":{"type":"LineString","coordinates":[[108.222715,16.030452],[108.222756,16.03083]]},"properties":{"h":"secondary","w":1.3}},{"type":"Feature","geometry":{"type":"LineString","coordinates":[[108.222715,16.030452],[108.222951,16.030473]]},"properties":{"h":"residential","w":0.7}},{"type":"Feature","geometry":{"type":"LineString","coordinates":[[108.222715,16.030452],[108.222703,16.030355]]},"properties":{"h":"secondary","w":1.3}},{"type":"Feature","geometry":{"type":"LineString","coordinates":[[108.223368,16.028343],[108.223443,16.028143]]},"properties":{"h":"residential","w":0.7}},{"type":"Feature","geometry":{"type":"LineString","coordinates":[[108.223443,16.028143],[108.223252,16.028099]]},"properties":{"h":"residential","w":0.7}},{"type":"Feature","geometry":{"type":"LineString","coordinates":[[108.223443,16.028143],[108.223368,16.028343]]},"properties":{"h":"residential","w":0.7}},{"type":"Feature","geometry":{"type":"LineString","coordinates":[[108.223443,16.028143],[108.223828,16.028226],[108.22416,16.028265]]},"properties":{"h":"residential","w":0.7}},{"type":"Feature","geometry":{"type":"LineString","coordinates":[[108.217557,16.045024],[108.21752,16.045012]]},"properties":{"h":"secondary","w":1.3}},{"type":"Feature","geometry":{"type":"LineString","coordinates":[[108.217557,16.045024],[108.217799,16.045115]]},"properties":{"h":"secondary","w":1.3}},{"type":"Feature","geometry":{"type":"LineString","coordinates":[[108.217557,16.045024],[108.217589,16.044942],[108.217627,16.0449],[108.217847,16.044941]]},"properties":{"h":"residential","w":0.7}},{"type":"Feature","geometry":{"type":"LineString","coordinates":[[108.217557,16.045024],[108.217482,16.045289],[108.217479,16.04544]]},"properties":{"h":"residential","w":0.7}},{"type":"Feature","geometry":{"type":"LineString","coordinates":[[108.213365,16.055365],[108.213551,16.055364]]},"properties":{"h":"residential","w":0.7}},{"type":"Feature","geometry":{"type":"LineString","coordinates":[[108.213365,16.055365],[108.212901,16.05534]]},"properties":{"h":"residential","w":0.7}},{"type":"Feature","geometry":{"type":"LineString","coordinates":[[108.213365,16.055365],[108.213398,16.055476],[108.213361,16.055491],[108.21329,16.055682],[108.213333,16.0557],[108.213274,16.055975]]},"properties":{"h":"residential","w":0.7}},{"type":"Feature","geometry":{"type":"LineString","coordinates":[[108.213274,16.055975],[108.213007,16.055909]]},"properties":{"h":"residential","w":0.7}},{"type":"Feature","geometry":{"type":"LineString","coordinates":[[108.213274,16.055975],[108.213529,16.05604]]},"properties":{"h":"residential","w":0.7}},{"type":"Feature","geometry":{"type":"LineString","coordinates":[[108.213274,16.055975],[108.213333,16.0557],[108.21329,16.055682],[108.213361,16.055491],[108.213398,16.055476],[108.213365,16.055365]]},"properties":{"h":"residential","w":0.7}},{"type":"Feature","geometry":{"type":"LineString","coordinates":[[108.215344,16.0661],[108.215604,16.066175]]},"properties":{"h":"residential","w":0.7}},{"type":"Feature","geometry":{"type":"LineString","coordinates":[[108.215113,16.057108],[108.215182,16.056812],[108.21526,16.056722],[108.21527,16.056548]]},"properties":{"h":"residential","w":0.7}},{"type":"Feature","geometry":{"type":"LineString","coordinates":[[108.2149,16.056768],[108.214946,16.056699],[108.215006,16.056509]]},"properties":{"h":"residential","w":0.7}},{"type":"Feature","geometry":{"type":"LineString","coordinates":[[108.215006,16.056509],[108.214857,16.056468]]},"properties":{"h":"residential","w":0.7}},{"type":"Feature","geometry":{"type":"LineString","coordinates":[[108.215006,16.056509],[108.21517,16.056545],[108.21527,16.056548]]},"properties":{"h":"residential","w":0.7}},{"type":"Feature","geometry":{"type":"LineString","coordinates":[[108.215006,16.056509],[108.214946,16.056699],[108.2149,16.056768]]},"properties":{"h":"residential","w":0.7}},{"type":"Feature","geometry":{"type":"LineString","coordinates":[[108.218947,16.054443],[108.219015,16.05404]]},"properties":{"h":"tertiary","w":0.8}},{"type":"Feature","geometry":{"type":"LineString","coordinates":[[108.218947,16.054443],[108.218429,16.054416],[108.218429,16.054495]]},"properties":{"h":"residential","w":0.7}},{"type":"Feature","geometry":{"type":"LineString","coordinates":[[108.21637,16.086259],[108.216452,16.08619]]},"properties":{"h":"residential","w":0.7}},{"type":"Feature","geometry":{"type":"LineString","coordinates":[[108.21637,16.086259],[108.216594,16.086771]]},"properties":{"h":"residential","w":0.7}},{"type":"Feature","geometry":{"type":"LineString","coordinates":[[108.21637,16.086259],[108.2158,16.08676]]},"properties":{"h":"residential","w":0.7}},{"type":"Feature","geometry":{"type":"LineString","coordinates":[[108.213423,16.080047],[108.213057,16.080252]]},"properties":{"h":"residential","w":0.7}},{"type":"Feature","geometry":{"type":"LineString","coordinates":[[108.213423,16.080047],[108.21287,16.079228]]},"properties":{"h":"residential","w":0.7}},{"type":"Feature","geometry":{"type":"LineString","coordinates":[[108.213423,16.080047],[108.213721,16.080509]]},"properties":{"h":"residential","w":0.7}},{"type":"Feature","geometry":{"type":"LineString","coordinates":[[108.222701,16.071665],[108.222709,16.07159]]},"properties":{"h":"residential","w":0.7}},{"type":"Feature","geometry":{"type":"LineString","coordinates":[[108.222701,16.071665],[108.222331,16.071621]]},"properties":{"h":"primary","w":1.8}},{"type":"Feature","geometry":{"type":"LineString","coordinates":[[108.222701,16.071665],[108.222606,16.072736],[108.222507,16.073195]]},"properties":{"h":"residential","w":0.7}},{"type":"Feature","geometry":{"type":"LineString","coordinates":[[108.207199,16.080611],[108.207275,16.080564]]},"properties":{"h":"residential","w":0.7}},{"type":"Feature","geometry":{"type":"LineString","coordinates":[[108.207199,16.080611],[108.207001,16.08026],[108.20633,16.079277]]},"properties":{"h":"residential","w":0.7}},{"type":"Feature","geometry":{"type":"LineString","coordinates":[[108.207779,16.081849],[108.207684,16.081876]]},"properties":{"h":"residential","w":0.7}},{"type":"Feature","geometry":{"type":"LineString","coordinates":[[108.207779,16.081849],[108.208692,16.081586]]},"properties":{"h":"residential","w":0.7}},{"type":"Feature","geometry":{"type":"LineString","coordinates":[[108.20633,16.079277],[108.206407,16.079228]]},"properties":{"h":"residential","w":0.7}},{"type":"Feature","geometry":{"type":"LineString","coordinates":[[108.20633,16.079277],[108.206221,16.079115]]},"properties":{"h":"residential","w":0.7}},{"type":"Feature","geometry":{"type":"LineString","coordinates":[[108.206298,16.079065],[108.206221,16.079115]]},"properties":{"h":"residential","w":0.7}},{"type":"Feature","geometry":{"type":"LineString","coordinates":[[108.206298,16.079065],[108.206767,16.078763]]},"properties":{"h":"residential","w":0.7}},{"type":"Feature","geometry":{"type":"LineString","coordinates":[[108.206298,16.079065],[108.206407,16.079228]]},"properties":{"h":"residential","w":0.7}},{"type":"Feature","geometry":{"type":"LineString","coordinates":[[108.206221,16.079115],[108.206298,16.079065]]},"properties":{"h":"residential","w":0.7}},{"type":"Feature","geometry":{"type":"LineString","coordinates":[[108.208244,16.077718],[108.207935,16.078033]]},"properties":{"h":"residential","w":0.7}},{"type":"Feature","geometry":{"type":"LineString","coordinates":[[108.208378,16.077895],[108.208088,16.078164]]},"properties":{"h":"residential","w":0.7}},{"type":"Feature","geometry":{"type":"LineString","coordinates":[[108.219873,16.080105],[108.21981,16.080636]]},"properties":{"h":"residential","w":0.7}},{"type":"Feature","geometry":{"type":"LineString","coordinates":[[108.219873,16.080105],[108.219901,16.080108]]},"properties":{"h":"tertiary","w":0.8}},{"type":"Feature","geometry":{"type":"LineString","coordinates":[[108.219873,16.080105],[108.219232,16.080024]]},"properties":{"h":"tertiary","w":0.8}},{"type":"Feature","geometry":{"type":"LineString","coordinates":[[108.21981,16.080636],[108.219873,16.080105]]},"properties":{"h":"residential","w":0.7}},{"type":"Feature","geometry":{"type":"LineString","coordinates":[[108.212168,16.076718],[108.211139,16.076527],[108.210868,16.076438],[108.210629,16.076111]]},"properties":{"h":"residential","w":0.7}},{"type":"Feature","geometry":{"type":"LineString","coordinates":[[108.212168,16.076718],[108.212,16.077584]]},"properties":{"h":"secondary","w":1.3}},{"type":"Feature","geometry":{"type":"LineString","coordinates":[[108.212168,16.076718],[108.212243,16.0763]]},"properties":{"h":"secondary","w":1.3}},{"type":"Feature","geometry":{"type":"LineString","coordinates":[[108.219508,16.077766],[108.21892,16.077699]]},"properties":{"h":"residential","w":0.7}},{"type":"Feature","geometry":{"type":"LineString","coordinates":[[108.219508,16.077766],[108.219585,16.077236]]},"properties":{"h":"tertiary","w":0.8}},{"type":"Feature","geometry":{"type":"LineString","coordinates":[[108.21892,16.077699],[108.219508,16.077766]]},"properties":{"h":"residential","w":0.7}},{"type":"Feature","geometry":{"type":"LineString","coordinates":[[108.203918,16.059548],[108.20484,16.059937]]},"properties":{"h":"residential","w":0.7}},{"type":"Feature","geometry":{"type":"LineString","coordinates":[[108.203918,16.059548],[108.203857,16.060016]]},"properties":{"h":"residential","w":0.7}},{"type":"Feature","geometry":{"type":"LineString","coordinates":[[108.203918,16.059548],[108.203945,16.059188],[108.203974,16.059061],[108.204377,16.058241]]},"properties":{"h":"residential","w":0.7}},{"type":"Feature","geometry":{"type":"LineString","coordinates":[[108.20484,16.059937],[108.203918,16.059548]]},"properties":{"h":"residential","w":0.7}},{"type":"Feature","geometry":{"type":"LineString","coordinates":[[108.20484,16.059937],[108.204658,16.06035]]},"properties":{"h":"residential","w":0.7}},{"type":"Feature","geometry":{"type":"LineString","coordinates":[[108.20484,16.059937],[108.205432,16.058571]]},"properties":{"h":"residential","w":0.7}},{"type":"Feature","geometry":{"type":"LineString","coordinates":[[108.203857,16.060016],[108.204658,16.06035]]},"properties":{"h":"residential","w":0.7}},{"type":"Feature","geometry":{"type":"LineString","coordinates":[[108.203857,16.060016],[108.203918,16.059548]]},"properties":{"h":"residential","w":0.7}},{"type":"Feature","geometry":{"type":"LineString","coordinates":[[108.203857,16.060016],[108.203789,16.060467]]},"properties":{"h":"residential","w":0.7}},{"type":"Feature","geometry":{"type":"LineString","coordinates":[[108.203789,16.060467],[108.204425,16.060738]]},"properties":{"h":"residential","w":0.7}},{"type":"Feature","geometry":{"type":"LineString","coordinates":[[108.203789,16.060467],[108.203857,16.060016]]},"properties":{"h":"residential","w":0.7}},{"type":"Feature","geometry":{"type":"LineString","coordinates":[[108.203789,16.060467],[108.203711,16.060874]]},"properties":{"h":"residential","w":0.7}},{"type":"Feature","geometry":{"type":"LineString","coordinates":[[108.204425,16.060738],[108.203789,16.060467]]},"properties":{"h":"residential","w":0.7}},{"type":"Feature","geometry":{"type":"LineString","coordinates":[[108.204425,16.060738],[108.204159,16.061023],[108.204066,16.061095]]},"properties":{"h":"residential","w":0.7}},{"type":"Feature","geometry":{"type":"LineString","coordinates":[[108.204425,16.060738],[108.204486,16.060667],[108.204658,16.06035]]},"properties":{"h":"residential","w":0.7}},{"type":"Feature","geometry":{"type":"LineString","coordinates":[[108.222285,16.061149],[108.22217,16.061088]]},"properties":{"h":"residential","w":0.7}},{"type":"Feature","geometry":{"type":"LineString","coordinates":[[108.222285,16.061149],[108.222284,16.061493],[108.222236,16.061501],[108.222244,16.061617],[108.221997,16.061617],[108.221957,16.061975]]},"properties":{"h":"residential","w":0.7}},{"type":"Feature","geometry":{"type":"LineString","coordinates":[[108.222295,16.061808],[108.22207,16.061831],[108.222051,16.062016],[108.221957,16.061975]]},"properties":{"h":"residential","w":0.7}},{"type":"Feature","geometry":{"type":"LineString","coordinates":[[108.221957,16.061975],[108.221752,16.062005]]},"properties":{"h":"residential","w":0.7}},{"type":"Feature","geometry":{"type":"LineString","coordinates":[[108.221957,16.061975],[108.221997,16.061617],[108.222244,16.061617],[108.222236,16.061501],[108.222284,16.061493],[108.222285,16.061149]]},"properties":{"h":"residential","w":0.7}},{"type":"Feature","geometry":{"type":"LineString","coordinates":[[108.221957,16.061975],[108.222051,16.062016],[108.22207,16.061831],[108.222295,16.061808]]},"properties":{"h":"residential","w":0.7}},{"type":"Feature","geometry":{"type":"LineString","coordinates":[[108.221752,16.062005],[108.221706,16.061836]]},"properties":{"h":"residential","w":0.7}},{"type":"Feature","geometry":{"type":"LineString","coordinates":[[108.221752,16.062005],[108.22179,16.062143]]},"properties":{"h":"residential","w":0.7}},{"type":"Feature","geometry":{"type":"LineString","coordinates":[[108.221752,16.062005],[108.221957,16.061975]]},"properties":{"h":"residential","w":0.7}},{"type":"Feature","geometry":{"type":"LineString","coordinates":[[108.222341,16.061962],[108.222349,16.062089],[108.22193,16.062207],[108.221973,16.062289],[108.221843,16.062332]]},"properties":{"h":"residential","w":0.7}},{"type":"Feature","geometry":{"type":"LineString","coordinates":[[108.221843,16.062332],[108.22179,16.062143]]},"properties":{"h":"residential","w":0.7}},{"type":"Feature","geometry":{"type":"LineString","coordinates":[[108.221843,16.062332],[108.221956,16.062737]]},"properties":{"h":"residential","w":0.7}},{"type":"Feature","geometry":{"type":"LineString","coordinates":[[108.221843,16.062332],[108.221973,16.062289],[108.22193,16.062207],[108.222349,16.062089],[108.222341,16.061962]]},"properties":{"h":"residential","w":0.7}},{"type":"Feature","geometry":{"type":"LineString","coordinates":[[108.221209,16.061931],[108.221706,16.061836]]},"properties":{"h":"residential","w":0.7}},{"type":"Feature","geometry":{"type":"LineString","coordinates":[[108.221706,16.061836],[108.221672,16.061712]]},"properties":{"h":"residential","w":0.7}},{"type":"Feature","geometry":{"type":"LineString","coordinates":[[108.221706,16.061836],[108.221752,16.062005]]},"properties":{"h":"residential","w":0.7}},{"type":"Feature","geometry":{"type":"LineString","coordinates":[[108.221706,16.061836],[108.221209,16.061931]]},"properties":{"h":"residential","w":0.7}},{"type":"Feature","geometry":{"type":"LineString","coordinates":[[108.221672,16.061712],[108.221637,16.061588]]},"properties":{"h":"residential","w":0.7}},{"type":"Feature","geometry":{"type":"LineString","coordinates":[[108.221672,16.061712],[108.221706,16.061836]]},"properties":{"h":"residential","w":0.7}},{"type":"Feature","geometry":{"type":"LineString","coordinates":[[108.221672,16.061712],[108.221378,16.0618],[108.221327,16.061668]]},"properties":{"h":"residential","w":0.7}},{"type":"Feature","geometry":{"type":"LineString","coordinates":[[108.221327,16.061668],[108.221637,16.061588]]},"properties":{"h":"residential","w":0.7}},{"type":"Feature","geometry":{"type":"LineString","coordinates":[[108.221327,16.061668],[108.221005,16.061751]]},"properties":{"h":"residential","w":0.7}},{"type":"Feature","geometry":{"type":"LineString","coordinates":[[108.221327,16.061668],[108.221378,16.0618],[108.221672,16.061712]]},"properties":{"h":"residential","w":0.7}},{"type":"Feature","geometry":{"type":"LineString","coordinates":[[108.221637,16.061588],[108.221672,16.061712]]},"properties":{"h":"residential","w":0.7}},{"type":"Feature","geometry":{"type":"LineString","coordinates":[[108.221637,16.061588],[108.221327,16.061668]]},"properties":{"h":"residential","w":0.7}},{"type":"Feature","geometry":{"type":"LineString","coordinates":[[108.221637,16.061588],[108.221505,16.061107]]},"properties":{"h":"residential","w":0.7}},{"type":"Feature","geometry":{"type":"LineString","coordinates":[[108.221005,16.061751],[108.221327,16.061668]]},"properties":{"h":"residential","w":0.7}},{"type":"Feature","geometry":{"type":"LineString","coordinates":[[108.220321,16.061743],[108.219945,16.061717],[108.219891,16.061558]]},"properties":{"h":"residential","w":0.7}},{"type":"Feature","geometry":{"type":"LineString","coordinates":[[108.219891,16.061558],[108.219669,16.06162]]},"properties":{"h":"residential","w":0.7}},{"type":"Feature","geometry":{"type":"LineString","coordinates":[[108.219891,16.061558],[108.220449,16.061402]]},"properties":{"h":"residential","w":0.7}},{"type":"Feature","geometry":{"type":"LineString","coordinates":[[108.219891,16.061558],[108.219945,16.061717],[108.220321,16.061743]]},"properties":{"h":"residential","w":0.7}},{"type":"Feature","geometry":{"type":"LineString","coordinates":[[108.220216,16.062184],[108.219724,16.062248]]},"properties":{"h":"residential","w":0.7}},{"type":"Feature","geometry":{"type":"LineString","coordinates":[[108.219724,16.062248],[108.220216,16.062184]]},"properties":{"h":"residential","w":0.7}},{"type":"Feature","geometry":{"type":"LineString","coordinates":[[108.219724,16.062248],[108.219669,16.06162]]},"properties":{"h":"tertiary","w":0.8}},{"type":"Feature","geometry":{"type":"LineString","coordinates":[[108.220364,16.062387],[108.220372,16.062328],[108.220549,16.062318],[108.220449,16.061402]]},"properties":{"h":"residential","w":0.7}},{"type":"Feature","geometry":{"type":"LineString","coordinates":[[108.220449,16.061402],[108.219891,16.061558]]},"properties":{"h":"residential","w":0.7}},{"type":"Feature","geometry":{"type":"LineString","coordinates":[[108.220449,16.061402],[108.221505,16.061107]]},"properties":{"h":"residential","w":0.7}},{"type":"Feature","geometry":{"type":"LineString","coordinates":[[108.220449,16.061402],[108.220549,16.062318],[108.220372,16.062328],[108.220364,16.062387]]},"properties":{"h":"residential","w":0.7}},{"type":"Feature","geometry":{"type":"LineString","coordinates":[[108.220837,16.062178],[108.221088,16.06213],[108.221099,16.062202],[108.22179,16.062143]]},"properties":{"h":"residential","w":0.7}},{"type":"Feature","geometry":{"type":"LineString","coordinates":[[108.219606,16.06129],[108.219545,16.060972]]},"properties":{"h":"tertiary","w":0.8}},{"type":"Feature","geometry":{"type":"LineString","coordinates":[[108.219606,16.06129],[108.21894,16.061318],[108.218395,16.061384]]},"properties":{"h":"residential","w":0.7}},{"type":"Feature","geometry":{"type":"LineString","coordinates":[[108.218395,16.061384],[108.21894,16.061318],[108.219606,16.06129]]},"properties":{"h":"residential","w":0.7}},{"type":"Feature","geometry":{"type":"LineString","coordinates":[[108.218395,16.061384],[108.218304,16.060899]]},"properties":{"h":"residential","w":0.7}},{"type":"Feature","geometry":{"type":"LineString","coordinates":[[108.218395,16.061384],[108.2185,16.06194]]},"properties":{"h":"residential","w":0.7}},{"type":"Feature","geometry":{"type":"LineString","coordinates":[[108.217314,16.061202],[108.217667,16.062193]]},"properties":{"h":"tertiary","w":0.8}},{"type":"Feature","geometry":{"type":"LineString","coordinates":[[108.217314,16.061202],[108.21795,16.060881]]},"properties":{"h":"residential","w":0.7}},{"type":"Feature","geometry":{"type":"LineString","coordinates":[[108.213433,16.056446],[108.213529,16.05604]]},"properties":{"h":"residential","w":0.7}},{"type":"Feature","geometry":{"type":"LineString","coordinates":[[108.213616,16.055691],[108.213529,16.05604]]},"properties":{"h":"residential","w":0.7}},{"type":"Feature","geometry":{"type":"LineString","coordinates":[[108.213616,16.055691],[108.213683,16.055421]]},"properties":{"h":"residential","w":0.7}},{"type":"Feature","geometry":{"type":"LineString","coordinates":[[108.213616,16.055691],[108.214022,16.05575]]},"properties":{"h":"residential","w":0.7}},{"type":"Feature","geometry":{"type":"LineString","coordinates":[[108.214022,16.05575],[108.213616,16.055691]]},"properties":{"h":"residential","w":0.7}},{"type":"Feature","geometry":{"type":"LineString","coordinates":[[108.213551,16.055364],[108.213365,16.055365]]},"properties":{"h":"residential","w":0.7}},{"type":"Feature","geometry":{"type":"LineString","coordinates":[[108.2149,16.05526],[108.214881,16.055317],[108.214627,16.055268]]},"properties":{"h":"residential","w":0.7}},{"type":"Feature","geometry":{"type":"LineString","coordinates":[[108.214627,16.055268],[108.214881,16.055317],[108.2149,16.05526]]},"properties":{"h":"residential","w":0.7}},{"type":"Feature","geometry":{"type":"LineString","coordinates":[[108.214627,16.055268],[108.214109,16.055201]]},"properties":{"h":"residential","w":0.7}},{"type":"Feature","geometry":{"type":"LineString","coordinates":[[108.214627,16.055268],[108.214627,16.055343],[108.214999,16.055441]]},"properties":{"h":"residential","w":0.7}},{"type":"Feature","geometry":{"type":"LineString","coordinates":[[108.214999,16.055441],[108.2149,16.055757]]},"properties":{"h":"residential","w":0.7}},{"type":"Feature","geometry":{"type":"LineString","coordinates":[[108.214999,16.055441],[108.215007,16.055413],[108.215091,16.055389]]},"properties":{"h":"residential","w":0.7}},{"type":"Feature","geometry":{"type":"LineString","coordinates":[[108.214999,16.055441],[108.214627,16.055343],[108.214627,16.055268]]},"properties":{"h":"residential","w":0.7}},{"type":"Feature","geometry":{"type":"LineString","coordinates":[[108.214428,16.055379],[108.2145,16.055487],[108.214433,16.055643]]},"properties":{"h":"residential","w":0.7}},{"type":"Feature","geometry":{"type":"LineString","coordinates":[[108.214433,16.055643],[108.214056,16.055553]]},"properties":{"h":"residential","w":0.7}},{"type":"Feature","geometry":{"type":"LineString","coordinates":[[108.214433,16.055643],[108.214642,16.055694]]},"properties":{"h":"residential","w":0.7}},{"type":"Feature","geometry":{"type":"LineString","coordinates":[[108.214433,16.055643],[108.2145,16.055487],[108.214428,16.055379]]},"properties":{"h":"residential","w":0.7}},{"type":"Feature","geometry":{"type":"LineString","coordinates":[[108.214181,16.055686],[108.214369,16.055732],[108.214366,16.055817]]},"properties":{"h":"residential","w":0.7}},{"type":"Feature","geometry":{"type":"LineString","coordinates":[[108.214291,16.056026],[108.214313,16.05582],[108.214366,16.055817]]},"properties":{"h":"residential","w":0.7}},{"type":"Feature","geometry":{"type":"LineString","coordinates":[[108.214366,16.055817],[108.214616,16.055846]]},"properties":{"h":"residential","w":0.7}},{"type":"Feature","geometry":{"type":"LineString","coordinates":[[108.214366,16.055817],[108.214369,16.055732],[108.214181,16.055686]]},"properties":{"h":"residential","w":0.7}},{"type":"Feature","geometry":{"type":"LineString","coordinates":[[108.214366,16.055817],[108.214313,16.05582],[108.214291,16.056026]]},"properties":{"h":"residential","w":0.7}},{"type":"Feature","geometry":{"type":"LineString","coordinates":[[108.214616,16.055846],[108.21453,16.056347]]},"properties":{"h":"residential","w":0.7}},{"type":"Feature","geometry":{"type":"LineString","coordinates":[[108.214616,16.055846],[108.214642,16.055694]]},"properties":{"h":"residential","w":0.7}},{"type":"Feature","geometry":{"type":"LineString","coordinates":[[108.214616,16.055846],[108.214366,16.055817]]},"properties":{"h":"residential","w":0.7}},{"type":"Feature","geometry":{"type":"LineString","coordinates":[[108.21493,16.056152],[108.214857,16.056468]]},"properties":{"h":"residential","w":0.7}},{"type":"Feature","geometry":{"type":"LineString","coordinates":[[108.214857,16.056468],[108.214762,16.056437]]},"properties":{"h":"residential","w":0.7}},{"type":"Feature","geometry":{"type":"LineString","coordinates":[[108.214857,16.056468],[108.21493,16.056152]]},"properties":{"h":"residential","w":0.7}},{"type":"Feature","geometry":{"type":"LineString","coordinates":[[108.214857,16.056468],[108.215006,16.056509]]},"properties":{"h":"residential","w":0.7}},{"type":"Feature","geometry":{"type":"LineString","coordinates":[[108.21504,16.05614],[108.215124,16.055814]]},"properties":{"h":"residential","w":0.7}},{"type":"Feature","geometry":{"type":"LineString","coordinates":[[108.215124,16.055814],[108.21504,16.05614]]},"properties":{"h":"residential","w":0.7}},{"type":"Feature","geometry":{"type":"LineString","coordinates":[[108.215124,16.055814],[108.2149,16.055757]]},"properties":{"h":"residential","w":0.7}},{"type":"Feature","geometry":{"type":"LineString","coordinates":[[108.215124,16.055814],[108.215705,16.055965],[108.216197,16.056034]]},"properties":{"h":"residential","w":0.7}},{"type":"Feature","geometry":{"type":"LineString","coordinates":[[108.215124,16.055814],[108.215241,16.055446],[108.215091,16.055389]]},"properties":{"h":"residential","w":0.7}},{"type":"Feature","geometry":{"type":"LineString","coordinates":[[108.215091,16.055389],[108.215007,16.055413],[108.214999,16.055441]]},"properties":{"h":"residential","w":0.7}},{"type":"Feature","geometry":{"type":"LineString","coordinates":[[108.215091,16.055389],[108.215136,16.05524],[108.215212,16.054808]]},"properties":{"h":"residential","w":0.7}},{"type":"Feature","geometry":{"type":"LineString","coordinates":[[108.215091,16.055389],[108.215241,16.055446],[108.215124,16.055814]]},"properties":{"h":"residential","w":0.7}},{"type":"Feature","geometry":{"type":"LineString","coordinates":[[108.216403,16.056224],[108.216415,16.056059]]},"properties":{"h":"residential","w":0.7}},{"type":"Feature","geometry":{"type":"LineString","coordinates":[[108.216415,16.056059],[108.216754,16.056096]]},"properties":{"h":"residential","w":0.7}},{"type":"Feature","geometry":{"type":"LineString","coordinates":[[108.216415,16.056059],[108.216403,16.056224]]},"properties":{"h":"residential","w":0.7}},{"type":"Feature","geometry":{"type":"LineString","coordinates":[[108.216415,16.056059],[108.216197,16.056034]]},"properties":{"h":"residential","w":0.7}},{"type":"Feature","geometry":{"type":"LineString","coordinates":[[108.216147,16.055356],[108.216348,16.055354]]},"properties":{"h":"residential","w":0.7}},{"type":"Feature","geometry":{"type":"LineString","coordinates":[[108.216348,16.055354],[108.216147,16.055356]]},"properties":{"h":"residential","w":0.7}},{"type":"Feature","geometry":{"type":"LineString","coordinates":[[108.216348,16.055354],[108.216332,16.055248]]},"properties":{"h":"residential","w":0.7}},{"type":"Feature","geometry":{"type":"LineString","coordinates":[[108.216348,16.055354],[108.216388,16.055643]]},"properties":{"h":"residential","w":0.7}},{"type":"Feature","geometry":{"type":"LineString","coordinates":[[108.216558,16.055253],[108.216332,16.055248]]},"properties":{"h":"residential","w":0.7}},{"type":"Feature","geometry":{"type":"LineString","coordinates":[[108.216332,16.055248],[108.216558,16.055253]]},"properties":{"h":"residential","w":0.7}},{"type":"Feature","geometry":{"type":"LineString","coordinates":[[108.216332,16.055248],[108.216348,16.055354]]},"properties":{"h":"residential","w":0.7}},{"type":"Feature","geometry":{"type":"LineString","coordinates":[[108.216332,16.055248],[108.216364,16.054918]]},"properties":{"h":"residential","w":0.7}},{"type":"Feature","geometry":{"type":"LineString","coordinates":[[108.216388,16.055643],[108.216348,16.055354]]},"properties":{"h":"residential","w":0.7}},{"type":"Feature","geometry":{"type":"LineString","coordinates":[[108.216388,16.055643],[108.21622,16.055632]]},"properties":{"h":"residential","w":0.7}},{"type":"Feature","geometry":{"type":"LineString","coordinates":[[108.216388,16.055643],[108.216778,16.05567]]},"properties":{"h":"residential","w":0.7}},{"type":"Feature","geometry":{"type":"LineString","coordinates":[[108.216197,16.056034],[108.21622,16.055632]]},"properties":{"h":"residential","w":0.7}},{"type":"Feature","geometry":{"type":"LineString","coordinates":[[108.216197,16.056034],[108.215705,16.055965],[108.215124,16.055814]]},"properties":{"h":"residential","w":0.7}},{"type":"Feature","geometry":{"type":"LineString","coordinates":[[108.216197,16.056034],[108.216415,16.056059]]},"properties":{"h":"residential","w":0.7}},{"type":"Feature","geometry":{"type":"LineString","coordinates":[[108.21596,16.055544],[108.21622,16.055632]]},"properties":{"h":"residential","w":0.7}},{"type":"Feature","geometry":{"type":"LineString","coordinates":[[108.21622,16.055632],[108.216197,16.056034]]},"properties":{"h":"residential","w":0.7}},{"type":"Feature","geometry":{"type":"LineString","coordinates":[[108.21622,16.055632],[108.21596,16.055544]]},"properties":{"h":"residential","w":0.7}},{"type":"Feature","geometry":{"type":"LineString","coordinates":[[108.21622,16.055632],[108.216388,16.055643]]},"properties":{"h":"residential","w":0.7}},{"type":"Feature","geometry":{"type":"LineString","coordinates":[[108.217224,16.05572],[108.21718,16.056038]]},"properties":{"h":"secondary","w":1.3}},{"type":"Feature","geometry":{"type":"LineString","coordinates":[[108.217224,16.05572],[108.216778,16.05567]]},"properties":{"h":"residential","w":0.7}},{"type":"Feature","geometry":{"type":"LineString","coordinates":[[108.217224,16.05572],[108.217636,16.053072]]},"properties":{"h":"secondary","w":1.3}},{"type":"Feature","geometry":{"type":"LineString","coordinates":[[108.216802,16.05526],[108.216773,16.055469],[108.216778,16.05567]]},"properties":{"h":"residential","w":0.7}},{"type":"Feature","geometry":{"type":"LineString","coordinates":[[108.216778,16.05567],[108.216388,16.055643]]},"properties":{"h":"residential","w":0.7}},{"type":"Feature","geometry":{"type":"LineString","coordinates":[[108.216778,16.05567],[108.217224,16.05572]]},"properties":{"h":"residential","w":0.7}},{"type":"Feature","geometry":{"type":"LineString","coordinates":[[108.216778,16.05567],[108.216754,16.056096]]},"properties":{"h":"residential","w":0.7}},{"type":"Feature","geometry":{"type":"LineString","coordinates":[[108.216778,16.05567],[108.216773,16.055469],[108.216802,16.05526]]},"properties":{"h":"residential","w":0.7}},{"type":"Feature","geometry":{"type":"LineString","coordinates":[[108.216754,16.056096],[108.216415,16.056059]]},"properties":{"h":"residential","w":0.7}},{"type":"Feature","geometry":{"type":"LineString","coordinates":[[108.216754,16.056096],[108.217165,16.05614]]},"properties":{"h":"residential","w":0.7}},{"type":"Feature","geometry":{"type":"LineString","coordinates":[[108.216754,16.056096],[108.216778,16.05567]]},"properties":{"h":"residential","w":0.7}},{"type":"Feature","geometry":{"type":"LineString","coordinates":[[108.213363,16.059027],[108.213397,16.059194]]},"properties":{"h":"tertiary","w":0.8}},{"type":"Feature","geometry":{"type":"LineString","coordinates":[[108.213363,16.059027],[108.213268,16.05846]]},"properties":{"h":"tertiary","w":0.8}},{"type":"Feature","geometry":{"type":"LineString","coordinates":[[108.21555,16.058072],[108.215757,16.058078]]},"properties":{"h":"residential","w":0.7}},{"type":"Feature","geometry":{"type":"LineString","coordinates":[[108.215757,16.058078],[108.21555,16.058072]]},"properties":{"h":"residential","w":0.7}},{"type":"Feature","geometry":{"type":"LineString","coordinates":[[108.215757,16.058078],[108.215735,16.058421]]},"properties":{"h":"residential","w":0.7}},{"type":"Feature","geometry":{"type":"LineString","coordinates":[[108.215757,16.058078],[108.215804,16.057198],[108.215811,16.056428]]},"properties":{"h":"residential","w":0.7}},{"type":"Feature","geometry":{"type":"LineString","coordinates":[[108.215449,16.058405],[108.215735,16.058421]]},"properties":{"h":"residential","w":0.7}},{"type":"Feature","geometry":{"type":"LineString","coordinates":[[108.215735,16.058421],[108.21573,16.0585]]},"properties":{"h":"residential","w":0.7}},{"type":"Feature","geometry":{"type":"LineString","coordinates":[[108.215735,16.058421],[108.215449,16.058405]]},"properties":{"h":"residential","w":0.7}},{"type":"Feature","geometry":{"type":"LineString","coordinates":[[108.215735,16.058421],[108.215757,16.058078]]},"properties":{"h":"residential","w":0.7}},{"type":"Feature","geometry":{"type":"LineString","coordinates":[[108.215974,16.058959],[108.215699,16.058947]]},"properties":{"h":"residential","w":0.7}},{"type":"Feature","geometry":{"type":"LineString","coordinates":[[108.215699,16.058947],[108.215685,16.059145]]},"properties":{"h":"residential","w":0.7}},{"type":"Feature","geometry":{"type":"LineString","coordinates":[[108.215699,16.058947],[108.21573,16.0585]]},"properties":{"h":"residential","w":0.7}},{"type":"Feature","geometry":{"type":"LineString","coordinates":[[108.215699,16.058947],[108.215974,16.058959]]},"properties":{"h":"residential","w":0.7}},{"type":"Feature","geometry":{"type":"LineString","coordinates":[[108.21573,16.0585],[108.215699,16.058947]]},"properties":{"h":"residential","w":0.7}},{"type":"Feature","geometry":{"type":"LineString","coordinates":[[108.21573,16.0585],[108.215735,16.058421]]},"properties":{"h":"residential","w":0.7}},{"type":"Feature","geometry":{"type":"LineString","coordinates":[[108.21573,16.0585],[108.215932,16.058509]]},"properties":{"h":"residential","w":0.7}},{"type":"Feature","geometry":{"type":"LineString","coordinates":[[108.215932,16.058509],[108.21573,16.0585]]},"properties":{"h":"residential","w":0.7}},{"type":"Feature","geometry":{"type":"LineString","coordinates":[[108.216806,16.058961],[108.217074,16.058972]]},"properties":{"h":"residential","w":0.7}},{"type":"Feature","geometry":{"type":"LineString","coordinates":[[108.217074,16.058972],[108.216806,16.058961]]},"properties":{"h":"residential","w":0.7}},{"type":"Feature","geometry":{"type":"LineString","coordinates":[[108.217074,16.058972],[108.217104,16.057147]]},"properties":{"h":"secondary","w":1.3}},{"type":"Feature","geometry":{"type":"LineString","coordinates":[[108.217074,16.058972],[108.217065,16.059481]]},"properties":{"h":"secondary","w":1.3}},{"type":"Feature","geometry":{"type":"LineString","coordinates":[[108.221125,16.058193],[108.220948,16.058284]]},"properties":{"h":"residential","w":0.7}},{"type":"Feature","geometry":{"type":"LineString","coordinates":[[108.220948,16.058284],[108.221125,16.058193]]},"properties":{"h":"residential","w":0.7}},{"type":"Feature","geometry":{"type":"LineString","coordinates":[[108.220948,16.058284],[108.220457,16.057359],[108.220311,16.057017]]},"properties":{"h":"secondary","w":1.3}},{"type":"Feature","geometry":{"type":"LineString","coordinates":[[108.217692,16.057599],[108.217679,16.057671],[108.217496,16.057663]]},"properties":{"h":"residential","w":0.7}},{"type":"Feature","geometry":{"type":"LineString","coordinates":[[108.217496,16.057663],[108.217679,16.057671],[108.217692,16.057599]]},"properties":{"h":"residential","w":0.7}},{"type":"Feature","geometry":{"type":"LineString","coordinates":[[108.217496,16.057663],[108.217493,16.057353],[108.217625,16.057357],[108.217629,16.057278]]},"properties":{"h":"residential","w":0.7}},{"type":"Feature","geometry":{"type":"LineString","coordinates":[[108.217496,16.057663],[108.217497,16.057754],[108.217563,16.057758]]},"properties":{"h":"residential","w":0.7}},{"type":"Feature","geometry":{"type":"LineString","coordinates":[[108.217407,16.057159],[108.217104,16.057147]]},"properties":{"h":"residential","w":0.7}},{"type":"Feature","geometry":{"type":"LineString","coordinates":[[108.217104,16.057147],[108.217407,16.057159]]},"properties":{"h":"residential","w":0.7}},{"type":"Feature","geometry":{"type":"LineString","coordinates":[[108.217104,16.057147],[108.217116,16.056941]]},"properties":{"h":"secondary","w":1.3}},{"type":"Feature","geometry":{"type":"LineString","coordinates":[[108.217104,16.057147],[108.217074,16.058972]]},"properties":{"h":"secondary","w":1.3}},{"type":"Feature","geometry":{"type":"LineString","coordinates":[[108.21809,16.057214],[108.218077,16.056989]]},"properties":{"h":"residential","w":0.7}},{"type":"Feature","geometry":{"type":"LineString","coordinates":[[108.21809,16.057214],[108.217629,16.057278]]},"properties":{"h":"residential","w":0.7}},{"type":"Feature","geometry":{"type":"LineString","coordinates":[[108.217629,16.057278],[108.21809,16.057214]]},"properties":{"h":"residential","w":0.7}},{"type":"Feature","geometry":{"type":"LineString","coordinates":[[108.217629,16.057278],[108.217641,16.056967]]},"properties":{"h":"residential","w":0.7}},{"type":"Feature","geometry":{"type":"LineString","coordinates":[[108.217629,16.057278],[108.217625,16.057357],[108.217493,16.057353],[108.217496,16.057663]]},"properties":{"h":"residential","w":0.7}},{"type":"Feature","geometry":{"type":"LineString","coordinates":[[108.217641,16.056967],[108.218077,16.056989]]},"properties":{"h":"residential","w":0.7}},{"type":"Feature","geometry":{"type":"LineString","coordinates":[[108.217641,16.056967],[108.217116,16.056941]]},"properties":{"h":"residential","w":0.7}},{"type":"Feature","geometry":{"type":"LineString","coordinates":[[108.217641,16.056967],[108.217629,16.057278]]},"properties":{"h":"residential","w":0.7}},{"type":"Feature","geometry":{"type":"LineString","coordinates":[[108.217886,16.057766],[108.217563,16.057758]]},"properties":{"h":"residential","w":0.7}},{"type":"Feature","geometry":{"type":"LineString","coordinates":[[108.217563,16.057758],[108.217886,16.057766]]},"properties":{"h":"residential","w":0.7}},{"type":"Feature","geometry":{"type":"LineString","coordinates":[[108.217563,16.057758],[108.217574,16.057921]]},"properties":{"h":"residential","w":0.7}},{"type":"Feature","geometry":{"type":"LineString","coordinates":[[108.217563,16.057758],[108.217497,16.057754],[108.217496,16.057663]]},"properties":{"h":"residential","w":0.7}},{"type":"Feature","geometry":{"type":"LineString","coordinates":[[108.217574,16.057921],[108.217563,16.057758]]},"properties":{"h":"residential","w":0.7}},{"type":"Feature","geometry":{"type":"LineString","coordinates":[[108.217574,16.057921],[108.217762,16.057956]]},"properties":{"h":"residential","w":0.7}},{"type":"Feature","geometry":{"type":"LineString","coordinates":[[108.217574,16.057921],[108.21753,16.057913],[108.217514,16.058548]]},"properties":{"h":"residential","w":0.7}},{"type":"Feature","geometry":{"type":"LineString","coordinates":[[108.217762,16.057956],[108.217574,16.057921]]},"properties":{"h":"residential","w":0.7}},{"type":"Feature","geometry":{"type":"LineString","coordinates":[[108.217514,16.058548],[108.21753,16.057913],[108.217574,16.057921]]},"properties":{"h":"residential","w":0.7}},{"type":"Feature","geometry":{"type":"LineString","coordinates":[[108.217473,16.056623],[108.21713,16.056599]]},"properties":{"h":"residential","w":0.7}},{"type":"Feature","geometry":{"type":"LineString","coordinates":[[108.21713,16.056599],[108.217133,16.056488]]},"properties":{"h":"secondary","w":1.3}},{"type":"Feature","geometry":{"type":"LineString","coordinates":[[108.21713,16.056599],[108.217473,16.056623]]},"properties":{"h":"residential","w":0.7}},{"type":"Feature","geometry":{"type":"LineString","coordinates":[[108.21713,16.056599],[108.217116,16.056941]]},"properties":{"h":"secondary","w":1.3}},{"type":"Feature","geometry":{"type":"LineString","coordinates":[[108.217456,16.056226],[108.217452,16.056445],[108.217138,16.056437]]},"properties":{"h":"residential","w":0.7}},{"type":"Feature","geometry":{"type":"LineString","coordinates":[[108.217138,16.056437],[108.217133,16.056488]]},"properties":{"h":"secondary","w":1.3}},{"type":"Feature","geometry":{"type":"LineString","coordinates":[[108.217138,16.056437],[108.217165,16.05614]]},"properties":{"h":"secondary","w":1.3}},{"type":"Feature","geometry":{"type":"LineString","coordinates":[[108.217138,16.056437],[108.217452,16.056445],[108.217456,16.056226]]},"properties":{"h":"residential","w":0.7}},{"type":"Feature","geometry":{"type":"LineString","coordinates":[[108.217985,16.056385],[108.217995,16.056108]]},"properties":{"h":"residential","w":0.7}},{"type":"Feature","geometry":{"type":"LineString","coordinates":[[108.217995,16.056108],[108.217985,16.056385]]},"properties":{"h":"residential","w":0.7}},{"type":"Feature","geometry":{"type":"LineString","coordinates":[[108.217995,16.056108],[108.218728,16.056155]]},"properties":{"h":"residential","w":0.7}},{"type":"Feature","geometry":{"type":"LineString","coordinates":[[108.217995,16.056108],[108.217859,16.056085]]},"properties":{"h":"residential","w":0.7}},{"type":"Feature","geometry":{"type":"LineString","coordinates":[[108.217836,16.056385],[108.217859,16.056085]]},"properties":{"h":"residential","w":0.7}},{"type":"Feature","geometry":{"type":"LineString","coordinates":[[108.217769,16.056077],[108.217859,16.056085]]},"properties":{"h":"residential","w":0.7}},{"type":"Feature","geometry":{"type":"LineString","coordinates":[[108.217769,16.056077],[108.21718,16.056038]]},"properties":{"h":"residential","w":0.7}},{"type":"Feature","geometry":{"type":"LineString","coordinates":[[108.217769,16.056077],[108.217789,16.055681]]},"properties":{"h":"residential","w":0.7}},{"type":"Feature","geometry":{"type":"LineString","coordinates":[[108.21718,16.056038],[108.217224,16.05572]]},"properties":{"h":"secondary","w":1.3}},{"type":"Feature","geometry":{"type":"LineString","coordinates":[[108.21718,16.056038],[108.217165,16.05614]]},"properties":{"h":"secondary","w":1.3}},{"type":"Feature","geometry":{"type":"LineString","coordinates":[[108.21718,16.056038],[108.217769,16.056077]]},"properties":{"h":"residential","w":0.7}},{"type":"Feature","geometry":{"type":"LineString","coordinates":[[108.219577,16.055427],[108.219187,16.055443],[108.219182,16.055498]]},"properties":{"h":"residential","w":0.7}},{"type":"Feature","geometry":{"type":"LineString","coordinates":[[108.219203,16.055675],[108.219182,16.055498]]},"properties":{"h":"residential","w":0.7}},{"type":"Feature","geometry":{"type":"LineString","coordinates":[[108.219182,16.055498],[108.219203,16.055675]]},"properties":{"h":"residential","w":0.7}},{"type":"Feature","geometry":{"type":"LineString","coordinates":[[108.219182,16.055498],[108.218791,16.055505]]},"properties":{"h":"residential","w":0.7}},{"type":"Feature","geometry":{"type":"LineString","coordinates":[[108.219182,16.055498],[108.219187,16.055443],[108.219577,16.055427]]},"properties":{"h":"residential","w":0.7}},{"type":"Feature","geometry":{"type":"LineString","coordinates":[[108.218791,16.055505],[108.219182,16.055498]]},"properties":{"h":"residential","w":0.7}},{"type":"Feature","geometry":{"type":"LineString","coordinates":[[108.218791,16.055505],[108.218856,16.055106]]},"properties":{"h":"tertiary","w":0.8}},{"type":"Feature","geometry":{"type":"LineString","coordinates":[[108.219131,16.056359],[108.219143,16.056133],[108.218728,16.056129]]},"properties":{"h":"residential","w":0.7}},{"type":"Feature","geometry":{"type":"LineString","coordinates":[[108.218728,16.056129],[108.218728,16.055985],[108.218791,16.055505]]},"properties":{"h":"tertiary","w":0.8}},{"type":"Feature","geometry":{"type":"LineString","coordinates":[[108.218728,16.056129],[108.219143,16.056133],[108.219131,16.056359]]},"properties":{"h":"residential","w":0.7}},{"type":"Feature","geometry":{"type":"LineString","coordinates":[[108.219715,16.05632],[108.219701,16.056008]]},"properties":{"h":"residential","w":0.7}},{"type":"Feature","geometry":{"type":"LineString","coordinates":[[108.219416,16.056365],[108.219405,16.05602]]},"properties":{"h":"residential","w":0.7}},{"type":"Feature","geometry":{"type":"LineString","coordinates":[[108.219405,16.05602],[108.219416,16.056365]]},"properties":{"h":"residential","w":0.7}},{"type":"Feature","geometry":{"type":"LineString","coordinates":[[108.219405,16.05602],[108.219149,16.05603]]},"properties":{"h":"residential","w":0.7}},{"type":"Feature","geometry":{"type":"LineString","coordinates":[[108.219405,16.05602],[108.219701,16.056008]]},"properties":{"h":"residential","w":0.7}},{"type":"Feature","geometry":{"type":"LineString","coordinates":[[108.219149,16.05603],[108.219405,16.05602]]},"properties":{"h":"residential","w":0.7}},{"type":"Feature","geometry":{"type":"LineString","coordinates":[[108.219701,16.056008],[108.219715,16.05632]]},"properties":{"h":"residential","w":0.7}},{"type":"Feature","geometry":{"type":"LineString","coordinates":[[108.219701,16.056008],[108.219405,16.05602]]},"properties":{"h":"residential","w":0.7}},{"type":"Feature","geometry":{"type":"LineString","coordinates":[[108.219701,16.056008],[108.219825,16.055863],[108.220188,16.055845]]},"properties":{"h":"residential","w":0.7}},{"type":"Feature","geometry":{"type":"LineString","coordinates":[[108.220188,16.055845],[108.220186,16.055592]]},"properties":{"h":"secondary","w":1.3}},{"type":"Feature","geometry":{"type":"LineString","coordinates":[[108.220188,16.055845],[108.220223,16.056526]]},"properties":{"h":"secondary","w":1.3}},{"type":"Feature","geometry":{"type":"LineString","coordinates":[[108.220188,16.055845],[108.219825,16.055863],[108.219701,16.056008]]},"properties":{"h":"residential","w":0.7}},{"type":"Feature","geometry":{"type":"LineString","coordinates":[[108.216636,16.059461],[108.217065,16.059481]]},"properties":{"h":"residential","w":0.7}},{"type":"Feature","geometry":{"type":"LineString","coordinates":[[108.217065,16.059481],[108.216636,16.059461]]},"properties":{"h":"residential","w":0.7}},{"type":"Feature","geometry":{"type":"LineString","coordinates":[[108.217065,16.059481],[108.217074,16.058972]]},"properties":{"h":"secondary","w":1.3}},{"type":"Feature","geometry":{"type":"LineString","coordinates":[[108.217065,16.059481],[108.217018,16.060401]]},"properties":{"h":"secondary","w":1.3}},{"type":"Feature","geometry":{"type":"LineString","coordinates":[[108.217668,16.060226],[108.217018,16.060401]]},"properties":{"h":"residential","w":0.7}},{"type":"Feature","geometry":{"type":"LineString","coordinates":[[108.217018,16.060401],[108.217668,16.060226]]},"properties":{"h":"residential","w":0.7}},{"type":"Feature","geometry":{"type":"LineString","coordinates":[[108.217018,16.060401],[108.217065,16.059481]]},"properties":{"h":"secondary","w":1.3}},{"type":"Feature","geometry":{"type":"LineString","coordinates":[[108.217018,16.060401],[108.217006,16.060632]]},"properties":{"h":"secondary","w":1.3}},{"type":"Feature","geometry":{"type":"LineString","coordinates":[[108.218226,16.05961],[108.217949,16.059649]]},"properties":{"h":"residential","w":0.7}},{"type":"Feature","geometry":{"type":"LineString","coordinates":[[108.218226,16.05961],[108.21809,16.057214]]},"properties":{"h":"residential","w":0.7}},{"type":"Feature","geometry":{"type":"LineString","coordinates":[[108.217949,16.059649],[108.218226,16.05961]]},"properties":{"h":"residential","w":0.7}},{"type":"Feature","geometry":{"type":"LineString","coordinates":[[108.221964,16.029584],[108.222027,16.029831]]},"properties":{"h":"residential","w":0.7}},{"type":"Feature","geometry":{"type":"LineString","coordinates":[[108.221964,16.029584],[108.222207,16.029533]]},"properties":{"h":"residential","w":0.7}},{"type":"Feature","geometry":{"type":"LineString","coordinates":[[108.221964,16.029584],[108.221767,16.028798]]},"properties":{"h":"residential","w":0.7}},{"type":"Feature","geometry":{"type":"LineString","coordinates":[[108.223202,16.035424],[108.223423,16.03547]]},"properties":{"h":"residential","w":0.7}},{"type":"Feature","geometry":{"type":"LineString","coordinates":[[108.223202,16.035424],[108.22309,16.035732],[108.222996,16.036303]]},"properties":{"h":"residential","w":0.7}},{"type":"Feature","geometry":{"type":"LineString","coordinates":[[108.223202,16.035424],[108.222975,16.035337],[108.222439,16.035184]]},"properties":{"h":"residential","w":0.7}},{"type":"Feature","geometry":{"type":"LineString","coordinates":[[108.222439,16.035184],[108.222484,16.034816]]},"properties":{"h":"secondary","w":1.3}},{"type":"Feature","geometry":{"type":"LineString","coordinates":[[108.222439,16.035184],[108.222359,16.035755]]},"properties":{"h":"secondary","w":1.3}},{"type":"Feature","geometry":{"type":"LineString","coordinates":[[108.222439,16.035184],[108.222975,16.035337],[108.223202,16.035424]]},"properties":{"h":"residential","w":0.7}},{"type":"Feature","geometry":{"type":"LineString","coordinates":[[108.223423,16.03547],[108.223474,16.035044]]},"properties":{"h":"residential","w":0.7}},{"type":"Feature","geometry":{"type":"LineString","coordinates":[[108.223423,16.03547],[108.223202,16.035424]]},"properties":{"h":"residential","w":0.7}},{"type":"Feature","geometry":{"type":"LineString","coordinates":[[108.223423,16.03547],[108.223334,16.036336]]},"properties":{"h":"residential","w":0.7}},{"type":"Feature","geometry":{"type":"LineString","coordinates":[[108.215729,16.034654],[108.215604,16.03523]]},"properties":{"h":"residential","w":0.7}},{"type":"Feature","geometry":{"type":"LineString","coordinates":[[108.215729,16.034654],[108.215838,16.03435],[108.215882,16.034076]]},"properties":{"h":"residential","w":0.7}},{"type":"Feature","geometry":{"type":"LineString","coordinates":[[108.215729,16.034654],[108.216188,16.034702],[108.216412,16.03475]]},"properties":{"h":"residential","w":0.7}},{"type":"Feature","geometry":{"type":"LineString","coordinates":[[108.216703,16.03487],[108.216784,16.03418]]},"properties":{"h":"residential","w":0.7}},{"type":"Feature","geometry":{"type":"LineString","coordinates":[[108.216703,16.03487],[108.216625,16.035595]]},"properties":{"h":"residential","w":0.7}},{"type":"Feature","geometry":{"type":"LineString","coordinates":[[108.216703,16.03487],[108.216412,16.03475]]},"properties":{"h":"residential","w":0.7}},{"type":"Feature","geometry":{"type":"LineString","coordinates":[[108.214121,16.052016],[108.213608,16.051941]]},"properties":{"h":"residential","w":0.7}},{"type":"Feature","geometry":{"type":"LineString","coordinates":[[108.214121,16.052016],[108.214308,16.052049]]},"properties":{"h":"residential","w":0.7}},{"type":"Feature","geometry":{"type":"LineString","coordinates":[[108.214121,16.052016],[108.214039,16.052418],[108.214055,16.052948],[108.214254,16.052965],[108.214262,16.05305]]},"properties":{"h":"residential","w":0.7}},{"type":"Feature","geometry":{"type":"LineString","coordinates":[[108.212956,16.052048],[108.212879,16.051921],[108.212901,16.05189],[108.212897,16.051681],[108.213004,16.051673]]},"properties":{"h":"residential","w":0.7}},{"type":"Feature","geometry":{"type":"LineString","coordinates":[[108.213608,16.051941],[108.213486,16.051924]]},"properties":{"h":"residential","w":0.7}},{"type":"Feature","geometry":{"type":"LineString","coordinates":[[108.213608,16.051941],[108.214121,16.052016]]},"properties":{"h":"residential","w":0.7}},{"type":"Feature","geometry":{"type":"LineString","coordinates":[[108.213608,16.051941],[108.213731,16.05126],[108.21441,16.051281]]},"properties":{"h":"residential","w":0.7}},{"type":"Feature","geometry":{"type":"LineString","coordinates":[[108.21441,16.051281],[108.214308,16.052049]]},"properties":{"h":"residential","w":0.7}},{"type":"Feature","geometry":{"type":"LineString","coordinates":[[108.21441,16.051281],[108.214748,16.051287]]},"properties":{"h":"residential","w":0.7}},{"type":"Feature","geometry":{"type":"LineString","coordinates":[[108.21441,16.051281],[108.213731,16.05126],[108.213608,16.051941]]},"properties":{"h":"residential","w":0.7}},{"type":"Feature","geometry":{"type":"LineString","coordinates":[[108.214308,16.052049],[108.21441,16.051281]]},"properties":{"h":"residential","w":0.7}},{"type":"Feature","geometry":{"type":"LineString","coordinates":[[108.214308,16.052049],[108.214121,16.052016]]},"properties":{"h":"residential","w":0.7}},{"type":"Feature","geometry":{"type":"LineString","coordinates":[[108.214308,16.052049],[108.214665,16.052125],[108.215256,16.052211]]},"properties":{"h":"residential","w":0.7}},{"type":"Feature","geometry":{"type":"LineString","coordinates":[[108.215346,16.051817],[108.215658,16.051119],[108.215914,16.050929]]},"properties":{"h":"residential","w":0.7}},{"type":"Feature","geometry":{"type":"LineString","coordinates":[[108.215346,16.051817],[108.215306,16.052069],[108.215256,16.052211]]},"properties":{"h":"residential","w":0.7}},{"type":"Feature","geometry":{"type":"LineString","coordinates":[[108.215346,16.051817],[108.214984,16.051671],[108.214802,16.051663],[108.214846,16.051358]]},"properties":{"h":"residential","w":0.7}},{"type":"Feature","geometry":{"type":"LineString","coordinates":[[108.218429,16.054495],[108.218429,16.054416],[108.218947,16.054443]]},"properties":{"h":"residential","w":0.7}},{"type":"Feature","geometry":{"type":"LineString","coordinates":[[108.215655,16.053809],[108.215781,16.053802],[108.216103,16.053859]]},"properties":{"h":"residential","w":0.7}},{"type":"Feature","geometry":{"type":"LineString","coordinates":[[108.214109,16.055201],[108.214627,16.055268]]},"properties":{"h":"residential","w":0.7}},{"type":"Feature","geometry":{"type":"LineString","coordinates":[[108.214015,16.053969],[108.213736,16.05397],[108.213719,16.053955],[108.213722,16.053604]]},"properties":{"h":"residential","w":0.7}},{"type":"Feature","geometry":{"type":"LineString","coordinates":[[108.212521,16.055513],[108.212695,16.055842]]},"properties":{"h":"tertiary","w":0.8}},{"type":"Feature","geometry":{"type":"LineString","coordinates":[[108.212521,16.055513],[108.212192,16.054901]]},"properties":{"h":"tertiary","w":0.8}},{"type":"Feature","geometry":{"type":"LineString","coordinates":[[108.215284,16.076589],[108.215724,16.077159]]},"properties":{"h":"residential","w":0.7}},{"type":"Feature","geometry":{"type":"LineString","coordinates":[[108.215724,16.077159],[108.215279,16.077462]]},"properties":{"h":"residential","w":0.7}},{"type":"Feature","geometry":{"type":"LineString","coordinates":[[108.215724,16.077159],[108.216099,16.076888]]},"properties":{"h":"residential","w":0.7}},{"type":"Feature","geometry":{"type":"LineString","coordinates":[[108.215724,16.077159],[108.215284,16.076589]]},"properties":{"h":"residential","w":0.7}},{"type":"Feature","geometry":{"type":"LineString","coordinates":[[108.215442,16.075813],[108.215824,16.075842],[108.216285,16.075911]]},"properties":{"h":"residential","w":0.7}},{"type":"Feature","geometry":{"type":"LineString","coordinates":[[108.215442,16.075813],[108.216099,16.076888]]},"properties":{"h":"secondary","w":1.3}},{"type":"Feature","geometry":{"type":"LineString","coordinates":[[108.215442,16.075813],[108.215274,16.075536]]},"properties":{"h":"secondary","w":1.3}},{"type":"Feature","geometry":{"type":"LineString","coordinates":[[108.222248,16.073587],[108.222512,16.073629]]},"properties":{"h":"residential","w":0.7}},{"type":"Feature","geometry":{"type":"LineString","coordinates":[[108.212733,16.080446],[108.212373,16.080665]]},"properties":{"h":"residential","w":0.7}},{"type":"Feature","geometry":{"type":"LineString","coordinates":[[108.212733,16.080446],[108.212878,16.080662],[108.213355,16.08148]]},"properties":{"h":"residential","w":0.7}},{"type":"Feature","geometry":{"type":"LineString","coordinates":[[108.212733,16.080446],[108.212363,16.079898],[108.21171,16.079068]]},"properties":{"h":"residential","w":0.7}},{"type":"Feature","geometry":{"type":"LineString","coordinates":[[108.212733,16.080446],[108.213057,16.080252]]},"properties":{"h":"residential","w":0.7}},{"type":"Feature","geometry":{"type":"LineString","coordinates":[[108.218197,16.085044],[108.217846,16.08524]]},"properties":{"h":"residential","w":0.7}},{"type":"Feature","geometry":{"type":"LineString","coordinates":[[108.218197,16.085044],[108.218946,16.084649],[108.219687,16.084178]]},"properties":{"h":"residential","w":0.7}},{"type":"Feature","geometry":{"type":"LineString","coordinates":[[108.218197,16.085044],[108.218341,16.08533],[108.218525,16.085822]]},"properties":{"h":"residential","w":0.7}},{"type":"Feature","geometry":{"type":"LineString","coordinates":[[108.21549,16.079122],[108.215809,16.078994]]},"properties":{"h":"residential","w":0.7}},{"type":"Feature","geometry":{"type":"LineString","coordinates":[[108.215809,16.078994],[108.216101,16.079465]]},"properties":{"h":"residential","w":0.7}},{"type":"Feature","geometry":{"type":"LineString","coordinates":[[108.215809,16.078994],[108.215665,16.078709]]},"properties":{"h":"residential","w":0.7}},{"type":"Feature","geometry":{"type":"LineString","coordinates":[[108.215809,16.078994],[108.21549,16.079122]]},"properties":{"h":"residential","w":0.7}},{"type":"Feature","geometry":{"type":"LineString","coordinates":[[108.220546,16.037868],[108.220589,16.037653]]},"properties":{"h":"residential","w":0.7}},{"type":"Feature","geometry":{"type":"LineString","coordinates":[[108.220546,16.037868],[108.220495,16.038163]]},"properties":{"h":"residential","w":0.7}},{"type":"Feature","geometry":{"type":"LineString","coordinates":[[108.220546,16.037868],[108.220948,16.037935]]},"properties":{"h":"residential","w":0.7}},{"type":"Feature","geometry":{"type":"LineString","coordinates":[[108.220948,16.037935],[108.220546,16.037868]]},"properties":{"h":"residential","w":0.7}},{"type":"Feature","geometry":{"type":"LineString","coordinates":[[108.222732,16.036702],[108.223294,16.036741]]},"properties":{"h":"residential","w":0.7}},{"type":"Feature","geometry":{"type":"LineString","coordinates":[[108.223294,16.036741],[108.223334,16.036336]]},"properties":{"h":"residential","w":0.7}},{"type":"Feature","geometry":{"type":"LineString","coordinates":[[108.223294,16.036741],[108.223153,16.037684]]},"properties":{"h":"residential","w":0.7}},{"type":"Feature","geometry":{"type":"LineString","coordinates":[[108.223294,16.036741],[108.222732,16.036702]]},"properties":{"h":"residential","w":0.7}},{"type":"Feature","geometry":{"type":"LineString","coordinates":[[108.221442,16.048556],[108.222295,16.048649]]},"properties":{"h":"residential","w":0.7}},{"type":"Feature","geometry":{"type":"LineString","coordinates":[[108.222295,16.048649],[108.221442,16.048556]]},"properties":{"h":"residential","w":0.7}},{"type":"Feature","geometry":{"type":"LineString","coordinates":[[108.222295,16.048649],[108.222343,16.048254]]},"properties":{"h":"primary","w":1.8}},{"type":"Feature","geometry":{"type":"LineString","coordinates":[[108.204886,16.054749],[108.205057,16.054773]]},"properties":{"h":"residential","w":0.7}},{"type":"Feature","geometry":{"type":"LineString","coordinates":[[108.204886,16.054749],[108.204494,16.054705],[108.204555,16.05431]]},"properties":{"h":"residential","w":0.7}},{"type":"Feature","geometry":{"type":"LineString","coordinates":[[108.204886,16.054749],[108.204865,16.055059],[108.204883,16.055105],[108.204925,16.055127],[108.205382,16.055202]]},"properties":{"h":"residential","w":0.7}},{"type":"Feature","geometry":{"type":"LineString","coordinates":[[108.205382,16.055202],[108.20545,16.054814]]},"properties":{"h":"residential","w":0.7}},{"type":"Feature","geometry":{"type":"LineString","coordinates":[[108.205382,16.055202],[108.205243,16.055991],[108.205519,16.056027]]},"properties":{"h":"residential","w":0.7}},{"type":"Feature","geometry":{"type":"LineString","coordinates":[[108.205382,16.055202],[108.204925,16.055127],[108.204883,16.055105],[108.204865,16.055059],[108.204886,16.054749]]},"properties":{"h":"residential","w":0.7}},{"type":"Feature","geometry":{"type":"LineString","coordinates":[[108.213486,16.051924],[108.21337,16.051907]]},"properties":{"h":"residential","w":0.7}},{"type":"Feature","geometry":{"type":"LineString","coordinates":[[108.213486,16.051924],[108.213608,16.051941]]},"properties":{"h":"residential","w":0.7}},{"type":"Feature","geometry":{"type":"LineString","coordinates":[[108.213486,16.051924],[108.213278,16.05213]]},"properties":{"h":"residential","w":0.7}},{"type":"Feature","geometry":{"type":"LineString","coordinates":[[108.213278,16.05213],[108.213486,16.051924]]},"properties":{"h":"residential","w":0.7}},{"type":"Feature","geometry":{"type":"LineString","coordinates":[[108.211957,16.048701],[108.212573,16.048319]]},"properties":{"h":"primary","w":1.8}},{"type":"Feature","geometry":{"type":"LineString","coordinates":[[108.211957,16.048701],[108.211612,16.048267],[108.211163,16.04853]]},"properties":{"h":"residential","w":0.7}},{"type":"Feature","geometry":{"type":"LineString","coordinates":[[108.211163,16.04853],[108.21148,16.049005]]},"properties":{"h":"residential","w":0.7}},{"type":"Feature","geometry":{"type":"LineString","coordinates":[[108.211163,16.04853],[108.210957,16.04821]]},"properties":{"h":"residential","w":0.7}},{"type":"Feature","geometry":{"type":"LineString","coordinates":[[108.211163,16.04853],[108.211612,16.048267],[108.211957,16.048701]]},"properties":{"h":"residential","w":0.7}},{"type":"Feature","geometry":{"type":"LineString","coordinates":[[108.21148,16.049005],[108.211957,16.048701]]},"properties":{"h":"primary","w":1.8}},{"type":"Feature","geometry":{"type":"LineString","coordinates":[[108.21148,16.049005],[108.211163,16.04853]]},"properties":{"h":"residential","w":0.7}},{"type":"Feature","geometry":{"type":"LineString","coordinates":[[108.208842,16.043886],[108.208755,16.044024]]},"properties":{"h":"residential","w":0.7}},{"type":"Feature","geometry":{"type":"LineString","coordinates":[[108.208842,16.043886],[108.209484,16.042661]]},"properties":{"h":"residential","w":0.7}},{"type":"Feature","geometry":{"type":"LineString","coordinates":[[108.208842,16.043886],[108.209265,16.044103]]},"properties":{"h":"residential","w":0.7}},{"type":"Feature","geometry":{"type":"LineString","coordinates":[[108.218525,16.085822],[108.219459,16.085395]]},"properties":{"h":"primary","w":1.8}},{"type":"Feature","geometry":{"type":"LineString","coordinates":[[108.218525,16.085822],[108.218341,16.08533],[108.218197,16.085044]]},"properties":{"h":"residential","w":0.7}},{"type":"Feature","geometry":{"type":"LineString","coordinates":[[108.212373,16.080665],[108.212733,16.080446]]},"properties":{"h":"residential","w":0.7}},{"type":"Feature","geometry":{"type":"LineString","coordinates":[[108.212373,16.080665],[108.212686,16.081117],[108.212838,16.081428],[108.212915,16.081689]]},"properties":{"h":"residential","w":0.7}},{"type":"Feature","geometry":{"type":"LineString","coordinates":[[108.212373,16.080665],[108.211911,16.080001],[108.211581,16.079628]]},"properties":{"h":"residential","w":0.7}},{"type":"Feature","geometry":{"type":"LineString","coordinates":[[108.216285,16.075911],[108.215824,16.075842],[108.215442,16.075813]]},"properties":{"h":"residential","w":0.7}},{"type":"Feature","geometry":{"type":"LineString","coordinates":[[108.224506,16.028797],[108.224494,16.028463]]},"properties":{"h":"residential","w":0.7}},{"type":"Feature","geometry":{"type":"LineString","coordinates":[[108.224506,16.028797],[108.224512,16.029123],[108.224451,16.02936],[108.224409,16.029669],[108.224332,16.029681]]},"properties":{"h":"residential","w":0.7}},{"type":"Feature","geometry":{"type":"LineString","coordinates":[[108.224506,16.028797],[108.224704,16.028702],[108.224788,16.028589]]},"properties":{"h":"residential","w":0.7}},{"type":"Feature","geometry":{"type":"LineString","coordinates":[[108.203711,16.060874],[108.203789,16.060467]]},"properties":{"h":"residential","w":0.7}},{"type":"Feature","geometry":{"type":"LineString","coordinates":[[108.203711,16.060874],[108.204066,16.061095]]},"properties":{"h":"residential","w":0.7}},{"type":"Feature","geometry":{"type":"LineString","coordinates":[[108.203711,16.060874],[108.203478,16.060732],[108.203271,16.060688]]},"properties":{"h":"residential","w":0.7}},{"type":"Feature","geometry":{"type":"LineString","coordinates":[[108.204377,16.058241],[108.204431,16.058132]]},"properties":{"h":"residential","w":0.7}},{"type":"Feature","geometry":{"type":"LineString","coordinates":[[108.204377,16.058241],[108.203974,16.059061],[108.203945,16.059188],[108.203918,16.059548]]},"properties":{"h":"residential","w":0.7}},{"type":"Feature","geometry":{"type":"LineString","coordinates":[[108.204377,16.058241],[108.203867,16.058086],[108.203698,16.058061]]},"properties":{"h":"tertiary","w":0.8}},{"type":"Feature","geometry":{"type":"LineString","coordinates":[[108.223725,16.049493],[108.223855,16.049499]]},"properties":{"h":"primary","w":1.8}},{"type":"Feature","geometry":{"type":"LineString","coordinates":[[108.223725,16.049493],[108.223812,16.048589]]},"properties":{"h":"secondary","w":1.3}},{"type":"Feature","geometry":{"type":"LineString","coordinates":[[108.218149,16.050547],[108.21862,16.050545]]},"properties":{"h":"residential","w":0.7}},{"type":"Feature","geometry":{"type":"LineString","coordinates":[[108.218149,16.050547],[108.218103,16.05109],[108.21802,16.051652],[108.21777,16.052279],[108.217712,16.05251]]},"properties":{"h":"secondary","w":1.3}},{"type":"Feature","geometry":{"type":"LineString","coordinates":[[108.218149,16.050547],[108.218291,16.049111]]},"properties":{"h":"secondary","w":1.3}},{"type":"Feature","geometry":{"type":"LineString","coordinates":[[108.215089,16.035083],[108.215604,16.03523]]},"properties":{"h":"residential","w":0.7}},{"type":"Feature","geometry":{"type":"LineString","coordinates":[[108.215604,16.03523],[108.215089,16.035083]]},"properties":{"h":"residential","w":0.7}},{"type":"Feature","geometry":{"type":"LineString","coordinates":[[108.215604,16.03523],[108.215566,16.035517]]},"properties":{"h":"residential","w":0.7}},{"type":"Feature","geometry":{"type":"LineString","coordinates":[[108.215604,16.03523],[108.215729,16.034654]]},"properties":{"h":"residential","w":0.7}},{"type":"Feature","geometry":{"type":"LineString","coordinates":[[108.218848,16.088179],[108.218669,16.088504]]},"properties":{"h":"residential","w":0.7}},{"type":"Feature","geometry":{"type":"LineString","coordinates":[[108.218848,16.088179],[108.218856,16.088164]]},"properties":{"h":"residential","w":0.7}},{"type":"Feature","geometry":{"type":"LineString","coordinates":[[108.218848,16.088179],[108.219292,16.088408]]},"properties":{"h":"residential","w":0.7}},{"type":"Feature","geometry":{"type":"LineString","coordinates":[[108.219292,16.088408],[108.218848,16.088179]]},"properties":{"h":"residential","w":0.7}},{"type":"Feature","geometry":{"type":"LineString","coordinates":[[108.219292,16.088408],[108.218906,16.089083]]},"properties":{"h":"residential","w":0.7}},{"type":"Feature","geometry":{"type":"LineString","coordinates":[[108.219292,16.088408],[108.219794,16.087514],[108.219817,16.087401],[108.219754,16.087133]]},"properties":{"h":"residential","w":0.7}},{"type":"Feature","geometry":{"type":"LineString","coordinates":[[108.221792,16.08602],[108.221373,16.085801]]},"properties":{"h":"residential","w":0.7}},{"type":"Feature","geometry":{"type":"LineString","coordinates":[[108.221373,16.085801],[108.221792,16.08602]]},"properties":{"h":"residential","w":0.7}},{"type":"Feature","geometry":{"type":"LineString","coordinates":[[108.221373,16.085801],[108.221774,16.085062]]},"properties":{"h":"residential","w":0.7}},{"type":"Feature","geometry":{"type":"LineString","coordinates":[[108.221373,16.085801],[108.221281,16.085948],[108.221175,16.086012]]},"properties":{"h":"residential","w":0.7}},{"type":"Feature","geometry":{"type":"LineString","coordinates":[[108.20419,16.054572],[108.203245,16.054435]]},"properties":{"h":"tertiary","w":0.8}},{"type":"Feature","geometry":{"type":"LineString","coordinates":[[108.20419,16.054572],[108.204016,16.055744]]},"properties":{"h":"tertiary","w":0.8}},{"type":"Feature","geometry":{"type":"LineString","coordinates":[[108.20419,16.054572],[108.204548,16.051974],[108.204748,16.050717]]},"properties":{"h":"tertiary","w":0.8}},{"type":"Feature","geometry":{"type":"LineString","coordinates":[[108.22089,16.080832],[108.221299,16.08089]]},"properties":{"h":"residential","w":0.7}},{"type":"Feature","geometry":{"type":"LineString","coordinates":[[108.220519,16.084477],[108.22008,16.084225],[108.21949,16.083771]]},"properties":{"h":"residential","w":0.7}},{"type":"Feature","geometry":{"type":"LineString","coordinates":[[108.213658,16.074593],[108.213505,16.074753]]},"properties":{"h":"residential","w":0.7}},{"type":"Feature","geometry":{"type":"LineString","coordinates":[[108.213505,16.074753],[108.21373,16.074957]]},"properties":{"h":"residential","w":0.7}},{"type":"Feature","geometry":{"type":"LineString","coordinates":[[108.213505,16.074753],[108.213658,16.074593]]},"properties":{"h":"residential","w":0.7}},{"type":"Feature","geometry":{"type":"LineString","coordinates":[[108.213505,16.074753],[108.212878,16.074208],[108.212715,16.074116]]},"properties":{"h":"residential","w":0.7}},{"type":"Feature","geometry":{"type":"LineString","coordinates":[[108.221438,16.082946],[108.221953,16.083014]]},"properties":{"h":"residential","w":0.7}},{"type":"Feature","geometry":{"type":"LineString","coordinates":[[108.221438,16.082946],[108.221551,16.0825]]},"properties":{"h":"residential","w":0.7}},{"type":"Feature","geometry":{"type":"LineString","coordinates":[[108.221438,16.082946],[108.220118,16.082781]]},"properties":{"h":"residential","w":0.7}},{"type":"Feature","geometry":{"type":"LineString","coordinates":[[108.221551,16.0825],[108.221438,16.082946]]},"properties":{"h":"residential","w":0.7}},{"type":"Feature","geometry":{"type":"LineString","coordinates":[[108.221551,16.0825],[108.221147,16.082434]]},"properties":{"h":"secondary","w":1.3}},{"type":"Feature","geometry":{"type":"LineString","coordinates":[[108.221551,16.0825],[108.222016,16.082582]]},"properties":{"h":"secondary","w":1.3}},{"type":"Feature","geometry":{"type":"LineString","coordinates":[[108.205519,16.056027],[108.205685,16.056048]]},"properties":{"h":"residential","w":0.7}},{"type":"Feature","geometry":{"type":"LineString","coordinates":[[108.205519,16.056027],[108.205243,16.055991],[108.205382,16.055202]]},"properties":{"h":"residential","w":0.7}},{"type":"Feature","geometry":{"type":"LineString","coordinates":[[108.205519,16.056027],[108.205423,16.056596],[108.20536,16.056855],[108.205228,16.057731],[108.205179,16.057882],[108.204988,16.058317]]},"properties":{"h":"unclassified","w":0.7}},{"type":"Feature","geometry":{"type":"LineString","coordinates":[[108.220466,16.085038],[108.220604,16.085319],[108.220755,16.085527],[108.220773,16.085581],[108.220745,16.085613],[108.220372,16.085733]]},"properties":{"h":"residential","w":0.7}},{"type":"Feature","geometry":{"type":"LineString","coordinates":[[108.220466,16.085038],[108.220207,16.085167]]},"properties":{"h":"primary","w":1.8}},{"type":"Feature","geometry":{"type":"LineString","coordinates":[[108.222841,16.08324],[108.223183,16.083341]]},"properties":{"h":"residential","w":0.7}},{"type":"Feature","geometry":{"type":"LineString","coordinates":[[108.222841,16.08324],[108.222561,16.083157]]},"properties":{"h":"residential","w":0.7}},{"type":"Feature","geometry":{"type":"LineString","coordinates":[[108.222841,16.08324],[108.222894,16.083067],[108.222882,16.083044],[108.222649,16.082984],[108.222591,16.083024]]},"properties":{"h":"residential","w":0.7}},{"type":"Feature","geometry":{"type":"LineString","coordinates":[[108.223183,16.083341],[108.222841,16.08324]]},"properties":{"h":"residential","w":0.7}},{"type":"Feature","geometry":{"type":"LineString","coordinates":[[108.222561,16.083157],[108.222841,16.08324]]},"properties":{"h":"residential","w":0.7}},{"type":"Feature","geometry":{"type":"LineString","coordinates":[[108.222561,16.083157],[108.222463,16.083579]]},"properties":{"h":"residential","w":0.7}},{"type":"Feature","geometry":{"type":"LineString","coordinates":[[108.222561,16.083157],[108.222591,16.083024]]},"properties":{"h":"residential","w":0.7}},{"type":"Feature","geometry":{"type":"LineString","coordinates":[[108.222463,16.083579],[108.222561,16.083157]]},"properties":{"h":"residential","w":0.7}},{"type":"Feature","geometry":{"type":"LineString","coordinates":[[108.222591,16.083024],[108.222561,16.083157]]},"properties":{"h":"residential","w":0.7}},{"type":"Feature","geometry":{"type":"LineString","coordinates":[[108.222591,16.083024],[108.222649,16.082984],[108.222882,16.083044],[108.222894,16.083067],[108.222841,16.08324]]},"properties":{"h":"residential","w":0.7}},{"type":"Feature","geometry":{"type":"LineString","coordinates":[[108.222591,16.083024],[108.222553,16.082974],[108.222472,16.082928],[108.222326,16.082912]]},"properties":{"h":"residential","w":0.7}},{"type":"Feature","geometry":{"type":"LineString","coordinates":[[108.220372,16.085733],[108.220449,16.08596]]},"properties":{"h":"residential","w":0.7}},{"type":"Feature","geometry":{"type":"LineString","coordinates":[[108.220372,16.085733],[108.220297,16.08551]]},"properties":{"h":"residential","w":0.7}},{"type":"Feature","geometry":{"type":"LineString","coordinates":[[108.220372,16.085733],[108.220745,16.085613],[108.220773,16.085581],[108.220755,16.085527],[108.220604,16.085319],[108.220466,16.085038]]},"properties":{"h":"residential","w":0.7}},{"type":"Feature","geometry":{"type":"LineString","coordinates":[[108.222666,16.038387],[108.222644,16.038557],[108.222655,16.038753],[108.222586,16.039247]]},"properties":{"h":"residential","w":0.7}},{"type":"Feature","geometry":{"type":"LineString","coordinates":[[108.222586,16.039247],[108.222664,16.03926]]},"properties":{"h":"residential","w":0.7}},{"type":"Feature","geometry":{"type":"LineString","coordinates":[[108.222586,16.039247],[108.221937,16.039126]]},"properties":{"h":"residential","w":0.7}},{"type":"Feature","geometry":{"type":"LineString","coordinates":[[108.222586,16.039247],[108.222655,16.038753],[108.222644,16.038557],[108.222666,16.038387]]},"properties":{"h":"residential","w":0.7}},{"type":"Feature","geometry":{"type":"LineString","coordinates":[[108.222326,16.082912],[108.222472,16.082928],[108.222553,16.082974],[108.222591,16.083024]]},"properties":{"h":"residential","w":0.7}},{"type":"Feature","geometry":{"type":"LineString","coordinates":[[108.222326,16.082912],[108.221717,16.083812]]},"properties":{"h":"primary","w":1.8}},{"type":"Feature","geometry":{"type":"LineString","coordinates":[[108.221187,16.075061],[108.221567,16.075135]]},"properties":{"h":"secondary","w":1.3}},{"type":"Feature","geometry":{"type":"LineString","coordinates":[[108.221187,16.075061],[108.22063,16.07495]]},"properties":{"h":"secondary","w":1.3}},{"type":"Feature","geometry":{"type":"LineString","coordinates":[[108.221187,16.075061],[108.221109,16.075329],[108.22109,16.07558]]},"properties":{"h":"residential","w":0.7}},{"type":"Feature","geometry":{"type":"LineString","coordinates":[[108.222297,16.036219],[108.222359,16.035755]]},"properties":{"h":"secondary","w":1.3}},{"type":"Feature","geometry":{"type":"LineString","coordinates":[[108.222297,16.036219],[108.222223,16.036822]]},"properties":{"h":"secondary","w":1.3}},{"type":"Feature","geometry":{"type":"LineString","coordinates":[[108.222297,16.036219],[108.222996,16.036303]]},"properties":{"h":"residential","w":0.7}},{"type":"Feature","geometry":{"type":"LineString","coordinates":[[108.222996,16.036303],[108.223334,16.036336]]},"properties":{"h":"residential","w":0.7}},{"type":"Feature","geometry":{"type":"LineString","coordinates":[[108.222996,16.036303],[108.222297,16.036219]]},"properties":{"h":"residential","w":0.7}},{"type":"Feature","geometry":{"type":"LineString","coordinates":[[108.222996,16.036303],[108.22309,16.035732],[108.223202,16.035424]]},"properties":{"h":"residential","w":0.7}},{"type":"Feature","geometry":{"type":"LineString","coordinates":[[108.220927,16.077402],[108.221009,16.076857],[108.220988,16.076825],[108.220892,16.076796],[108.220861,16.076755],[108.2209,16.076509]]},"properties":{"h":"residential","w":0.7}},{"type":"Feature","geometry":{"type":"LineString","coordinates":[[108.220927,16.077402],[108.220316,16.077326]]},"properties":{"h":"residential","w":0.7}},{"type":"Feature","geometry":{"type":"LineString","coordinates":[[108.220927,16.077402],[108.221743,16.077501]]},"properties":{"h":"residential","w":0.7}},{"type":"Feature","geometry":{"type":"LineString","coordinates":[[108.22109,16.07558],[108.221715,16.075737],[108.221855,16.075193]]},"properties":{"h":"residential","w":0.7}},{"type":"Feature","geometry":{"type":"LineString","coordinates":[[108.22109,16.07558],[108.220978,16.076493],[108.220968,16.076513],[108.2209,16.076509]]},"properties":{"h":"residential","w":0.7}},{"type":"Feature","geometry":{"type":"LineString","coordinates":[[108.22109,16.07558],[108.221109,16.075329],[108.221187,16.075061]]},"properties":{"h":"residential","w":0.7}},{"type":"Feature","geometry":{"type":"LineString","coordinates":[[108.223801,16.03639],[108.223334,16.036336]]},"properties":{"h":"residential","w":0.7}},{"type":"Feature","geometry":{"type":"LineString","coordinates":[[108.223801,16.03639],[108.223939,16.035074]]},"properties":{"h":"primary","w":1.8}},{"type":"Feature","geometry":{"type":"LineString","coordinates":[[108.221195,16.081831],[108.221147,16.082434]]},"properties":{"h":"residential","w":0.7}},{"type":"Feature","geometry":{"type":"LineString","coordinates":[[108.221147,16.082434],[108.221551,16.0825]]},"properties":{"h":"secondary","w":1.3}},{"type":"Feature","geometry":{"type":"LineString","coordinates":[[108.221147,16.082434],[108.221195,16.081831]]},"properties":{"h":"residential","w":0.7}},{"type":"Feature","geometry":{"type":"LineString","coordinates":[[108.221147,16.082434],[108.220454,16.082285],[108.220192,16.082199]]},"properties":{"h":"secondary","w":1.3}},{"type":"Feature","geometry":{"type":"LineString","coordinates":[[108.221909,16.042259],[108.221613,16.042245]]},"properties":{"h":"residential","w":0.7}},{"type":"Feature","geometry":{"type":"LineString","coordinates":[[108.221613,16.042245],[108.221909,16.042259]]},"properties":{"h":"residential","w":0.7}},{"type":"Feature","geometry":{"type":"LineString","coordinates":[[108.221613,16.042245],[108.221665,16.04175],[108.221702,16.041655]]},"properties":{"h":"secondary","w":1.3}},{"type":"Feature","geometry":{"type":"LineString","coordinates":[[108.221613,16.042245],[108.221479,16.043428]]},"properties":{"h":"secondary","w":1.3}},{"type":"Feature","geometry":{"type":"LineString","coordinates":[[108.216109,16.063881],[108.216298,16.062924],[108.21632,16.062712],[108.216315,16.062576]]},"properties":{"h":"residential","w":0.7}},{"type":"Feature","geometry":{"type":"LineString","coordinates":[[108.216315,16.062576],[108.21592,16.062694]]},"properties":{"h":"residential","w":0.7}},{"type":"Feature","geometry":{"type":"LineString","coordinates":[[108.216315,16.062576],[108.21687,16.062408]]},"properties":{"h":"residential","w":0.7}},{"type":"Feature","geometry":{"type":"LineString","coordinates":[[108.216315,16.062576],[108.21632,16.062712],[108.216298,16.062924],[108.216109,16.063881]]},"properties":{"h":"residential","w":0.7}},{"type":"Feature","geometry":{"type":"LineString","coordinates":[[108.219547,16.052152],[108.219932,16.052058]]},"properties":{"h":"residential","w":0.7}},{"type":"Feature","geometry":{"type":"LineString","coordinates":[[108.219932,16.052058],[108.219946,16.052236]]},"properties":{"h":"residential","w":0.7}},{"type":"Feature","geometry":{"type":"LineString","coordinates":[[108.219932,16.052058],[108.219911,16.051802]]},"properties":{"h":"residential","w":0.7}},{"type":"Feature","geometry":{"type":"LineString","coordinates":[[108.219932,16.052058],[108.219547,16.052152]]},"properties":{"h":"residential","w":0.7}},{"type":"Feature","geometry":{"type":"LineString","coordinates":[[108.224788,16.028589],[108.224659,16.028483]]},"properties":{"h":"residential","w":0.7}},{"type":"Feature","geometry":{"type":"LineString","coordinates":[[108.224788,16.028589],[108.225107,16.028841]]},"properties":{"h":"residential","w":0.7}},{"type":"Feature","geometry":{"type":"LineString","coordinates":[[108.224788,16.028589],[108.224704,16.028702],[108.224506,16.028797]]},"properties":{"h":"residential","w":0.7}},{"type":"Feature","geometry":{"type":"LineString","coordinates":[[108.208842,16.047098],[108.208909,16.046975]]},"properties":{"h":"residential","w":0.7}},{"type":"Feature","geometry":{"type":"LineString","coordinates":[[108.208842,16.047098],[108.208639,16.047472]]},"properties":{"h":"residential","w":0.7}},{"type":"Feature","geometry":{"type":"LineString","coordinates":[[108.208842,16.047098],[108.20906,16.047206]]},"properties":{"h":"residential","w":0.7}},{"type":"Feature","geometry":{"type":"LineString","coordinates":[[108.2211,16.085396],[108.220979,16.085256],[108.220951,16.085183],[108.220752,16.084871]]},"properties":{"h":"residential","w":0.7}},{"type":"Feature","geometry":{"type":"LineString","coordinates":[[108.220752,16.084871],[108.220951,16.085183],[108.220979,16.085256],[108.2211,16.085396]]},"properties":{"h":"residential","w":0.7}},{"type":"Feature","geometry":{"type":"LineString","coordinates":[[108.220752,16.084871],[108.220466,16.085038]]},"properties":{"h":"primary","w":1.8}},{"type":"Feature","geometry":{"type":"LineString","coordinates":[[108.221466,16.064752],[108.221474,16.065123]]},"properties":{"h":"residential","w":0.7}},{"type":"Feature","geometry":{"type":"LineString","coordinates":[[108.221662,16.066295],[108.221606,16.065766]]},"properties":{"h":"residential","w":0.7}},{"type":"Feature","geometry":{"type":"LineString","coordinates":[[108.221662,16.066295],[108.222494,16.066222]]},"properties":{"h":"residential","w":0.7}},{"type":"Feature","geometry":{"type":"LineString","coordinates":[[108.221662,16.066295],[108.220874,16.06636]]},"properties":{"h":"residential","w":0.7}},{"type":"Feature","geometry":{"type":"LineString","coordinates":[[108.221606,16.065766],[108.221662,16.066295]]},"properties":{"h":"residential","w":0.7}},{"type":"Feature","geometry":{"type":"LineString","coordinates":[[108.220535,16.064099],[108.220489,16.063613]]},"properties":{"h":"residential","w":0.7}},{"type":"Feature","geometry":{"type":"LineString","coordinates":[[108.220535,16.064099],[108.219909,16.064157]]},"properties":{"h":"residential","w":0.7}},{"type":"Feature","geometry":{"type":"LineString","coordinates":[[108.220535,16.064099],[108.220663,16.064087]]},"properties":{"h":"residential","w":0.7}},{"type":"Feature","geometry":{"type":"LineString","coordinates":[[108.220489,16.063613],[108.220535,16.064099]]},"properties":{"h":"residential","w":0.7}},{"type":"Feature","geometry":{"type":"LineString","coordinates":[[108.232492,16.031993],[108.231973,16.031876]]},"properties":{"h":"residential","w":0.7}},{"type":"Feature","geometry":{"type":"LineString","coordinates":[[108.232492,16.031993],[108.232801,16.032063]]},"properties":{"h":"residential","w":0.7}},{"type":"Feature","geometry":{"type":"LineString","coordinates":[[108.232492,16.031993],[108.232589,16.031576],[108.232655,16.031489]]},"properties":{"h":"residential","w":0.7}},{"type":"Feature","geometry":{"type":"LineString","coordinates":[[108.207157,16.042263],[108.207625,16.042373]]},"properties":{"h":"residential","w":0.7}},{"type":"Feature","geometry":{"type":"LineString","coordinates":[[108.210957,16.04821],[108.211163,16.04853]]},"properties":{"h":"residential","w":0.7}},{"type":"Feature","geometry":{"type":"LineString","coordinates":[[108.216315,16.081716],[108.216357,16.081777]]},"properties":{"h":"residential","w":0.7}},{"type":"Feature","geometry":{"type":"LineString","coordinates":[[108.216315,16.081716],[108.215838,16.081051]]},"properties":{"h":"residential","w":0.7}},{"type":"Feature","geometry":{"type":"LineString","coordinates":[[108.216315,16.081716],[108.215786,16.081934]]},"properties":{"h":"residential","w":0.7}},{"type":"Feature","geometry":{"type":"LineString","coordinates":[[108.21862,16.050545],[108.218149,16.050547]]},"properties":{"h":"residential","w":0.7}},{"type":"Feature","geometry":{"type":"LineString","coordinates":[[108.221474,16.048139],[108.221909,16.048189]]},"properties":{"h":"residential","w":0.7}},{"type":"Feature","geometry":{"type":"LineString","coordinates":[[108.216364,16.054918],[108.216332,16.055248]]},"properties":{"h":"residential","w":0.7}},{"type":"Feature","geometry":{"type":"LineString","coordinates":[[108.219035,16.074753],[108.219284,16.074773],[108.219337,16.074667]]},"properties":{"h":"residential","w":0.7}},{"type":"Feature","geometry":{"type":"LineString","coordinates":[[108.219337,16.074667],[108.219284,16.074773],[108.219035,16.074753]]},"properties":{"h":"residential","w":0.7}},{"type":"Feature","geometry":{"type":"LineString","coordinates":[[108.219337,16.074667],[108.218025,16.074411]]},"properties":{"h":"secondary","w":1.3}},{"type":"Feature","geometry":{"type":"LineString","coordinates":[[108.219337,16.074667],[108.219938,16.074786]]},"properties":{"h":"secondary","w":1.3}},{"type":"Feature","geometry":{"type":"LineString","coordinates":[[108.215812,16.08279],[108.216074,16.082655],[108.216089,16.082611]]},"properties":{"h":"residential","w":0.7}},{"type":"Feature","geometry":{"type":"LineString","coordinates":[[108.208136,16.077131],[108.208478,16.077429]]},"properties":{"h":"primary","w":1.8}},{"type":"Feature","geometry":{"type":"LineString","coordinates":[[108.208136,16.077131],[108.208414,16.076853]]},"properties":{"h":"residential","w":0.7}},{"type":"Feature","geometry":{"type":"LineString","coordinates":[[108.21582,16.081023],[108.215838,16.081051]]},"properties":{"h":"residential","w":0.7}},{"type":"Feature","geometry":{"type":"LineString","coordinates":[[108.21582,16.081023],[108.215457,16.080338]]},"properties":{"h":"residential","w":0.7}},{"type":"Feature","geometry":{"type":"LineString","coordinates":[[108.21582,16.081023],[108.215497,16.081209],[108.215672,16.081475]]},"properties":{"h":"residential","w":0.7}},{"type":"Feature","geometry":{"type":"LineString","coordinates":[[108.221588,16.038341],[108.222013,16.038435]]},"properties":{"h":"residential","w":0.7}},{"type":"Feature","geometry":{"type":"LineString","coordinates":[[108.222013,16.038435],[108.221588,16.038341]]},"properties":{"h":"residential","w":0.7}},{"type":"Feature","geometry":{"type":"LineString","coordinates":[[108.222013,16.038435],[108.222124,16.037548]]},"properties":{"h":"secondary","w":1.3}},{"type":"Feature","geometry":{"type":"LineString","coordinates":[[108.222013,16.038435],[108.221937,16.039126]]},"properties":{"h":"secondary","w":1.3}},{"type":"Feature","geometry":{"type":"LineString","coordinates":[[108.213901,16.074263],[108.213737,16.07417],[108.213334,16.073885],[108.213175,16.073811]]},"properties":{"h":"residential","w":0.7}},{"type":"Feature","geometry":{"type":"LineString","coordinates":[[108.213175,16.073811],[108.213155,16.073854]]},"properties":{"h":"residential","w":0.7}},{"type":"Feature","geometry":{"type":"LineString","coordinates":[[108.213175,16.073811],[108.213325,16.073436]]},"properties":{"h":"residential","w":0.7}},{"type":"Feature","geometry":{"type":"LineString","coordinates":[[108.213175,16.073811],[108.213334,16.073885],[108.213737,16.07417],[108.213901,16.074263]]},"properties":{"h":"residential","w":0.7}},{"type":"Feature","geometry":{"type":"LineString","coordinates":[[108.213155,16.073854],[108.213175,16.073811]]},"properties":{"h":"residential","w":0.7}},{"type":"Feature","geometry":{"type":"LineString","coordinates":[[108.213325,16.073436],[108.213512,16.07347]]},"properties":{"h":"secondary","w":1.3}},{"type":"Feature","geometry":{"type":"LineString","coordinates":[[108.213325,16.073436],[108.213175,16.073811]]},"properties":{"h":"residential","w":0.7}},{"type":"Feature","geometry":{"type":"LineString","coordinates":[[108.213057,16.080252],[108.213732,16.081253]]},"properties":{"h":"residential","w":0.7}},{"type":"Feature","geometry":{"type":"LineString","coordinates":[[108.213057,16.080252],[108.213423,16.080047]]},"properties":{"h":"residential","w":0.7}},{"type":"Feature","geometry":{"type":"LineString","coordinates":[[108.213057,16.080252],[108.212009,16.078662]]},"properties":{"h":"residential","w":0.7}},{"type":"Feature","geometry":{"type":"LineString","coordinates":[[108.213057,16.080252],[108.212733,16.080446]]},"properties":{"h":"residential","w":0.7}},{"type":"Feature","geometry":{"type":"LineString","coordinates":[[108.220828,16.028156],[108.220819,16.028177]]},"properties":{"h":"residential","w":0.7}},{"type":"Feature","geometry":{"type":"LineString","coordinates":[[108.220828,16.028156],[108.220876,16.028042],[108.221807,16.027234]]},"properties":{"h":"residential","w":0.7}},{"type":"Feature","geometry":{"type":"LineString","coordinates":[[108.220828,16.028156],[108.220412,16.027741],[108.220335,16.027719],[108.220065,16.027938],[108.219988,16.028057],[108.219948,16.028146],[108.21987,16.028609]]},"properties":{"h":"residential","w":0.7}},{"type":"Feature","geometry":{"type":"LineString","coordinates":[[108.217072,16.079925],[108.216856,16.079864]]},"properties":{"h":"residential","w":0.7}},{"type":"Feature","geometry":{"type":"LineString","coordinates":[[108.217072,16.079925],[108.21693,16.079995]]},"properties":{"h":"residential","w":0.7}},{"type":"Feature","geometry":{"type":"LineString","coordinates":[[108.217072,16.079925],[108.217438,16.080027],[108.217673,16.080377]]},"properties":{"h":"residential","w":0.7}},{"type":"Feature","geometry":{"type":"LineString","coordinates":[[108.208065,16.046403],[108.208221,16.046153]]},"properties":{"h":"residential","w":0.7}},{"type":"Feature","geometry":{"type":"LineString","coordinates":[[108.208065,16.046403],[108.207979,16.046539]]},"properties":{"h":"residential","w":0.7}},{"type":"Feature","geometry":{"type":"LineString","coordinates":[[108.208065,16.046403],[108.208531,16.04673],[108.208659,16.046858]]},"properties":{"h":"residential","w":0.7}},{"type":"Feature","geometry":{"type":"LineString","coordinates":[[108.213802,16.044209],[108.213838,16.04395]]},"properties":{"h":"residential","w":0.7}},{"type":"Feature","geometry":{"type":"LineString","coordinates":[[108.213802,16.044209],[108.213767,16.044487]]},"properties":{"h":"residential","w":0.7}},{"type":"Feature","geometry":{"type":"LineString","coordinates":[[108.213802,16.044209],[108.214024,16.044243]]},"properties":{"h":"residential","w":0.7}},{"type":"Feature","geometry":{"type":"LineString","coordinates":[[108.215178,16.042586],[108.215289,16.042375]]},"properties":{"h":"residential","w":0.7}},{"type":"Feature","geometry":{"type":"LineString","coordinates":[[108.215178,16.042586],[108.214873,16.043139],[108.214792,16.043128],[108.214643,16.043064],[108.214226,16.043672]]},"properties":{"h":"residential","w":0.7}},{"type":"Feature","geometry":{"type":"LineString","coordinates":[[108.215178,16.042586],[108.214907,16.042442],[108.214785,16.042348]]},"properties":{"h":"residential","w":0.7}},{"type":"Feature","geometry":{"type":"LineString","coordinates":[[108.214785,16.042348],[108.214907,16.042442],[108.215178,16.042586]]},"properties":{"h":"residential","w":0.7}},{"type":"Feature","geometry":{"type":"LineString","coordinates":[[108.221217,16.083704],[108.221168,16.083294]]},"properties":{"h":"residential","w":0.7}},{"type":"Feature","geometry":{"type":"LineString","coordinates":[[108.221217,16.083704],[108.221589,16.083781]]},"properties":{"h":"residential","w":0.7}},{"type":"Feature","geometry":{"type":"LineString","coordinates":[[108.221217,16.083704],[108.220649,16.0836],[108.220554,16.083545],[108.220118,16.082781]]},"properties":{"h":"residential","w":0.7}},{"type":"Feature","geometry":{"type":"LineString","coordinates":[[108.21469,16.086511],[108.215041,16.087242]]},"properties":{"h":"primary","w":1.8}},{"type":"Feature","geometry":{"type":"LineString","coordinates":[[108.21469,16.086511],[108.215146,16.086311]]},"properties":{"h":"residential","w":0.7}},{"type":"Feature","geometry":{"type":"LineString","coordinates":[[108.221998,16.047382],[108.221909,16.048189]]},"properties":{"h":"residential","w":0.7}},{"type":"Feature","geometry":{"type":"LineString","coordinates":[[108.221998,16.047382],[108.222097,16.046494]]},"properties":{"h":"residential","w":0.7}},{"type":"Feature","geometry":{"type":"LineString","coordinates":[[108.221998,16.047382],[108.221773,16.047358]]},"properties":{"h":"residential","w":0.7}},{"type":"Feature","geometry":{"type":"LineString","coordinates":[[108.228085,16.046734],[108.227903,16.046621]]},"properties":{"h":"residential","w":0.7}},{"type":"Feature","geometry":{"type":"LineString","coordinates":[[108.228085,16.046734],[108.228146,16.046809],[108.22816,16.046896],[108.228054,16.047433],[108.227998,16.047551],[108.227612,16.048118]]},"properties":{"h":"residential","w":0.7}},{"type":"Feature","geometry":{"type":"LineString","coordinates":[[108.228085,16.046734],[108.22814,16.046629],[108.227891,16.045949]]},"properties":{"h":"residential","w":0.7}},{"type":"Feature","geometry":{"type":"LineString","coordinates":[[108.225711,16.049822],[108.224863,16.049789],[108.22379,16.049688]]},"properties":{"h":"primary","w":1.8}},{"type":"Feature","geometry":{"type":"LineString","coordinates":[[108.225711,16.049822],[108.225325,16.049755],[108.222711,16.049537],[108.221537,16.04938],[108.220509,16.049327],[108.218194,16.049041],[108.216933,16.048858],[108.21661,16.048838]]},"properties":{"h":"primary","w":1.8}},{"type":"Feature","geometry":{"type":"LineString","coordinates":[[108.213077,16.082256],[108.213106,16.08236]]},"properties":{"h":"residential","w":0.7}},{"type":"Feature","geometry":{"type":"LineString","coordinates":[[108.213077,16.082256],[108.212915,16.081689]]},"properties":{"h":"residential","w":0.7}},{"type":"Feature","geometry":{"type":"LineString","coordinates":[[108.213077,16.082256],[108.212671,16.081763]]},"properties":{"h":"residential","w":0.7}},{"type":"Feature","geometry":{"type":"LineString","coordinates":[[108.222685,16.047038],[108.22266,16.047416],[108.222464,16.049008],[108.222484,16.049253]]},"properties":{"h":"primary","w":1.8}},{"type":"Feature","geometry":{"type":"LineString","coordinates":[[108.222685,16.047038],[108.222592,16.04741],[108.222395,16.049009],[108.222228,16.051631],[108.222237,16.05195]]},"properties":{"h":"primary","w":1.8}},{"type":"Feature","geometry":{"type":"LineString","coordinates":[[108.223864,16.049333],[108.225559,16.049503],[108.226317,16.048348]]},"properties":{"h":"residential","w":0.7}},{"type":"Feature","geometry":{"type":"LineString","coordinates":[[108.223864,16.049333],[108.223855,16.049499]]},"properties":{"h":"secondary","w":1.3}},{"type":"Feature","geometry":{"type":"LineString","coordinates":[[108.223281,16.042053],[108.22322,16.042557]]},"properties":{"h":"primary","w":1.8}},{"type":"Feature","geometry":{"type":"LineString","coordinates":[[108.223281,16.042053],[108.223465,16.042278],[108.224208,16.042357]]},"properties":{"h":"tertiary","w":0.8}},{"type":"Feature","geometry":{"type":"LineString","coordinates":[[108.220722,16.04938],[108.220738,16.04922]]},"properties":{"h":"secondary","w":1.3}},{"type":"Feature","geometry":{"type":"LineString","coordinates":[[108.220722,16.04938],[108.220647,16.050155]]},"properties":{"h":"secondary","w":1.3}},{"type":"Feature","geometry":{"type":"LineString","coordinates":[[108.220722,16.04938],[108.219409,16.049235]]},"properties":{"h":"primary","w":1.8}},{"type":"Feature","geometry":{"type":"LineString","coordinates":[[108.220738,16.04922],[108.220722,16.04938]]},"properties":{"h":"secondary","w":1.3}},{"type":"Feature","geometry":{"type":"LineString","coordinates":[[108.220738,16.04922],[108.221452,16.049254]]},"properties":{"h":"primary","w":1.8}},{"type":"Feature","geometry":{"type":"LineString","coordinates":[[108.220738,16.04922],[108.22103,16.046813]]},"properties":{"h":"secondary","w":1.3}},{"type":"Feature","geometry":{"type":"LineString","coordinates":[[108.22213,16.049706],[108.222053,16.04961]]},"properties":{"h":"primary","w":1.8}},{"type":"Feature","geometry":{"type":"LineString","coordinates":[[108.222053,16.04961],[108.221984,16.049527],[108.221888,16.049467],[108.221436,16.049418]]},"properties":{"h":"primary","w":1.8}},{"type":"Feature","geometry":{"type":"LineString","coordinates":[[108.222053,16.04961],[108.222032,16.049552],[108.222031,16.04943],[108.222084,16.049319],[108.222127,16.049274]]},"properties":{"h":"primary","w":1.8}},{"type":"Feature","geometry":{"type":"LineString","coordinates":[[108.222127,16.049274],[108.22218,16.04924]]},"properties":{"h":"primary","w":1.8}},{"type":"Feature","geometry":{"type":"LineString","coordinates":[[108.22218,16.04924],[108.222261,16.049008],[108.222295,16.048649]]},"properties":{"h":"primary","w":1.8}},{"type":"Feature","geometry":{"type":"LineString","coordinates":[[108.22218,16.04924],[108.222301,16.049206],[108.222427,16.049225],[108.222484,16.049253]]},"properties":{"h":"primary","w":1.8}},{"type":"Feature","geometry":{"type":"LineString","coordinates":[[108.222484,16.049253],[108.222572,16.049341]]},"properties":{"h":"primary","w":1.8}},{"type":"Feature","geometry":{"type":"LineString","coordinates":[[108.222572,16.049341],[108.222756,16.049405],[108.223185,16.04945]]},"properties":{"h":"primary","w":1.8}},{"type":"Feature","geometry":{"type":"LineString","coordinates":[[108.222572,16.049341],[108.2226,16.049397],[108.222615,16.049518],[108.222574,16.049634]]},"properties":{"h":"primary","w":1.8}},{"type":"Feature","geometry":{"type":"LineString","coordinates":[[108.222574,16.049634],[108.222487,16.049724]]},"properties":{"h":"primary","w":1.8}},{"type":"Feature","geometry":{"type":"LineString","coordinates":[[108.222487,16.049724],[108.222415,16.049888],[108.22237,16.050422]]},"properties":{"h":"primary","w":1.8}},{"type":"Feature","geometry":{"type":"LineString","coordinates":[[108.222487,16.049724],[108.222431,16.049753],[108.222305,16.049773],[108.222242,16.049763],[108.22213,16.049706]]},"properties":{"h":"primary","w":1.8}},{"type":"Feature","geometry":{"type":"LineString","coordinates":[[108.216626,16.048713],[108.216971,16.048728],[108.218321,16.048925]]},"properties":{"h":"primary","w":1.8}},{"type":"Feature","geometry":{"type":"LineString","coordinates":[[108.216626,16.048713],[108.216944,16.048797],[108.218205,16.048977],[108.220515,16.049246],[108.221548,16.049303],[108.222723,16.049461],[108.224687,16.049638],[108.225334,16.049688],[108.22575,16.049679]]},"properties":{"h":"primary","w":1.8}},{"type":"Feature","geometry":{"type":"LineString","coordinates":[[108.21661,16.048838],[108.216322,16.048793]]},"properties":{"h":"primary","w":1.8}},{"type":"Feature","geometry":{"type":"LineString","coordinates":[[108.218291,16.049111],[108.218321,16.048925]]},"properties":{"h":"secondary","w":1.3}},{"type":"Feature","geometry":{"type":"LineString","coordinates":[[108.218291,16.049111],[108.218149,16.050547]]},"properties":{"h":"secondary","w":1.3}},{"type":"Feature","geometry":{"type":"LineString","coordinates":[[108.218291,16.049111],[108.216926,16.048919],[108.21661,16.048838]]},"properties":{"h":"primary","w":1.8}},{"type":"Feature","geometry":{"type":"LineString","coordinates":[[108.218321,16.048925],[108.218291,16.049111]]},"properties":{"h":"secondary","w":1.3}},{"type":"Feature","geometry":{"type":"LineString","coordinates":[[108.218321,16.048925],[108.219431,16.049081]]},"properties":{"h":"primary","w":1.8}},{"type":"Feature","geometry":{"type":"LineString","coordinates":[[108.223804,16.061121],[108.223803,16.060971]]},"properties":{"h":"primary","w":1.8}},{"type":"Feature","geometry":{"type":"LineString","coordinates":[[108.223804,16.061121],[108.223149,16.061101]]},"properties":{"h":"primary","w":1.8}},{"type":"Feature","geometry":{"type":"LineString","coordinates":[[108.229766,16.036783],[108.229998,16.0368]]},"properties":{"h":"residential","w":0.7}},{"type":"Feature","geometry":{"type":"LineString","coordinates":[[108.229766,16.036783],[108.229353,16.036743]]},"properties":{"h":"residential","w":0.7}},{"type":"Feature","geometry":{"type":"LineString","coordinates":[[108.229766,16.036783],[108.22968,16.036842],[108.229668,16.036915]]},"properties":{"h":"residential","w":0.7}},{"type":"Feature","geometry":{"type":"LineString","coordinates":[[108.222453,16.076411],[108.223385,16.076514]]},"properties":{"h":"residential","w":0.7}},{"type":"Feature","geometry":{"type":"LineString","coordinates":[[108.231718,16.032706],[108.229965,16.032355]]},"properties":{"h":"residential","w":0.7}},{"type":"Feature","geometry":{"type":"LineString","coordinates":[[108.231718,16.032706],[108.231797,16.032689]]},"properties":{"h":"residential","w":0.7}},{"type":"Feature","geometry":{"type":"LineString","coordinates":[[108.231797,16.032689],[108.231776,16.032751]]},"properties":{"h":"residential","w":0.7}},{"type":"Feature","geometry":{"type":"LineString","coordinates":[[108.231797,16.032689],[108.232304,16.032794]]},"properties":{"h":"residential","w":0.7}},{"type":"Feature","geometry":{"type":"LineString","coordinates":[[108.231797,16.032689],[108.231882,16.032313]]},"properties":{"h":"residential","w":0.7}},{"type":"Feature","geometry":{"type":"LineString","coordinates":[[108.215024,16.088773],[108.214959,16.088448]]},"properties":{"h":"primary","w":1.8}},{"type":"Feature","geometry":{"type":"LineString","coordinates":[[108.222961,16.044748],[108.222685,16.047038]]},"properties":{"h":"primary","w":1.8}},{"type":"Feature","geometry":{"type":"LineString","coordinates":[[108.22322,16.042557],[108.223034,16.044123]]},"properties":{"h":"primary","w":1.8}},{"type":"Feature","geometry":{"type":"LineString","coordinates":[[108.219431,16.049081],[108.219409,16.049235]]},"properties":{"h":"primary_link","w":1.0}},{"type":"Feature","geometry":{"type":"LineString","coordinates":[[108.219431,16.049081],[108.220536,16.049212],[108.220738,16.04922]]},"properties":{"h":"primary","w":1.8}},{"type":"Feature","geometry":{"type":"LineString","coordinates":[[108.219409,16.049235],[108.218291,16.049111]]},"properties":{"h":"primary","w":1.8}},{"type":"Feature","geometry":{"type":"LineString","coordinates":[[108.219409,16.049235],[108.219431,16.049081]]},"properties":{"h":"primary_link","w":1.0}},{"type":"Feature","geometry":{"type":"LineString","coordinates":[[108.214792,16.079756],[108.215122,16.079547]]},"properties":{"h":"residential","w":0.7}},{"type":"Feature","geometry":{"type":"LineString","coordinates":[[108.214792,16.079756],[108.215087,16.080198]]},"properties":{"h":"residential","w":0.7}},{"type":"Feature","geometry":{"type":"LineString","coordinates":[[108.214792,16.079756],[108.214521,16.079915],[108.2143,16.079644]]},"properties":{"h":"residential","w":0.7}},{"type":"Feature","geometry":{"type":"LineString","coordinates":[[108.215087,16.080198],[108.214792,16.079756]]},"properties":{"h":"residential","w":0.7}},{"type":"Feature","geometry":{"type":"LineString","coordinates":[[108.21406,16.079879],[108.213912,16.079966],[108.213225,16.078952]]},"properties":{"h":"residential","w":0.7}},{"type":"Feature","geometry":{"type":"LineString","coordinates":[[108.223164,16.049628],[108.223185,16.04945]]},"properties":{"h":"primary_link","w":1.0}},{"type":"Feature","geometry":{"type":"LineString","coordinates":[[108.223164,16.049628],[108.22276,16.049603],[108.222574,16.049634]]},"properties":{"h":"primary","w":1.8}},{"type":"Feature","geometry":{"type":"LineString","coordinates":[[108.223185,16.04945],[108.223164,16.049628]]},"properties":{"h":"primary_link","w":1.0}},{"type":"Feature","geometry":{"type":"LineString","coordinates":[[108.223185,16.04945],[108.223725,16.049493]]},"properties":{"h":"primary","w":1.8}},{"type":"Feature","geometry":{"type":"LineString","coordinates":[[108.221436,16.049418],[108.221452,16.049254]]},"properties":{"h":"primary_link","w":1.0}},{"type":"Feature","geometry":{"type":"LineString","coordinates":[[108.221436,16.049418],[108.220722,16.04938]]},"properties":{"h":"primary","w":1.8}},{"type":"Feature","geometry":{"type":"LineString","coordinates":[[108.221452,16.049254],[108.221436,16.049418]]},"properties":{"h":"primary_link","w":1.0}},{"type":"Feature","geometry":{"type":"LineString","coordinates":[[108.221452,16.049254],[108.221988,16.049298],[108.222127,16.049274]]},"properties":{"h":"primary","w":1.8}},{"type":"Feature","geometry":{"type":"LineString","coordinates":[[108.221105,16.02614],[108.221053,16.026179]]},"properties":{"h":"secondary","w":1.3}},{"type":"Feature","geometry":{"type":"LineString","coordinates":[[108.221105,16.02614],[108.221101,16.02608],[108.221215,16.025941]]},"properties":{"h":"secondary","w":1.3}},{"type":"Feature","geometry":{"type":"LineString","coordinates":[[108.221922,16.025394],[108.221353,16.025947]]},"properties":{"h":"secondary","w":1.3}},{"type":"Feature","geometry":{"type":"LineString","coordinates":[[108.221922,16.025394],[108.222266,16.025798]]},"properties":{"h":"tertiary","w":0.8}},{"type":"Feature","geometry":{"type":"LineString","coordinates":[[108.216412,16.03475],[108.216703,16.03487]]},"properties":{"h":"residential","w":0.7}},{"type":"Feature","geometry":{"type":"LineString","coordinates":[[108.216412,16.03475],[108.216188,16.034702],[108.215729,16.034654]]},"properties":{"h":"residential","w":0.7}},{"type":"Feature","geometry":{"type":"LineString","coordinates":[[108.216412,16.03475],[108.216527,16.034488],[108.216578,16.034157]]},"properties":{"h":"residential","w":0.7}},{"type":"Feature","geometry":{"type":"LineString","coordinates":[[108.216578,16.034157],[108.216373,16.034134]]},"properties":{"h":"residential","w":0.7}},{"type":"Feature","geometry":{"type":"LineString","coordinates":[[108.216578,16.034157],[108.216784,16.03418]]},"properties":{"h":"residential","w":0.7}},{"type":"Feature","geometry":{"type":"LineString","coordinates":[[108.216578,16.034157],[108.216527,16.034488],[108.216412,16.03475]]},"properties":{"h":"residential","w":0.7}},{"type":"Feature","geometry":{"type":"LineString","coordinates":[[108.220754,16.026031],[108.221053,16.026179]]},"properties":{"h":"trunk","w":2.2}},{"type":"Feature","geometry":{"type":"LineString","coordinates":[[108.220754,16.026031],[108.221086,16.026015],[108.221215,16.025941]]},"properties":{"h":"trunk_link","w":1.2}},{"type":"Feature","geometry":{"type":"LineString","coordinates":[[108.220709,16.026472],[108.220954,16.026264]]},"properties":{"h":"secondary","w":1.3}},{"type":"Feature","geometry":{"type":"LineString","coordinates":[[108.220709,16.026472],[108.219345,16.027729],[108.219272,16.027839],[108.21918,16.02854]]},"properties":{"h":"secondary","w":1.3}},{"type":"Feature","geometry":{"type":"LineString","coordinates":[[108.220709,16.026472],[108.220749,16.026348],[108.22074,16.026262],[108.220694,16.026127]]},"properties":{"h":"trunk_link","w":1.2}},{"type":"Feature","geometry":{"type":"LineString","coordinates":[[108.221215,16.025941],[108.221852,16.025304]]},"properties":{"h":"secondary","w":1.3}},{"type":"Feature","geometry":{"type":"LineString","coordinates":[[108.221395,16.026384],[108.221553,16.026504],[108.221839,16.026768]]},"properties":{"h":"trunk","w":2.2}},{"type":"Feature","geometry":{"type":"LineString","coordinates":[[108.221353,16.025947],[108.221164,16.026134],[108.221105,16.02614]]},"properties":{"h":"secondary","w":1.3}},{"type":"Feature","geometry":{"type":"LineString","coordinates":[[108.221353,16.025947],[108.221308,16.026118],[108.221309,16.026217],[108.221395,16.026384]]},"properties":{"h":"trunk_link","w":1.2}},{"type":"Feature","geometry":{"type":"LineString","coordinates":[[108.221936,16.030301],[108.222152,16.030306]]},"properties":{"h":"residential","w":0.7}},{"type":"Feature","geometry":{"type":"LineString","coordinates":[[108.221936,16.030301],[108.221632,16.030295],[108.221007,16.030237]]},"properties":{"h":"residential","w":0.7}},{"type":"Feature","geometry":{"type":"LineString","coordinates":[[108.221936,16.030301],[108.221944,16.030563],[108.221909,16.03078],[108.222245,16.030829]]},"properties":{"h":"residential","w":0.7}},{"type":"Feature","geometry":{"type":"LineString","coordinates":[[108.220868,16.038945],[108.220842,16.039182],[108.220762,16.039527]]},"properties":{"h":"residential","w":0.7}},{"type":"Feature","geometry":{"type":"LineString","coordinates":[[108.22103,16.046813],[108.221575,16.046872]]},"properties":{"h":"residential","w":0.7}},{"type":"Feature","geometry":{"type":"LineString","coordinates":[[108.22103,16.046813],[108.221097,16.046389]]},"properties":{"h":"secondary","w":1.3}},{"type":"Feature","geometry":{"type":"LineString","coordinates":[[108.22103,16.046813],[108.220738,16.04922]]},"properties":{"h":"secondary","w":1.3}},{"type":"Feature","geometry":{"type":"LineString","coordinates":[[108.221871,16.083399],[108.222,16.083222]]},"properties":{"h":"primary","w":1.8}},{"type":"Feature","geometry":{"type":"LineString","coordinates":[[108.221871,16.083399],[108.221673,16.083314],[108.221168,16.083294]]},"properties":{"h":"residential","w":0.7}},{"type":"Feature","geometry":{"type":"LineString","coordinates":[[108.223536,16.039697],[108.223502,16.039981]]},"properties":{"h":"primary","w":1.8}},{"type":"Feature","geometry":{"type":"LineString","coordinates":[[108.221894,16.039834],[108.221871,16.039667],[108.221937,16.039126]]},"properties":{"h":"secondary","w":1.3}},{"type":"Feature","geometry":{"type":"LineString","coordinates":[[108.221894,16.039834],[108.222571,16.039897]]},"properties":{"h":"tertiary","w":0.8}},{"type":"Feature","geometry":{"type":"LineString","coordinates":[[108.221894,16.039834],[108.221808,16.040645]]},"properties":{"h":"secondary","w":1.3}},{"type":"Feature","geometry":{"type":"LineString","coordinates":[[108.222571,16.039897],[108.223378,16.039973]]},"properties":{"h":"tertiary","w":0.8}},{"type":"Feature","geometry":{"type":"LineString","coordinates":[[108.222571,16.039897],[108.222664,16.03926]]},"properties":{"h":"residential","w":0.7}},{"type":"Feature","geometry":{"type":"LineString","coordinates":[[108.228915,16.033912],[108.228944,16.033754]]},"properties":{"h":"tertiary","w":0.8}},{"type":"Feature","geometry":{"type":"LineString","coordinates":[[108.218598,16.07534],[108.217861,16.075239]]},"properties":{"h":"residential","w":0.7}},{"type":"Feature","geometry":{"type":"LineString","coordinates":[[108.218598,16.07534],[108.219821,16.075507]]},"properties":{"h":"residential","w":0.7}},{"type":"Feature","geometry":{"type":"LineString","coordinates":[[108.218598,16.07534],[108.218645,16.075071]]},"properties":{"h":"residential","w":0.7}},{"type":"Feature","geometry":{"type":"LineString","coordinates":[[108.218645,16.075071],[108.218598,16.07534]]},"properties":{"h":"residential","w":0.7}},{"type":"Feature","geometry":{"type":"LineString","coordinates":[[108.222053,16.05363],[108.222045,16.053315]]},"properties":{"h":"primary","w":1.8}},{"type":"Feature","geometry":{"type":"LineString","coordinates":[[108.222053,16.05363],[108.221956,16.053546],[108.221882,16.053536]]},"properties":{"h":"residential","w":0.7}},{"type":"Feature","geometry":{"type":"LineString","coordinates":[[108.212822,16.056264],[108.213325,16.056206]]},"properties":{"h":"residential","w":0.7}},{"type":"Feature","geometry":{"type":"LineString","coordinates":[[108.212822,16.056264],[108.212759,16.05601],[108.212695,16.055842]]},"properties":{"h":"tertiary","w":0.8}},{"type":"Feature","geometry":{"type":"LineString","coordinates":[[108.212822,16.056264],[108.213023,16.057077]]},"properties":{"h":"tertiary","w":0.8}},{"type":"Feature","geometry":{"type":"LineString","coordinates":[[108.213325,16.056206],[108.212822,16.056264]]},"properties":{"h":"residential","w":0.7}},{"type":"Feature","geometry":{"type":"LineString","coordinates":[[108.218744,16.056399],[108.218437,16.056413]]},"properties":{"h":"residential","w":0.7}},{"type":"Feature","geometry":{"type":"LineString","coordinates":[[108.218744,16.056399],[108.218728,16.056155]]},"properties":{"h":"tertiary","w":0.8}},{"type":"Feature","geometry":{"type":"LineString","coordinates":[[108.218437,16.056413],[108.218744,16.056399]]},"properties":{"h":"residential","w":0.7}},{"type":"Feature","geometry":{"type":"LineString","coordinates":[[108.222886,16.064448],[108.222949,16.064965]]},"properties":{"h":"residential","w":0.7}},{"type":"Feature","geometry":{"type":"LineString","coordinates":[[108.222886,16.064448],[108.222874,16.064352]]},"properties":{"h":"residential","w":0.7}},{"type":"Feature","geometry":{"type":"LineString","coordinates":[[108.222886,16.064448],[108.222645,16.064474],[108.222632,16.064357]]},"properties":{"h":"residential","w":0.7}},{"type":"Feature","geometry":{"type":"LineString","coordinates":[[108.222632,16.064357],[108.222645,16.064474],[108.222886,16.064448]]},"properties":{"h":"residential","w":0.7}},{"type":"Feature","geometry":{"type":"LineString","coordinates":[[108.22523,16.037704],[108.225221,16.037792]]},"properties":{"h":"unclassified","w":0.7}},{"type":"Feature","geometry":{"type":"LineString","coordinates":[[108.22523,16.037704],[108.225185,16.037649],[108.225422,16.03576]]},"properties":{"h":"unclassified","w":0.7}},{"type":"Feature","geometry":{"type":"LineString","coordinates":[[108.233323,16.039577],[108.233373,16.039421]]},"properties":{"h":"tertiary","w":0.8}},{"type":"Feature","geometry":{"type":"LineString","coordinates":[[108.233323,16.039577],[108.233161,16.039964]]},"properties":{"h":"tertiary","w":0.8}},{"type":"Feature","geometry":{"type":"LineString","coordinates":[[108.233323,16.039577],[108.232596,16.039335]]},"properties":{"h":"tertiary","w":0.8}},{"type":"Feature","geometry":{"type":"LineString","coordinates":[[108.232631,16.039164],[108.232596,16.039335]]},"properties":{"h":"tertiary_link","w":0.6}},{"type":"Feature","geometry":{"type":"LineString","coordinates":[[108.232631,16.039164],[108.233373,16.039421]]},"properties":{"h":"tertiary","w":0.8}},{"type":"Feature","geometry":{"type":"LineString","coordinates":[[108.232631,16.039164],[108.232809,16.037614]]},"properties":{"h":"residential","w":0.7}},{"type":"Feature","geometry":{"type":"LineString","coordinates":[[108.225192,16.038042],[108.224412,16.037945]]},"properties":{"h":"tertiary","w":0.8}},{"type":"Feature","geometry":{"type":"LineString","coordinates":[[108.225192,16.038042],[108.225221,16.037792]]},"properties":{"h":"unclassified","w":0.7}},{"type":"Feature","geometry":{"type":"LineString","coordinates":[[108.218786,16.036813],[108.218617,16.038486]]},"properties":{"h":"residential","w":0.7}},{"type":"Feature","geometry":{"type":"LineString","coordinates":[[108.218786,16.036813],[108.219226,16.036923]]},"properties":{"h":"tertiary","w":0.8}},{"type":"Feature","geometry":{"type":"LineString","coordinates":[[108.218786,16.036813],[108.218193,16.036665]]},"properties":{"h":"tertiary","w":0.8}},{"type":"Feature","geometry":{"type":"LineString","coordinates":[[108.224412,16.037945],[108.223761,16.037864]]},"properties":{"h":"tertiary","w":0.8}},{"type":"Feature","geometry":{"type":"LineString","coordinates":[[108.224412,16.037945],[108.22432,16.038024],[108.224027,16.038187],[108.223693,16.038344]]},"properties":{"h":"primary_link","w":1.0}},{"type":"Feature","geometry":{"type":"LineString","coordinates":[[108.223781,16.037646],[108.223761,16.037864]]},"properties":{"h":"primary","w":1.8}},{"type":"Feature","geometry":{"type":"LineString","coordinates":[[108.223781,16.037646],[108.224427,16.037712]]},"properties":{"h":"tertiary","w":0.8}},{"type":"Feature","geometry":{"type":"LineString","coordinates":[[108.223634,16.037684],[108.223781,16.037646]]},"properties":{"h":"tertiary","w":0.8}},{"type":"Feature","geometry":{"type":"LineString","coordinates":[[108.223634,16.037684],[108.223801,16.03639]]},"properties":{"h":"primary","w":1.8}},{"type":"Feature","geometry":{"type":"LineString","coordinates":[[108.22348,16.03772],[108.223634,16.037684]]},"properties":{"h":"tertiary","w":0.8}},{"type":"Feature","geometry":{"type":"LineString","coordinates":[[108.22348,16.03772],[108.223153,16.037684]]},"properties":{"h":"tertiary","w":0.8}},{"type":"Feature","geometry":{"type":"LineString","coordinates":[[108.224211,16.047408],[108.224088,16.047383]]},"properties":{"h":"secondary_link","w":0.8}},{"type":"Feature","geometry":{"type":"LineString","coordinates":[[108.224211,16.047408],[108.223938,16.048604]]},"properties":{"h":"secondary","w":1.3}},{"type":"Feature","geometry":{"type":"LineString","coordinates":[[108.224375,16.046134],[108.224251,16.046116]]},"properties":{"h":"secondary_link","w":0.8}},{"type":"Feature","geometry":{"type":"LineString","coordinates":[[108.224375,16.046134],[108.224211,16.047408]]},"properties":{"h":"secondary","w":1.3}},{"type":"Feature","geometry":{"type":"LineString","coordinates":[[108.22447,16.045362],[108.224346,16.045346]]},"properties":{"h":"secondary_link","w":0.8}},{"type":"Feature","geometry":{"type":"LineString","coordinates":[[108.22447,16.045362],[108.224375,16.046134]]},"properties":{"h":"secondary","w":1.3}},{"type":"Feature","geometry":{"type":"LineString","coordinates":[[108.224555,16.044616],[108.224435,16.044568]]},"properties":{"h":"secondary_link","w":0.8}},{"type":"Feature","geometry":{"type":"LineString","coordinates":[[108.224555,16.044616],[108.22447,16.045362]]},"properties":{"h":"secondary","w":1.3}},{"type":"Feature","geometry":{"type":"LineString","coordinates":[[108.224653,16.043813],[108.224528,16.043798]]},"properties":{"h":"secondary_link","w":0.8}},{"type":"Feature","geometry":{"type":"LineString","coordinates":[[108.224653,16.043813],[108.224555,16.044616]]},"properties":{"h":"secondary","w":1.3}},{"type":"Feature","geometry":{"type":"LineString","coordinates":[[108.224734,16.043111],[108.224609,16.043098]]},"properties":{"h":"secondary_link","w":0.8}},{"type":"Feature","geometry":{"type":"LineString","coordinates":[[108.224734,16.043111],[108.224653,16.043813]]},"properties":{"h":"secondary","w":1.3}},{"type":"Feature","geometry":{"type":"LineString","coordinates":[[108.224705,16.042407],[108.224832,16.04242]]},"properties":{"h":"tertiary","w":0.8}},{"type":"Feature","geometry":{"type":"LineString","coordinates":[[108.224705,16.042407],[108.22479,16.041552]]},"properties":{"h":"secondary","w":1.3}},{"type":"Feature","geometry":{"type":"LineString","coordinates":[[108.224832,16.04242],[108.224816,16.042539]]},"properties":{"h":"secondary","w":1.3}},{"type":"Feature","geometry":{"type":"LineString","coordinates":[[108.223812,16.048589],[108.223938,16.048604]]},"properties":{"h":"secondary_link","w":0.8}},{"type":"Feature","geometry":{"type":"LineString","coordinates":[[108.223812,16.048589],[108.224088,16.047383]]},"properties":{"h":"secondary","w":1.3}},{"type":"Feature","geometry":{"type":"LineString","coordinates":[[108.223855,16.049499],[108.22379,16.049688]]},"properties":{"h":"primary","w":1.8}},{"type":"Feature","geometry":{"type":"LineString","coordinates":[[108.223855,16.049499],[108.225337,16.049623],[108.22575,16.049679]]},"properties":{"h":"primary","w":1.8}},{"type":"Feature","geometry":{"type":"LineString","coordinates":[[108.224816,16.042539],[108.224689,16.042527]]},"properties":{"h":"tertiary","w":0.8}},{"type":"Feature","geometry":{"type":"LineString","coordinates":[[108.224816,16.042539],[108.224734,16.043111]]},"properties":{"h":"secondary","w":1.3}},{"type":"Feature","geometry":{"type":"LineString","coordinates":[[108.22479,16.041552],[108.224915,16.041565]]},"properties":{"h":"secondary_link","w":0.8}},{"type":"Feature","geometry":{"type":"LineString","coordinates":[[108.22479,16.041552],[108.224906,16.040509]]},"properties":{"h":"secondary","w":1.3}},{"type":"Feature","geometry":{"type":"LineString","coordinates":[[108.224915,16.041565],[108.22479,16.041552]]},"properties":{"h":"secondary_link","w":0.8}},{"type":"Feature","geometry":{"type":"LineString","coordinates":[[108.224915,16.041565],[108.224832,16.04242]]},"properties":{"h":"secondary","w":1.3}},{"type":"Feature","geometry":{"type":"LineString","coordinates":[[108.224906,16.040509],[108.225031,16.040523]]},"properties":{"h":"secondary_link","w":0.8}},{"type":"Feature","geometry":{"type":"LineString","coordinates":[[108.224906,16.040509],[108.224986,16.039793]]},"properties":{"h":"secondary","w":1.3}},{"type":"Feature","geometry":{"type":"LineString","coordinates":[[108.225031,16.040523],[108.224906,16.040509]]},"properties":{"h":"secondary_link","w":0.8}},{"type":"Feature","geometry":{"type":"LineString","coordinates":[[108.225031,16.040523],[108.224915,16.041565]]},"properties":{"h":"secondary","w":1.3}},{"type":"Feature","geometry":{"type":"LineString","coordinates":[[108.224192,16.042476],[108.224208,16.042357]]},"properties":{"h":"tertiary_link","w":0.6}},{"type":"Feature","geometry":{"type":"LineString","coordinates":[[108.224192,16.042476],[108.223452,16.042407],[108.22322,16.042557]]},"properties":{"h":"tertiary","w":0.8}},{"type":"Feature","geometry":{"type":"LineString","coordinates":[[108.224208,16.042357],[108.224705,16.042407]]},"properties":{"h":"tertiary","w":0.8}},{"type":"Feature","geometry":{"type":"LineString","coordinates":[[108.224208,16.042357],[108.224192,16.042476]]},"properties":{"h":"tertiary_link","w":0.6}},{"type":"Feature","geometry":{"type":"LineString","coordinates":[[108.224689,16.042527],[108.224192,16.042476]]},"properties":{"h":"tertiary","w":0.8}},{"type":"Feature","geometry":{"type":"LineString","coordinates":[[108.224689,16.042527],[108.224705,16.042407]]},"properties":{"h":"secondary","w":1.3}},{"type":"Feature","geometry":{"type":"LineString","coordinates":[[108.225977,16.038139],[108.225909,16.038131]]},"properties":{"h":"tertiary","w":0.8}},{"type":"Feature","geometry":{"type":"LineString","coordinates":[[108.225977,16.038139],[108.225762,16.039697],[108.225674,16.039798],[108.225601,16.039833],[108.225105,16.039803]]},"properties":{"h":"tertiary","w":0.8}},{"type":"Feature","geometry":{"type":"LineString","coordinates":[[108.223557,16.039484],[108.223536,16.039697]]},"properties":{"h":"primary","w":1.8}},{"type":"Feature","geometry":{"type":"LineString","coordinates":[[108.223557,16.039484],[108.223787,16.03959],[108.224998,16.039673]]},"properties":{"h":"tertiary","w":0.8}},{"type":"Feature","geometry":{"type":"LineString","coordinates":[[108.224998,16.039673],[108.225117,16.039683]]},"properties":{"h":"tertiary","w":0.8}},{"type":"Feature","geometry":{"type":"LineString","coordinates":[[108.225117,16.039683],[108.225105,16.039803]]},"properties":{"h":"secondary","w":1.3}},{"type":"Feature","geometry":{"type":"LineString","coordinates":[[108.225117,16.039683],[108.225609,16.039715],[108.225661,16.03969],[108.225711,16.039619],[108.225909,16.038131]]},"properties":{"h":"tertiary","w":0.8}},{"type":"Feature","geometry":{"type":"LineString","coordinates":[[108.224986,16.039793],[108.224998,16.039673]]},"properties":{"h":"secondary","w":1.3}},{"type":"Feature","geometry":{"type":"LineString","coordinates":[[108.224986,16.039793],[108.223781,16.039665],[108.223536,16.039697]]},"properties":{"h":"tertiary","w":0.8}},{"type":"Feature","geometry":{"type":"LineString","coordinates":[[108.225105,16.039803],[108.224986,16.039793]]},"properties":{"h":"tertiary","w":0.8}},{"type":"Feature","geometry":{"type":"LineString","coordinates":[[108.225105,16.039803],[108.225031,16.040523]]},"properties":{"h":"secondary","w":1.3}},{"type":"Feature","geometry":{"type":"LineString","coordinates":[[108.215146,16.086311],[108.21469,16.086511]]},"properties":{"h":"residential","w":0.7}},{"type":"Feature","geometry":{"type":"LineString","coordinates":[[108.214846,16.051358],[108.214802,16.051663],[108.214984,16.051671],[108.215346,16.051817]]},"properties":{"h":"residential","w":0.7}},{"type":"Feature","geometry":{"type":"LineString","coordinates":[[108.20821,16.051364],[108.208165,16.051577]]},"properties":{"h":"residential","w":0.7}},{"type":"Feature","geometry":{"type":"LineString","coordinates":[[108.219752,16.070153],[108.218871,16.069947]]},"properties":{"h":"residential","w":0.7}},{"type":"Feature","geometry":{"type":"LineString","coordinates":[[108.219752,16.070153],[108.219831,16.069801]]},"properties":{"h":"residential","w":0.7}},{"type":"Feature","geometry":{"type":"LineString","coordinates":[[108.219752,16.070153],[108.220511,16.070318]]},"properties":{"h":"residential","w":0.7}},{"type":"Feature","geometry":{"type":"LineString","coordinates":[[108.219831,16.069801],[108.219752,16.070153]]},"properties":{"h":"residential","w":0.7}},{"type":"Feature","geometry":{"type":"LineString","coordinates":[[108.226013,16.037871],[108.225977,16.038139]]},"properties":{"h":"tertiary","w":0.8}},{"type":"Feature","geometry":{"type":"LineString","coordinates":[[108.226013,16.037871],[108.22796,16.038068]]},"properties":{"h":"tertiary","w":0.8}},{"type":"Feature","geometry":{"type":"LineString","coordinates":[[108.221575,16.046872],[108.22103,16.046813]]},"properties":{"h":"residential","w":0.7}},{"type":"Feature","geometry":{"type":"LineString","coordinates":[[108.202126,16.054352],[108.202194,16.05431],[108.203083,16.054426]]},"properties":{"h":"tertiary","w":0.8}},{"type":"Feature","geometry":{"type":"LineString","coordinates":[[108.230144,16.038895],[108.230079,16.039134],[108.230123,16.0392],[108.230338,16.039369],[108.230782,16.039657],[108.231247,16.039758],[108.232544,16.039886]]},"properties":{"h":"residential","w":0.7}},{"type":"Feature","geometry":{"type":"LineString","coordinates":[[108.221058,16.083299],[108.221168,16.083294]]},"properties":{"h":"residential","w":0.7}},{"type":"Feature","geometry":{"type":"LineString","coordinates":[[108.221168,16.083294],[108.221058,16.083299]]},"properties":{"h":"residential","w":0.7}},{"type":"Feature","geometry":{"type":"LineString","coordinates":[[108.221168,16.083294],[108.221217,16.083704]]},"properties":{"h":"residential","w":0.7}},{"type":"Feature","geometry":{"type":"LineString","coordinates":[[108.221168,16.083294],[108.221673,16.083314],[108.221871,16.083399]]},"properties":{"h":"residential","w":0.7}},{"type":"Feature","geometry":{"type":"LineString","coordinates":[[108.213879,16.070306],[108.215103,16.070542]]},"properties":{"h":"primary","w":1.8}},{"type":"Feature","geometry":{"type":"LineString","coordinates":[[108.213879,16.070306],[108.2138,16.07034],[108.213511,16.070286]]},"properties":{"h":"primary","w":1.8}},{"type":"Feature","geometry":{"type":"LineString","coordinates":[[108.213528,16.070192],[108.213511,16.070286]]},"properties":{"h":"secondary","w":1.3}},{"type":"Feature","geometry":{"type":"LineString","coordinates":[[108.213528,16.070192],[108.213814,16.070246],[108.213879,16.070306]]},"properties":{"h":"primary","w":1.8}},{"type":"Feature","geometry":{"type":"LineString","coordinates":[[108.217919,16.044193],[108.217962,16.044178],[108.217989,16.044099],[108.218089,16.043524]]},"properties":{"h":"residential","w":0.7}},{"type":"Feature","geometry":{"type":"LineString","coordinates":[[108.217919,16.044193],[108.217318,16.044131]]},"properties":{"h":"residential","w":0.7}},{"type":"Feature","geometry":{"type":"LineString","coordinates":[[108.217919,16.044193],[108.2179,16.044278],[108.217952,16.044298],[108.217964,16.044329],[108.217847,16.044941]]},"properties":{"h":"residential","w":0.7}},{"type":"Feature","geometry":{"type":"LineString","coordinates":[[108.218109,16.045973],[108.218152,16.045451]]},"properties":{"h":"residential","w":0.7}},{"type":"Feature","geometry":{"type":"LineString","coordinates":[[108.218152,16.045451],[108.217479,16.04544]]},"properties":{"h":"residential","w":0.7}},{"type":"Feature","geometry":{"type":"LineString","coordinates":[[108.218152,16.045451],[108.218109,16.045973]]},"properties":{"h":"residential","w":0.7}},{"type":"Feature","geometry":{"type":"LineString","coordinates":[[108.218152,16.045451],[108.218333,16.045454],[108.218438,16.045413]]},"properties":{"h":"residential","w":0.7}},{"type":"Feature","geometry":{"type":"LineString","coordinates":[[108.206521,16.056159],[108.206906,16.056211]]},"properties":{"h":"residential","w":0.7}},{"type":"Feature","geometry":{"type":"LineString","coordinates":[[108.206521,16.056159],[108.206595,16.05543],[108.206639,16.055379],[108.207454,16.055442]]},"properties":{"h":"residential","w":0.7}},{"type":"Feature","geometry":{"type":"LineString","coordinates":[[108.206521,16.056159],[108.205685,16.056048]]},"properties":{"h":"residential","w":0.7}},{"type":"Feature","geometry":{"type":"LineString","coordinates":[[108.215946,16.090828],[108.2151,16.090769]]},"properties":{"h":"residential","w":0.7}},{"type":"Feature","geometry":{"type":"LineString","coordinates":[[108.2151,16.090769],[108.215946,16.090828]]},"properties":{"h":"residential","w":0.7}},{"type":"Feature","geometry":{"type":"LineString","coordinates":[[108.2151,16.090769],[108.215125,16.091161],[108.215158,16.091379],[108.215225,16.091636],[108.215373,16.091972],[108.215597,16.092295],[108.215897,16.092594],[108.216127,16.092763],[108.217274,16.093334]]},"properties":{"h":"tertiary","w":0.8}},{"type":"Feature","geometry":{"type":"LineString","coordinates":[[108.217797,16.045829],[108.217423,16.045784]]},"properties":{"h":"residential","w":0.7}},{"type":"Feature","geometry":{"type":"LineString","coordinates":[[108.217423,16.045784],[108.217797,16.045829]]},"properties":{"h":"residential","w":0.7}},{"type":"Feature","geometry":{"type":"LineString","coordinates":[[108.217423,16.045784],[108.217391,16.045985]]},"properties":{"h":"residential","w":0.7}},{"type":"Feature","geometry":{"type":"LineString","coordinates":[[108.217423,16.045784],[108.217479,16.04544]]},"properties":{"h":"residential","w":0.7}},{"type":"Feature","geometry":{"type":"LineString","coordinates":[[108.217391,16.045985],[108.217423,16.045784]]},"properties":{"h":"residential","w":0.7}},{"type":"Feature","geometry":{"type":"LineString","coordinates":[[108.208209,16.056426],[108.208069,16.056319],[108.208012,16.056248],[108.207987,16.056181],[108.207986,16.056069],[108.208038,16.055924]]},"properties":{"h":"primary_link","w":1.0}},{"type":"Feature","geometry":{"type":"LineString","coordinates":[[108.208038,16.055924],[108.207661,16.056302]]},"properties":{"h":"primary","w":1.8}},{"type":"Feature","geometry":{"type":"LineString","coordinates":[[108.208038,16.055924],[108.207986,16.056069],[108.207987,16.056181],[108.208012,16.056248],[108.208069,16.056319],[108.208209,16.056426]]},"properties":{"h":"primary_link","w":1.0}},{"type":"Feature","geometry":{"type":"LineString","coordinates":[[108.208307,16.055644],[108.208553,16.055784]]},"properties":{"h":"residential","w":0.7}},{"type":"Feature","geometry":{"type":"LineString","coordinates":[[108.208307,16.055644],[108.208213,16.05576],[108.208038,16.055924]]},"properties":{"h":"primary","w":1.8}},{"type":"Feature","geometry":{"type":"LineString","coordinates":[[108.208553,16.055784],[108.208307,16.055644]]},"properties":{"h":"residential","w":0.7}}]}